campaign_id,report_date,impressions,clicks,spend_zar
CMP0029,2026-01-19,11344,116,955.54
CMP0028,2025-12-30,2222,128,3104.68
CMP0021,2026-05-09,2776,19,965.08
CMP0014,2026-05-12,13296,115,996.82
CMP0032,2025-12-05,4168,82,1459.05
CMP0004,2026-04-24,647,38,849.48
CMP0018,2026-06-20,7881,41,1893.38
CMP0018,2026-06-18,8178,8218,2775.37
CMP0026,2026-03-31,2908,47,801.97
CMP0030,2026-01-13,13067,139,1541.4
CMP0005,2026-07-10,23935,205,1513.02
CMP0008,2026-07-11,20534,208,1590.75
CMP0007,2026-01-30,9354,95,1055.38
CMP0008,2026-01-17,30629,275,1743.5
CMP0030,2026-02-13,14215,170,1482.26
CMP0030,2026-03-27,15479,182,1637.81
CMP0028,2026-05-17,1706,102,2352.25
CMP0025,2025-11-18,25842,335,2358.99
CMP0020,2025-10-06,1047,51,1277.91
CMP0030,2025-12-10,16558,196,1667.99
CMP0031,2026-04-22,16535,230,1636.79
CMP0006,2026-01-15,35257,393,2867.22
CMP0030,2026-04-26,10241,133,1214.79
CMP0019,2026-01-23,20077,234,1976.17
CMP0003,2026-08-18,6793,41,3059.15
CMP0002,2026-04-01,2807,124,2999.72
CMP0008,2026-07-07,35430,358,2378.06
CMP0001,2026-06-28,2264,37,552.57
CMP0015,2026-03-07,25886,362,2641.45
CMP0007,2026-01-09,8540,102,1226.77
CMP0016,2026-03-06,4829,157,2012.33
CMP0015,2026-04-03,32028,450,3192.15
CMP0014,2026-04-18,10227,113,812.01
CMP0018,2026-04-12,4469,27,1752.27
CMP0002,2026-04-02,2976,111,2698.2
CMP0011,2026-05-06,1953,79,1256.29
CMP0019,2025-12-05,23057,269,2008.64
CMP0015,2026-02-20,26354,359,2763.2
CMP0024,2026-03-22,7138,129,2420.65
CMP0031,2026-07-02,15418,197,1675.71
CMP0018,2026-06-02,7847,48,2265.71
CMP0029,2026-01-03,4345,61,649.71
CMP0024,2025-11-22,6067,118,2339.25
CMP0032,2026-03-28,4450,77,1333.28
CMP0022,2026-06-24,10329,140,1357.36
CMP0015,2026-05-22,37972,442,3205.54
CMP0028,2026-05-07,2613,148,3244.84
CMP0005,2026-07-14,19276,178,1563.99
CMP0029,2026-07-03,7168,97,912.06
CMP0015,2026-02-16,39515,412,3031.52
CMP0023,2026-02-09,565,27,721.21
CMP0021,2026-08-22,2806,19,948.8
CMP0016,2026-01-18,1775,84,1407.39
CMP0027,2026-04-29,5047,29,1951.9
CMP0021,2026-05-26,4734,31,1495.5
CMP0030,2026-05-19,15085,174,1714.56
CMP0027,2026-02-21,5624,32,1756.05
CMP0030,2026-03-07,12491,126,1238.59
CMP0001,2026-07-14,2290,38,718.45
CMP0012,2026-01-22,1739,79,1303.86
CMP0014,2026-04-25,11228,113,926.81
CMP0016,2026-01-03,2419,103,1395.93
CMP0033,2026-05-02,2825,66,1058.83
CMP0028,2026-01-13,2305,109,2965.04
CMP0012,2026-01-21,2157,102,1256.29
CMP0005,2026-03-08,14430,134,1092.95
CMP0008,2026-03-17,38832,346,2407.57
CMP0014,2026-01-27,12157,123,1042.17
CMP0029,2026-03-13,6346,86,938.77
CMP0030,2026-05-01,18505,186,1734.15
CMP0022,2026-05-18,8008,119,1339.34
CMP0033,2026-03-30,5529,110,1618.91
CMP0024,2026-03-24,8559,171,2988.95
CMP0024,2026-03-10,8024,155,3096.87
CMP0016,2026-01-28,2687,121,1785.59
CMP0017,2026-03-04,14041,264,3249.53
CMP0030,2026-06-19,12665,178,1766.35
CMP0024,2026-03-23,9012,164,2940.89
CMP0010,2026-05-08,1735,94,2527.7
CMP0009,2026-03-12,20601,249,1792.23
CMP0018,2026-02-16,7490,51,2692.46
CMP0004,2026-04-17,855,39,835.11
CMP0008,2026-02-22,25694,232,1731.9
CMP0027,2026-03-29,5280,29,1873.36
CMP0027,2026-05-16,6953,41,1830.81
CMP0023,2026-01-03,866,33,597.48
CMP0024,2025-12-01,7519,135,2781.88
CMP0023,2026-03-31,744,34,852.13
CMP0014,2026-07-05,11843,108,902.43
CMP0033,2026-06-26,3965,92,1367.71
CMP0019,2026-01-06,22552,287,2293.63
CMP0014,2026-04-21,18762,151,1084.98
CMP0010,2026-06-19,1729,93,2018.7
CMP0008,2026-06-29,30866,326,2272.11
CMP0022,2026-05-14,5114,90,1099.82
CMP0027,2025-12-05,5167,27,1951.14
CMP0008,2026-03-03,25879,297,2415.93
CMP0029,2026-03-16,8458,88,903.53
CMP0003,2026-08-21,5977,39,2989.84
CMP0032,2026-01-16,4028,82,1527.8
CMP0012,2026-01-11,1507,58,824.67
CMP0014,2026-06-08,15558,149,1195.81
CMP0024,2025-11-20,6489,152,3252.42
CMP0005,2026-07-12,17970,174,1338.42
CMP0011,2026-05-28,2386,87,1494.82
CMP0032,2026-02-04,3603,83,1457.52
CMP0014,2026-05-07,17031,145,1052.25
CMP0005,2026-02-08,18265,157,1315.86
CMP0030,2026-02-20,13114,186,1697.75
CMP0022,2026-07-26,4808,78,837.72
CMP0032,2026-02-25,4353,78,1557.78
CMP0020,2026-01-16,1022,55,1255.78
CMP0009,2026-03-19,16108,225,1727.37
CMP0014,2026-07-02,15623,15647,1216.45
CMP0005,2026-03-14,16423,165,1187.61
CMP0027,2026-05-15,5338,37,2466.29
CMP0005,2026-01-13,19888,19931,1526.43
CMP0003,2026-08-13,5997,37,2849.39
CMP0015,2026-04-18,26575,333,2455.14
CMP0030,2026-01-11,9019,126,1300.78
CMP0022,2026-08-24,7983,109,1338.03
CMP0028,2026-05-02,1877,95,2409.85
CMP0006,2026-02-23,52683,437,3419.99
CMP0033,2026-03-26,6337,118,1674.29
CMP0016,2026-03-22,2307,75,1288.18
CMP0030,2026-04-14,15433,166,1522.78
CMP0028,2026-06-12,2008,99,3125.35
CMP0033,2026-07-18,4292,77,1210.27
CMP0026,2026-06-04,2883,51,769.49
CMP0019,2026-02-24,19708,257,1971.38
CMP0017,2026-02-23,15498,287,3090.0
CMP0016,2026-01-21,3357,118,1749.38
CMP0032,2025-12-29,3937,84,1522.46
CMP0021,2026-08-31,4969,25,1172.02
CMP0017,2026-04-18,10728,193,2101.91
CMP0023,2026-03-25,894,31,770.05
CMP0021,2026-07-04,3546,20,1122.11
CMP0027,2026-05-03,4851,27,1860.9
CMP0016,2026-03-04,3308,121,2105.9
CMP0018,2026-06-23,8240,42,2212.82
CMP0005,2026-03-30,19569,206,1783.72
CMP0017,2026-05-26,9482,202,2632.74
CMP0021,2026-05-25,2969,21,1371.92
CMP0005,2026-06-23,22727,182,1584.16
CMP0009,2026-01-07,29597,298,2007.59
CMP0022,2026-07-10,7419,107,1377.49
CMP0028,2026-02-16,2719,109,3126.41
CMP0001,2026-02-07,1640,39,563.4
CMP0006,2026-01-14,39583,433,3128.53
CMP0014,2026-04-16,12434,143,1155.9
CMP0010,2026-04-23,1766,94,2160.07
CMP0023,2026-04-11,656,24,565.4
CMP0005,2026-03-27,21725,169,1565.38
CMP0019,2026-01-19,18539,225,1884.09
CMP0009,2026-01-26,15612,15622,1647.81
CMP0002,2026-05-22,3810,140,3159.34
CMP0020,2026-01-09,1237,74,1434.43
CMP0033,2026-05-27,4343,95,1346.71
CMP0022,2026-08-31,8248,115,1289.7
CMP0001,2026-08-09,1242,1278,478.62
CMP0031,2026-06-24,16581,209,1510.56
CMP0017,2026-04-30,14235,310,3242.11
CMP0030,2026-06-06,9424,102,1114.34
CMP0003,2026-05-26,4484,29,2555.42
CMP0025,2026-02-14,17608,247,1756.28
CMP0001,2026-05-23,986,21,544.4
CMP0004,2026-06-22,936,55,1017.46
CMP0017,2026-04-10,11161,257,2972.19
CMP0017,2026-04-04,10037,181,2235.86
CMP0026,2026-03-28,2096,38,570.87
CMP0003,2026-07-24,5799,39,3047.93
CMP0013,2026-03-03,29044,357,2890.11
CMP0024,2025-12-31,7992,159,2871.01
CMP0004,2026-04-18,531,29,708.05
CMP0028,2026-03-01,2408,102,2291.71
CMP0020,2026-01-14,1054,48,1178.47
CMP0005,2026-07-02,26274,208,1864.51
CMP0002,2026-04-17,2797,2843,2725.05
CMP0028,2026-03-15,1835,101,2384.96
CMP0021,2026-06-20,3181,20,903.66
CMP0026,2026-07-11,1536,30,535.71
CMP0002,2026-04-20,3760,130,2945.4
CMP0022,2026-04-17,7520,125,1259.53
CMP0004,2026-07-13,1615,67,952.72
CMP0016,2025-12-30,3475,125,1928.07
CMP0014,2026-05-26,16279,134,1064.97
CMP0012,2026-03-10,1774,85,1213.13
CMP0019,2026-01-20,23052,279,2053.56
CMP0027,2026-01-03,4911,31,1514.93
CMP0003,2026-05-03,3564,19,1943.61
CMP0028,2026-06-08,2553,126,3205.8
CMP0016,2026-02-24,3739,123,1731.84
CMP0010,2026-05-20,2116,99,2107.0
CMP0020,2025-12-30,1132,50,1218.63
CMP0020,2025-11-29,1042,54,902.94
CMP0023,2025-12-17,1045,49,836.6
CMP0032,2025-12-15,4186,91,1627.73
CMP0021,2026-06-12,5393,30,1184.06
CMP0020,2025-12-19,1002,60,1207.46
CMP0027,2026-03-12,6683,35,2375.84
CMP0029,2026-01-22,9606,119,1022.5
CMP0009,2026-01-19,22489,242,1789.27
CMP0021,2026-06-15,4052,26,1439.65
CMP0020,2025-12-24,1133,58,1180.92
CMP0032,2026-01-29,4816,94,1599.76
CMP0001,2026-08-10,2911,49,693.35
CMP0011,2026-01-22,1827,1838,1195.85
CMP0020,2025-11-12,810,48,1330.75
CMP0016,2026-03-24,3566,138,2152.78
CMP0029,2026-01-02,7883,106,922.58
CMP0025,2026-01-27,19526,272,2292.37
CMP0008,2026-03-04,32356,296,2121.25
CMP0028,2026-07-13,1599,95,2799.73
CMP0014,2026-05-14,15952,147,1197.56
CMP0003,2026-07-07,5156,35,2584.29
CMP0029,2026-02-12,9138,106,1041.32
CMP0011,2026-05-10,1152,44,970.52
CMP0029,2026-01-06,7691,97,1001.03
CMP0005,2026-05-30,12234,119,1113.4
CMP0025,2025-12-13,15281,204,1593.94
CMP0027,2025-12-20,5876,35,1881.4
CMP0010,2026-06-16,2457,106,2283.41
CMP0001,2026-04-27,2024,37,720.13
CMP0027,2026-05-17,4661,24,1631.85
CMP0001,2026-06-14,1365,24,590.04
CMP0007,2026-02-12,9026,97,1113.44
CMP0011,2026-05-03,1169,46,939.71
CMP0011,2026-05-04,2208,76,1537.47
CMP0021,2026-05-12,3307,21,1257.67
CMP0008,2026-03-24,29049,296,2106.66
CMP0012,2026-02-23,2191,78,1290.29
CMP0011,2026-03-12,1633,77,1543.23
CMP0029,2026-02-21,6762,78,703.66
CMP0015,2026-04-05,35800,361,2625.94
CMP0016,2025-12-04,3654,149,2192.94
CMP0001,2026-04-22,2149,44,695.14
CMP0021,2026-06-19,5893,33,1407.33
CMP0001,2026-05-09,1972,34,518.03
CMP0017,2026-01-06,14154,259,3123.97
CMP0028,2026-05-11,2796,127,2856.45
CMP0021,2026-07-28,3916,22,1269.17
CMP0011,2026-05-25,2344,83,1335.46
CMP0006,2026-04-04,30446,283,2265.25
CMP0015,2026-05-13,29985,357,2912.06
CMP0017,2026-02-27,14524,276,3232.87
CMP0029,2026-03-07,5964,78,691.71
CMP0017,2026-03-26,11864,274,3123.35
CMP0017,2026-05-03,10896,178,2026.13
CMP0025,2026-02-07,14848,202,1560.75
CMP0017,2026-04-25,12227,220,2349.06
CMP0017,2026-01-16,14253,250,3176.16
CMP0009,2026-01-20,20587,251,1726.95
CMP0031,2026-03-22,9267,131,1171.3
CMP0018,2026-06-24,8430,54,2781.82
CMP0003,2026-04-03,7144,38,2786.84
CMP0027,2026-04-24,6887,42,2488.28
CMP0029,2026-02-06,7242,94,934.25
CMP0005,2026-07-16,20212,214,1709.87
CMP0007,2026-02-28,8594,94,959.25
CMP0029,2026-01-01,8506,110,1070.13
CMP0030,2026-01-28,18052,207,1802.67
CMP0033,2026-04-11,3378,71,1013.44
CMP0032,2025-12-21,3119,74,1256.15
CMP0022,2026-05-21,5455,100,1341.41
CMP0019,2026-01-05,22954,268,1984.71
CMP0006,2026-01-20,44018,404,2786.82
CMP0003,2026-05-16,4335,27,1950.85
CMP0019,2026-02-18,22959,265,2015.91
CMP0014,2026-04-14,16938,155,1187.54
CMP0031,2026-07-05,10514,129,979.58
CMP0005,2026-01-18,15226,149,1347.23
CMP0015,2026-03-17,34836,419,3036.42
CMP0023,2026-03-17,1150,38,778.5
CMP0024,2026-03-31,9397,213,3403.42
CMP0004,2026-05-07,1223,55,994.61
CMP0010,2026-05-27,1674,89,2459.2
CMP0028,2026-02-18,2308,117,2885.51
CMP0029,2026-05-13,9230,99,948.18
CMP0027,2026-02-22,4640,26,1555.96
CMP0020,2025-10-29,1127,52,1294.34
CMP0028,2026-01-21,2541,128,3237.2
CMP0030,2026-01-19,20110,198,1668.19
CMP0025,2025-11-26,20361,271,2096.0
CMP0011,2026-01-20,1378,65,1194.47
CMP0011,2026-05-08,2244,80,1360.94
CMP0030,2026-01-26,13882,147,1609.6
CMP0015,2026-04-24,31849,385,2834.67
CMP0011,2026-03-03,1294,52,1198.71
CMP0021,2026-05-08,5626,29,1234.08
CMP0008,2026-07-17,30834,302,2167.91
CMP0021,2026-03-25,4429,31,1286.85
CMP0008,2026-02-21,26745,231,1607.29
CMP0004,2026-05-14,666,715,870.99
CMP0012,2026-01-27,1701,71,1108.94
CMP0027,2026-04-28,6417,43,2518.86
CMP0014,2026-03-10,16015,156,1148.17
CMP0012,2026-03-12,2741,95,1329.35
CMP0008,2026-04-27,40025,357,2326.92
CMP0026,2026-06-02,3105,52,763.56
CMP0029,2026-03-09,7690,109,966.52
CMP0030,2026-01-14,11943,164,1639.37
CMP0011,2026-03-04,2741,95,1536.02
CMP0005,2026-05-09,19134,163,1367.32
CMP0018,2026-02-21,7549,41,1939.28
CMP0008,2026-02-05,32646,320,2383.27
CMP0004,2026-04-22,1195,53,898.77
CMP0011,2026-04-28,1870,80,1530.66
CMP0030,2025-12-09,15856,194,1795.86
CMP0023,2025-12-20,1025,34,536.19
CMP0021,2026-07-03,5117,28,1291.57
CMP0003,2026-05-23,6365,33,2270.63
CMP0019,2026-01-13,23513,280,1983.88
CMP0006,2026-01-11,33600,267,2147.38
CMP0012,2026-01-18,1646,55,847.74
CMP0009,2026-03-13,18204,250,1915.09
CMP0001,2026-05-28,2875,58,786.68
CMP0028,2026-04-01,2072,110,2972.89
CMP0030,2026-01-04,8699,125,1079.35
CMP0010,2026-04-10,1628,91,2167.62
CMP0014,2026-07-03,14105,127,1078.14
CMP0025,2025-11-15,21644,208,1681.61
CMP0015,2026-05-06,38431,516,3373.11
CMP0005,2026-05-05,22374,238,1735.36
CMP0027,2025-12-14,3726,24,1485.24
CMP0031,2026-06-12,17224,182,1363.09
CMP0032,2026-02-23,3797,89,1610.09
CMP0008,2026-06-13,27738,292,1819.46
CMP0003,2026-07-09,7924,42,2924.84
CMP0014,2026-04-19,14016,126,914.41
CMP0014,2026-03-01,12780,134,947.49
CMP0023,2026-01-25,492,23,579.18
CMP0014,2026-01-25,9522,107,852.79
CMP0016,2026-04-03,3413,133,2080.22
CMP0017,2026-05-06,13121,287,2962.39
CMP0031,2026-04-24,21001,204,1463.49
CMP0019,2025-11-23,18008,207,1428.97
CMP0025,2026-02-18,22928,300,2102.46
CMP0019,2026-01-17,21852,223,1520.9
CMP0026,2026-07-05,1450,30,507.53
CMP0028,2026-02-06,2321,121,3103.8
CMP0001,2026-03-26,2795,46,684.87
CMP0019,2026-02-17,21182,290,2092.13
CMP0023,2026-03-18,906,34,803.3
CMP0009,2026-03-20,19122,258,1730.32
CMP0009,2026-01-27,23246,262,1826.13
CMP0022,2026-07-09,5905,107,1234.2
CMP0029,2026-06-18,6603,92,985.94
CMP0018,2026-03-29,4674,31,1837.02
CMP0033,2026-06-08,5199,105,1358.29
CMP0012,2025-12-14,1812,60,812.88
CMP0005,2026-06-12,20621,199,1789.88
CMP0024,2025-11-15,5793,128,2184.1
CMP0001,2026-06-21,1372,29,538.8
CMP0029,2026-05-06,8422,93,889.63
CMP0016,2026-04-02,3172,140,1949.06
CMP0005,2026-02-14,13621,126,1183.63
CMP0001,2026-05-29,1368,32,649.74
CMP0021,2026-08-13,3942,20,1427.17
CMP0030,2026-04-08,11669,166,1647.88
CMP0011,2026-01-08,1555,61,1333.94
CMP0025,2025-12-26,25825,343,2565.19
CMP0030,2026-04-25,9650,116,1190.12
CMP0018,2026-05-09,5620,35,1816.87
CMP0031,2026-06-17,14101,173,1520.37
CMP0028,2026-03-11,1725,100,2972.09
CMP0002,2026-05-08,4319,144,3210.73
CMP0021,2026-04-13,4260,28,1470.25
CMP0031,2026-04-01,14689,198,1616.14
CMP0014,2026-05-25,13048,127,1155.3
CMP0021,2026-07-12,4806,27,1088.97
CMP0020,2025-12-18,1521,66,1295.09
CMP0003,2026-08-28,4724,33,2778.27
CMP0005,2026-05-31,20808,168,1260.15
CMP0004,2026-06-04,1192,48,919.55
CMP0029,2026-03-28,5634,73,710.54
CMP0008,2026-01-11,27794,27838,2018.04
CMP0030,2025-12-20,14089,149,1270.05
CMP0008,2026-05-14,43789,411,2458.15
CMP0004,2026-05-20,990,45,1029.79
CMP0021,2026-07-24,5034,32,1492.19
CMP0004,2026-07-11,660,35,678.26
CMP0020,2026-01-17,837,41,870.24
CMP0013,2026-02-16,25460,332,2707.45
CMP0031,2026-04-09,15682,186,1356.12
CMP0022,2026-05-22,6708,104,1367.99
CMP0024,2025-11-29,7746,132,2521.25
CMP0022,2026-06-19,8346,115,1315.79
CMP0012,2026-03-04,1960,71,1075.54
CMP0017,2026-02-12,14271,236,3056.78
CMP0004,2026-05-10,640,31,716.01
CMP0008,2026-07-06,43632,346,2385.24
CMP0012,2026-03-22,960,46,816.03
CMP0031,2026-03-31,17823,211,1638.29
CMP0004,2026-05-05,624,31,1040.03
CMP0001,2026-08-08,2170,38,558.03
CMP0018,2026-03-21,4925,35,1649.27
CMP0005,2026-04-23,17464,183,1540.65
CMP0017,2026-03-09,11421,229,2615.91
CMP0021,2026-08-16,2216,14,880.87
CMP0006,2026-02-21,33590,368,2547.59
CMP0011,2026-02-10,1477,58,1318.09
CMP0012,2026-01-30,2178,73,1231.43
CMP0014,2026-01-18,10942,92,815.79
CMP0007,2026-01-14,7218,82,1073.86
CMP0029,2026-06-25,7830,108,1080.75
CMP0031,2026-04-12,11998,144,1183.07
CMP0030,2026-05-28,14342,177,1653.54
CMP0015,2026-03-29,33404,329,2631.5
CMP0018,2026-02-05,8979,50,2678.13
CMP0005,2026-04-14,18759,159,1461.38
CMP0003,2026-03-14,4206,28,1918.78
CMP0020,2025-10-15,1023,51,1235.96
CMP0003,2026-05-13,5030,35,2966.48
CMP0008,2026-04-24,44161,391,2591.99
CMP0030,2026-03-22,13672,137,1247.14
CMP0032,2026-02-01,3701,64,1099.23
CMP0029,2026-04-01,7482,103,904.15
CMP0029,2026-01-23,10489,103,902.38
CMP0033,2026-04-27,5834,99,1425.61
CMP0028,2026-03-22,1595,83,2059.49
CMP0030,2025-12-12,15505,189,1733.88
CMP0007,2026-02-11,6422,88,1077.75
CMP0030,2026-04-03,14577,151,1419.74
CMP0018,2026-06-21,9191,49,2035.29
CMP0023,2026-02-19,693,29,745.09
CMP0030,2026-05-07,15169,170,1708.02
CMP0003,2026-06-27,6768,42,2342.52
CMP0011,2026-01-11,1186,56,1154.77
CMP0022,2026-04-12,3459,64,838.77
CMP0023,2025-12-16,1286,43,706.54
CMP0014,2026-03-27,13603,148,1247.25
CMP0024,2025-12-09,7770,130,2819.42
CMP0033,2026-03-31,5000,92,1358.38
CMP0029,2026-06-27,6966,78,803.16
CMP0017,2026-03-14,11218,191,2066.75
CMP0026,2026-06-14,2440,40,503.68
CMP0024,2025-12-19,9154,162,2641.9
CMP0028,2026-03-31,1769,95,2568.31
CMP0009,2025-12-18,21671,241,1873.18
CMP0003,2026-07-15,5760,39,2876.81
CMP0023,2026-03-10,1141,43,824.56
CMP0018,2026-05-21,8367,59,2610.53
CMP0004,2026-06-03,1017,45,1048.75
CMP0032,2025-12-30,5014,84,1594.96
CMP0009,2026-01-29,24392,266,1711.78
CMP0026,2026-05-20,2372,50,823.65
CMP0023,2026-04-03,1240,46,884.56
CMP0028,2026-01-01,2168,98,2532.05
CMP0010,2026-06-14,1151,65,1870.02
CMP0009,2026-02-19,24065,239,1693.42
CMP0011,2026-02-21,1543,65,1126.86
CMP0033,2026-03-23,5380,112,1600.94
CMP0030,2026-04-28,13081,154,1426.27
CMP0022,2026-06-09,7807,115,1390.21
CMP0005,2026-04-01,20771,176,1513.22
CMP0014,2026-03-07,10442,113,855.6
CMP0028,2025-12-23,1864,109,2773.36
CMP0017,2026-05-08,14706,245,3128.36
CMP0032,2025-11-18,4130,87,1452.4
CMP0012,2026-02-09,1855,64,1073.28
CMP0023,2025-12-18,1313,45,770.07
CMP0025,2026-01-13,24307,247,2239.39
CMP0030,2025-12-15,16761,174,1448.94
CMP0008,2026-03-28,25571,25615,2013.34
CMP0009,2025-12-28,19516,224,1543.5
CMP0011,2026-03-20,1507,59,1207.58
CMP0030,2026-01-02,14468,180,1735.17
CMP0019,2025-12-31,20942,283,2247.07
CMP0003,2026-06-23,5012,35,2669.41
CMP0030,2025-12-21,10021,128,1206.15
CMP0005,2026-01-20,19850,182,1536.1
CMP0019,2025-11-30,19970,216,1585.89
CMP0003,2026-08-25,7898,47,2941.37
CMP0004,2026-06-30,1043,46,921.66
CMP0030,2026-05-25,18427,184,1720.5
CMP0031,2026-06-18,14734,157,1431.05
CMP0009,2025-12-21,14997,188,1392.67
CMP0012,2025-12-15,1689,55,1031.12
CMP0024,2026-02-06,7741,176,3091.72
CMP0021,2026-08-21,5173,28,1327.5
CMP0028,2026-01-24,2045,91,2206.33
CMP0027,2026-01-11,5289,26,1701.28
CMP0005,2026-01-12,23618,233,1818.3
CMP0030,2026-01-29,16651,180,1547.71
CMP0005,2026-03-07,18526,160,1388.53
CMP0015,2026-02-11,31132,419,3127.35
CMP0028,2026-04-25,1685,70,1908.75
CMP0012,2026-01-23,1922,79,1193.86
CMP0019,2026-03-16,31313,334,2324.32
CMP0026,2026-05-12,2316,55,812.47
CMP0024,2026-02-16,9320,159,2871.33
CMP0029,2026-07-09,9758,105,1016.65
CMP0024,2026-01-23,9160,172,3357.95
CMP0022,2026-06-04,5809,107,1177.72
CMP0028,2026-07-04,1932,91,2269.34
CMP0024,2026-01-28,6632,145,2974.9
CMP0020,2025-11-28,1121,65,1435.15
CMP0023,2026-01-19,1344,48,783.66
CMP0001,2026-07-09,2053,43,642.0
CMP0001,2026-06-15,1876,44,686.39
CMP0001,2026-03-23,2033,42,705.92
CMP0005,2026-03-17,17592,192,1649.02
CMP0023,2026-01-04,686,29,620.86
CMP0005,2026-04-28,20460,218,1834.51
CMP0001,2026-05-01,2580,44,653.43
CMP0021,2026-04-30,3198,23,1285.3
CMP0028,2026-04-06,2543,121,3253.91
CMP0023,2026-02-12,725,31,864.43
CMP0007,2026-02-15,7576,84,888.72
CMP0022,2026-07-25,4782,84,983.02
CMP0010,2026-06-22,1492,87,2012.12
CMP0025,2026-02-02,27675,303,2410.78
CMP0014,2026-02-22,15943,124,945.81
CMP0008,2026-01-31,24250,259,1841.58
CMP0017,2026-04-21,9787,228,2713.7
CMP0001,2026-04-19,2219,47,548.39
CMP0015,2026-05-08,38279,385,2788.4
CMP0033,2026-06-29,4142,94,1344.22
CMP0005,2026-04-12,19473,154,1246.7
CMP0017,2026-02-11,12137,273,3058.95
CMP0022,2026-07-04,5605,105,1023.19
CMP0013,2026-03-16,29221,352,2908.13
CMP0030,2026-02-07,9773,106,1059.05
CMP0018,2026-06-08,8444,53,2565.83
CMP0005,2026-02-16,20225,221,1715.03
CMP0029,2026-04-26,5113,72,765.75
CMP0033,2026-07-22,4539,93,1390.74
CMP0014,2026-03-09,15376,170,1236.58
CMP0012,2025-11-16,1462,63,923.64
CMP0027,2026-03-15,3675,26,1597.29
CMP0005,2026-07-07,20175,210,1592.43
CMP0001,2026-07-15,1939,33,691.88
CMP0011,2026-05-12,2096,70,1505.81
CMP0030,2026-04-18,11675,145,1363.44
CMP0023,2025-11-21,1414,53,894.83
CMP0018,2026-05-17,5631,38,1731.85
CMP0030,2026-05-06,12344,163,1553.43
CMP0025,2025-12-23,26160,336,2493.15
CMP0033,2026-07-10,4568,107,1564.22
CMP0031,2026-07-11,11897,164,1231.01
CMP0020,2025-12-06,788,46,952.1
CMP0011,2026-03-14,1444,62,1151.34
CMP0018,2026-06-10,8337,52,2357.52
CMP0007,2026-02-13,8307,119,1194.72
CMP0015,2026-05-05,41580,505,3381.75
CMP0010,2026-06-05,1940,101,2546.37
CMP0028,2026-07-05,1435,74,1939.31
CMP0019,2026-03-05,22314,306,2285.44
CMP0001,2026-02-05,2157,50,807.2
CMP0008,2026-03-07,31289,270,1811.67
CMP0019,2026-03-07,14197,196,1450.2
CMP0020,2026-01-15,1110,55,1295.65
CMP0018,2026-03-20,7801,45,2212.91
CMP0014,2026-05-21,17241,153,1181.25
CMP0024,2026-01-27,6571,141,2808.32
CMP0033,2026-04-20,4639,98,1658.04
CMP0030,2025-12-13,10250,106,1060.82
CMP0016,2026-03-18,3066,136,1999.67
CMP0008,2026-07-16,30734,335,2296.58
CMP0023,2026-01-15,931,39,798.44
CMP0033,2026-07-20,5679,99,1341.69
CMP0001,2026-03-12,2450,41,799.14
CMP0023,2026-01-02,1050,35,776.48
CMP0009,2026-01-02,23223,282,1977.2
CMP0027,2026-04-13,5522,34,2289.56
CMP0025,2026-01-07,21767,257,2080.24
CMP0004,2026-08-10,721,40,853.08
CMP0004,2026-08-02,927,44,787.16
CMP0021,2026-08-25,4297,28,1259.26
CMP0011,2026-02-09,1515,65,1499.16
CMP0012,2025-12-05,2321,93,1058.06
CMP0025,2025-11-23,19073,247,1848.3
CMP0006,2026-02-11,40830,402,3050.74
CMP0001,2026-06-30,2516,51,670.15
CMP0023,2026-02-04,576,27,734.24
CMP0021,2026-07-10,5471,29,1389.02
CMP0028,2026-07-23,2957,123,3077.89
CMP0003,2026-06-29,8091,41,2653.08
CMP0024,2025-11-27,7015,149,3101.22
CMP0018,2026-05-04,10013,52,2582.4
CMP0021,2026-05-05,6956,35,1371.91
CMP0008,2026-05-17,23962,267,1987.37
CMP0030,2026-05-03,13378,142,1353.97
CMP0014,2026-03-26,15005,123,1034.93
CMP0023,2026-03-05,969,40,893.87
CMP0018,2026-03-23,9667,54,2487.17
CMP0014,2026-04-30,13266,128,1018.92
CMP0001,2026-04-14,2840,52,713.02
CMP0026,2026-04-26,1887,33,503.38
CMP0001,2026-04-04,1548,33,492.14
CMP0009,2026-01-05,19998,275,1851.31
CMP0032,2026-01-24,2937,58,1125.35
CMP0005,2026-01-29,21527,179,1539.24
CMP0024,2025-11-12,5918,138,2788.47
CMP0009,2026-02-18,18487,260,2012.9
CMP0014,2026-06-02,17391,194,1212.79
CMP0028,2026-06-13,1667,81,1978.33
CMP0024,2025-11-08,7420,159,2425.28
CMP0029,2026-07-08,8163,93,1073.88
CMP0029,2026-05-10,7934,83,651.3
CMP0021,2026-07-01,4761,25,1436.36
CMP0031,2026-08-05,12625,156,1502.71
CMP0008,2026-01-23,29051,310,2133.03
CMP0018,2026-06-15,11889,58,2689.12
CMP0014,2026-02-09,14442,160,1238.76
CMP0026,2026-06-06,1715,33,492.14
CMP0028,2026-01-11,1885,98,2416.82
CMP0013,2026-03-15,26400,275,2377.03
CMP0007,2026-02-07,8213,84,875.48
CMP0005,2026-04-22,25764,223,1807.64
CMP0021,2026-05-11,4918,24,1244.4
CMP0032,2025-11-11,3989,80,1437.81
CMP0024,2025-12-27,5087,121,2104.32
CMP0030,2025-12-25,16776,189,1783.67
CMP0006,2026-02-22,45260,358,2584.26
CMP0001,2026-02-12,2350,38,735.33
CMP0014,2026-05-01,14201,147,1145.46
CMP0011,2026-02-01,1960,1970,1021.74
CMP0005,2026-03-01,18269,146,1201.29
CMP0026,2026-07-13,1735,36,788.17
CMP0022,2026-06-07,5989,84,961.21
CMP0032,2025-12-04,4238,73,1425.54
CMP0005,2026-05-03,21131,21167,1294.0
CMP0021,2026-08-24,2604,17,1196.68
CMP0031,2026-06-27,11585,151,1128.67
CMP0031,2026-06-29,13982,179,1443.78
CMP0005,2026-04-05,13815,115,1161.49
CMP0027,2026-05-28,5135,34,2133.46
CMP0004,2026-05-06,790,46,923.29
CMP0023,2026-04-09,1002,41,724.57
CMP0013,2026-02-26,31559,364,3157.36
CMP0003,2026-08-11,5181,33,2810.24
CMP0003,2026-04-12,4012,28,1870.85
CMP0003,2026-06-12,6552,43,2557.83
CMP0027,2026-05-01,6866,37,2240.97
CMP0030,2026-04-02,14305,155,1511.47
CMP0012,2026-03-06,2269,86,1306.52
CMP0020,2025-12-28,924,51,1109.63
CMP0011,2026-04-12,990,42,1099.48
CMP0008,2026-05-24,20414,206,1603.48
CMP0011,2026-05-15,1956,78,1283.27
CMP0023,2025-12-29,1375,50,897.85
CMP0018,2026-04-04,7494,41,1905.49
CMP0028,2026-05-03,2091,97,2114.42
CMP0030,2026-02-02,16677,161,1709.44
CMP0031,2026-03-23,17348,182,1507.3
CMP0019,2026-03-21,25016,242,1633.15
CMP0027,2026-04-18,4530,28,1812.79
CMP0006,2026-02-09,47140,399,2987.88
CMP0032,2026-03-21,2972,56,1070.63
CMP0004,2026-06-28,562,31,681.42
CMP0009,2026-01-04,19363,191,1422.49
CMP0030,2026-02-19,12087,163,1438.35
CMP0005,2026-05-12,14755,164,1512.7
CMP0017,2026-01-29,13250,245,2843.87
CMP0008,2026-04-05,28179,28208,1837.43
CMP0031,2026-07-24,14727,194,1549.57
CMP0030,2025-12-17,13727,177,1552.79
CMP0032,2025-11-09,2783,61,1142.48
CMP0004,2026-05-13,1184,55,1049.6
CMP0001,2026-03-03,1908,42,659.12
CMP0008,2026-02-11,31159,337,2511.43
CMP0028,2026-07-07,2605,128,3200.62
CMP0031,2026-03-18,14309,168,1349.58
CMP0033,2026-05-08,4457,94,1398.94
CMP0029,2026-07-07,8774,101,908.81
CMP0014,2026-02-08,11050,109,778.45
CMP0033,2026-06-22,5327,109,1643.54
CMP0022,2026-06-21,4956,77,1042.01
CMP0019,2026-01-22,26888,293,2089.54
CMP0004,2026-06-16,1239,54,960.88
CMP0023,2026-03-19,1251,47,882.97
CMP0017,2026-04-19,7454,170,2066.44
CMP0031,2026-08-01,9517,124,994.03
CMP0012,2025-12-11,1927,85,1233.71
CMP0022,2026-04-30,7385,101,1356.84
CMP0028,2026-03-25,2417,102,2537.98
CMP0010,2026-05-16,1456,86,1746.77
CMP0022,2026-08-08,6594,88,999.4
CMP0026,2026-06-27,1597,32,580.78
CMP0020,2025-11-21,1198,64,1355.58
CMP0001,2026-07-03,2178,43,739.76
CMP0026,2026-07-18,2071,35,544.49
CMP0027,2026-03-09,3945,27,2136.09
CMP0005,2026-05-18,27039,238,1798.21
CMP0013,2026-01-25,21601,214,1998.6
CMP0006,2026-01-27,58348,455,3273.04
CMP0020,2025-11-09,806,35,869.47
CMP0016,2026-01-16,3747,135,2046.33
CMP0003,2026-06-25,4776,34,2721.78
CMP0030,2026-01-16,14207,198,1585.58
CMP0010,2026-06-01,2628,114,2479.78
CMP0006,2026-03-02,33617,371,2754.87
CMP0032,2026-04-01,5996,109,1701.73
CMP0029,2026-05-29,6030,83,922.89
CMP0020,2025-11-22,1277,52,999.29
CMP0028,2026-04-23,2011,106,2733.13
CMP0032,2025-11-02,3688,61,1311.8
CMP0032,2026-02-07,2437,57,1040.64
CMP0021,2026-08-30,4261,24,1099.72
CMP0021,2026-05-31,4988,30,1015.92
CMP0028,2026-01-10,1513,82,2154.87
CMP0024,2026-03-08,6981,126,2413.67
CMP0027,2026-04-07,6583,41,2399.24
CMP0026,2026-03-02,1630,36,719.89
CMP0017,2026-03-01,8910,190,2254.51
CMP0021,2026-06-22,4042,22,1418.83
CMP0014,2026-01-21,15818,157,1201.14
CMP0033,2026-04-17,6049,98,1343.42
CMP0017,2026-02-07,11060,194,2322.51
CMP0012,2026-01-06,2415,95,1264.72
CMP0033,2026-03-19,4230,73,1336.46
CMP0004,2026-07-31,1185,54,1001.96
CMP0021,2026-07-15,4533,23,1305.27
CMP0003,2026-08-26,5982,35,3030.27
CMP0006,2026-01-24,28962,287,2185.2
CMP0016,2025-12-24,3007,135,1793.27
CMP0028,2026-06-09,2910,142,3223.47
CMP0016,2025-12-17,3848,135,2018.08
CMP0003,2026-06-07,6268,34,2181.82
CMP0028,2026-03-20,2338,103,2783.71
CMP0011,2026-03-13,1615,76,1352.82
CMP0019,2026-01-27,24883,350,2341.0
CMP0031,2026-07-08,15517,190,1614.82
CMP0009,2026-02-27,21526,295,1986.92
CMP0032,2026-02-27,4714,104,1750.59
CMP0029,2026-01-13,8237,100,938.22
CMP0023,2026-02-24,1051,44,731.32
CMP0026,2026-05-31,1469,34,544.05
CMP0003,2026-07-29,7831,39,3086.59
CMP0031,2026-06-10,15023,190,1370.3
CMP0021,2026-06-23,5250,32,1492.09
CMP0022,2026-07-08,7728,114,1189.82
CMP0022,2026-06-17,7824,118,1331.4
CMP0026,2026-03-04,1962,35,655.89
CMP0011,2026-01-01,1770,67,1457.56
CMP0001,2026-05-12,1767,33,727.9
CMP0028,2026-07-21,1759,105,2681.32
CMP0008,2026-06-12,37669,340,2502.45
CMP0023,2026-01-31,756,28,642.09
CMP0003,2026-07-14,7543,38,2594.91
CMP0024,2026-01-08,9270,154,3078.99
CMP0011,2025-12-24,1549,67,1331.31
CMP0028,2026-03-10,2589,111,2896.81
CMP0009,2026-03-17,17477,218,1739.05
CMP0020,2026-01-05,1102,62,1266.52
CMP0028,2026-04-21,2307,96,2635.68
CMP0019,2025-11-27,23654,323,2229.43
CMP0010,2026-04-29,2344,108,2427.81
CMP0029,2026-06-09,10165,117,1025.53
CMP0026,2026-03-23,1777,31,671.34
CMP0018,2026-04-14,9447,66,2766.43
CMP0029,2026-02-02,7233,99,1021.95
CMP0018,2026-05-23,7202,41,1675.86
CMP0017,2026-01-23,15254,261,3164.07
CMP0030,2025-12-18,15895,182,1651.81
CMP0016,2026-01-19,3284,116,1740.42
CMP0024,2026-02-20,7493,139,2654.07
CMP0031,2026-08-06,13734,192,1399.0
CMP0005,2026-05-01,17165,196,1534.41
CMP0028,2026-05-08,1803,82,2664.8
CMP0003,2026-08-08,5792,33,2355.46
CMP0005,2026-06-13,14106,141,1215.47
CMP0016,2026-01-15,3507,147,2047.13
CMP0013,2026-03-11,26722,279,2492.86
CMP0031,2026-03-20,15940,196,1456.07
CMP0033,2026-06-05,6226,108,1462.58
CMP0003,2026-08-22,5144,33,2030.36
CMP0016,2025-12-23,2764,127,1788.63
CMP0028,2026-04-17,2385,125,2918.35
CMP0018,2026-02-06,7841,49,2266.96
CMP0023,2026-02-23,1070,40,760.71
CMP0003,2026-08-20,4677,28,2742.38
CMP0024,2025-12-22,9272,179,2877.46
CMP0016,2026-01-31,1755,83,1376.86
CMP0019,2026-03-03,24585,285,2034.51
CMP0031,2026-06-21,11834,145,1099.55
CMP0011,2025-12-29,1936,67,1452.91
CMP0029,2026-06-26,8436,101,917.82
CMP0029,2026-06-19,7002,100,1030.32
CMP0033,2026-04-09,4196,91,1489.02
CMP0031,2026-05-21,13113,177,1391.36
CMP0021,2026-04-15,3771,19,1380.87
CMP0030,2026-01-08,15122,187,1626.59
CMP0027,2025-12-07,4556,25,1646.38
CMP0002,2026-04-19,2486,98,2215.73
CMP0029,2026-01-10,5635,81,649.78
CMP0027,2026-01-14,9481,51,2493.93
CMP0022,2026-08-14,7122,105,1283.15
CMP0028,2026-02-11,2048,104,2742.74
CMP0030,2026-04-04,13371,147,1285.07
CMP0030,2026-03-29,12585,139,1330.73
CMP0030,2026-05-11,15740,166,1506.76
CMP0011,2026-04-04,1162,47,907.34
CMP0011,2026-01-31,2016,68,1102.83
CMP0022,2026-08-02,4144,71,845.96
CMP0026,2026-04-10,2350,48,708.61
CMP0005,2026-01-23,24914,239,1825.96
CMP0014,2026-06-19,20049,157,1155.22
CMP0016,2026-02-07,3012,108,1384.57
CMP0022,2026-07-07,6717,118,1164.31
CMP0023,2026-03-03,1207,46,902.53
CMP0033,2026-06-27,2524,57,1105.88
CMP0026,2026-03-09,2995,57,753.63
CMP0031,2026-06-07,12388,131,1003.71
CMP0015,2026-02-19,33559,33570,3104.67
CMP0024,2026-01-14,5801,133,2930.54
CMP0031,2026-05-16,12696,166,1221.49
CMP0014,2026-02-11,13914,135,1151.6
CMP0010,2026-05-26,2515,103,2326.64
CMP0014,2026-03-20,16244,137,1214.49
CMP0022,2026-05-24,5582,94,996.63
CMP0008,2026-03-22,29364,260,2001.2
CMP0003,2026-08-06,7460,43,3021.65
CMP0017,2025-12-30,14435,239,2945.98
CMP0008,2026-06-28,30968,239,1747.59
CMP0023,2026-04-12,986,39,531.53
CMP0007,2026-01-22,10336,107,1053.47
CMP0032,2026-03-24,4098,91,1564.71
CMP0007,2026-01-27,8316,91,1073.19
CMP0003,2026-08-04,5803,33,2689.52
CMP0017,2026-03-15,14039,240,2345.58
CMP0022,2026-07-18,6319,87,1028.46
CMP0012,2026-03-24,1931,87,1259.42
CMP0008,2026-06-09,35116,289,2236.03
CMP0031,2026-06-22,16275,204,1463.43
CMP0014,2026-06-25,10969,118,1088.24
CMP0021,2026-05-07,5654,40,1495.48
CMP0006,2026-03-09,58960,468,3370.7
CMP0012,2026-02-18,1831,69,1070.44
CMP0030,2026-03-14,9199,101,1105.84
CMP0020,2025-10-07,1273,1311,1328.07
CMP0025,2025-11-29,17545,250,1893.4
CMP0014,2026-04-12,11498,119,947.27
CMP0005,2026-04-09,23125,186,1622.1
CMP0031,2026-03-27,17070,244,1620.08
CMP0029,2026-05-30,7700,76,825.45
CMP0026,2026-05-06,2677,47,759.41
CMP0011,2026-01-25,1051,46,965.5
CMP0004,2026-05-09,929,39,792.85
CMP0027,2026-05-27,7733,38,2295.16
CMP0024,2025-11-24,8914,173,3106.13
CMP0002,2026-04-26,3691,120,2435.4
CMP0033,2026-06-09,6642,126,1633.42
CMP0011,2026-01-23,1284,60,1461.03
CMP0027,2026-05-09,4187,21,1535.34
CMP0031,2026-05-12,18182,233,1542.88
CMP0017,2026-02-01,9361,189,2197.46
CMP0010,2026-04-12,1884,85,1891.39
CMP0028,2026-06-30,2314,100,2611.18
CMP0005,2026-07-05,14468,115,1144.32
CMP0004,2026-05-31,572,30,794.43
CMP0028,2026-05-14,2981,123,3152.11
CMP0028,2026-06-18,2773,126,3111.04
CMP0023,2026-02-06,1313,48,888.68
CMP0012,2025-12-22,2313,98,1302.1
CMP0030,2026-06-20,10002,125,1133.98
CMP0014,2026-02-07,10762,114,943.05
CMP0032,2025-12-03,5600,98,1732.34
CMP0021,2026-08-03,3320,21,1446.99
CMP0029,2026-04-21,7090,93,1070.95
CMP0025,2026-01-02,29747,306,2489.23
CMP0025,2026-01-12,21007,275,2265.28
CMP0014,2026-05-09,14962,115,932.08
CMP0031,2026-05-04,15728,179,1378.46
CMP0010,2026-04-21,2078,90,2170.03
CMP0002,2026-05-20,2549,119,2643.57
CMP0033,2026-05-07,5203,102,1372.67
CMP0012,2025-11-15,1004,47,926.96
CMP0027,2026-01-08,7380,39,2441.58
CMP0001,2026-02-03,2785,49,721.07
CMP0005,2026-06-18,23976,219,1776.04
CMP0030,2026-05-22,11262,135,1544.82
CMP0031,2026-07-25,11865,145,1209.44
CMP0019,2025-12-20,16804,208,1560.76
CMP0024,2026-02-24,9278,190,3189.54
CMP0005,2026-02-20,18194,179,1455.77
CMP0005,2026-06-01,22802,230,1817.33
CMP0017,2026-04-27,9618,228,2867.19
CMP0001,2026-08-05,1807,33,645.94
CMP0017,2026-02-10,11823,257,2974.8
CMP0014,2026-05-20,18858,154,1126.76
CMP0014,2026-03-28,10520,109,902.47
CMP0016,2026-02-14,3142,106,1449.06
CMP0030,2026-03-26,17130,185,1805.01
CMP0016,2026-02-28,2751,109,1502.38
CMP0009,2026-01-08,22619,288,1942.75
CMP0006,2026-01-21,36996,379,2753.97
CMP0014,2026-02-26,14058,127,1006.9
CMP0027,2026-05-20,5279,34,2277.63
CMP0020,2025-12-22,769,46,1157.61
CMP0029,2026-07-11,7700,85,711.9
CMP0004,2026-06-17,1107,46,848.66
CMP0023,2026-03-12,940,40,862.89
CMP0029,2026-01-26,9420,108,910.89
CMP0031,2026-07-18,14624,146,1204.67
CMP0033,2026-04-07,6631,112,1592.02
CMP0005,2026-02-04,19899,205,1647.03
CMP0031,2026-08-07,16244,207,1524.23
CMP0024,2026-03-12,6671,132,2690.52
CMP0029,2025-12-29,8954,121,1091.09
CMP0015,2026-03-27,36571,369,2799.99
CMP0026,2026-06-28,2321,44,588.19
CMP0032,2026-02-17,4893,100,1756.53
CMP0028,2026-05-23,1630,93,2055.43
CMP0013,2026-02-13,24266,331,2651.83
CMP0022,2026-06-18,6042,108,1194.8
CMP0003,2026-08-19,6772,37,2768.12
CMP0024,2025-12-11,7653,156,2910.3
CMP0009,2026-01-17,19745,193,1254.58
CMP0031,2026-08-27,19045,187,1608.16
CMP0012,2026-03-25,1800,78,1193.21
CMP0018,2026-02-13,7720,54,2214.64
CMP0024,2025-12-05,10525,172,3238.75
CMP0030,2026-04-06,15899,186,1493.21
CMP0029,2026-06-20,6807,70,747.63
CMP0030,2026-06-09,13139,152,1483.78
CMP0012,2026-01-24,1544,52,771.14
CMP0025,2026-01-15,23988,237,2107.67
CMP0030,2026-01-06,15240,151,1560.0
CMP0001,2026-03-11,2940,51,752.12
CMP0031,2026-07-29,18653,185,1464.46
CMP0027,2026-05-06,4324,30,2266.74
CMP0029,2026-05-20,8511,106,953.67
CMP0018,2026-05-13,7274,50,2326.05
CMP0033,2026-04-02,5498,121,1665.77
CMP0028,2026-02-15,2029,96,2207.71
CMP0005,2026-04-19,15829,159,1137.09
CMP0028,2026-01-12,2869,128,3110.17
CMP0027,2026-02-16,7266,36,2211.7
CMP0001,2026-02-23,2655,49,641.51
CMP0018,2026-06-19,10372,50,2298.76
CMP0028,2026-06-28,1674,84,1891.16
CMP0016,2026-03-03,3862,133,2065.63
CMP0011,2026-03-26,1751,74,1219.73
CMP0022,2026-08-21,9402,125,1373.13
CMP0016,2026-03-20,3254,135,2101.76
CMP0032,2026-03-07,2783,60,1108.73
CMP0014,2026-03-19,17240,140,1165.61
CMP0004,2026-08-09,646,33,726.48
CMP0001,2026-08-12,1924,44,790.12
CMP0017,2026-03-13,11408,213,2643.45
CMP0028,2026-05-19,1627,91,2853.1
CMP0030,2026-03-06,16099,181,1555.05
CMP0033,2026-04-16,5879,104,1530.56
CMP0014,2026-01-22,17175,145,1029.9
CMP0030,2026-01-31,12828,162,1343.28
CMP0020,2025-10-09,1772,74,1486.08
CMP0030,2026-03-23,14331,187,1692.32
CMP0031,2026-08-03,16399,211,1504.22
CMP0018,2026-03-08,7095,49,1858.77
CMP0019,2025-11-19,21830,251,2047.52
CMP0005,2026-01-31,14264,130,1210.05
CMP0026,2026-04-23,2129,44,793.0
CMP0031,2026-08-17,14221,193,1547.13
CMP0026,2026-05-10,1747,40,576.04
CMP0033,2026-03-27,5071,112,1724.54
CMP0004,2026-06-09,856,51,969.45
CMP0012,2025-11-29,1858,78,895.71
CMP0014,2026-03-21,9851,93,764.88
CMP0025,2026-01-16,26999,283,2113.49
CMP0012,2025-12-30,2178,84,1286.85
CMP0023,2025-11-23,749,34,570.24
CMP0001,2026-04-07,2104,48,721.05
CMP0003,2026-05-11,6610,36,2616.38
CMP0019,2025-11-20,23866,259,1899.44
CMP0016,2026-02-26,3358,145,2125.11
CMP0007,2026-01-08,9297,102,1245.66
CMP0012,2026-03-27,1659,74,1147.74
CMP0023,2026-04-14,1130,45,758.85
CMP0030,2026-02-15,11632,158,1312.73
CMP0015,2026-05-24,23097,329,2483.4
CMP0009,2026-03-04,26950,295,2012.91
CMP0003,2026-03-18,6122,43,2463.43
CMP0015,2026-06-08,28669,355,3021.45
CMP0005,2026-06-05,17010,194,1620.95
CMP0019,2026-02-20,24313,289,2111.71
CMP0011,2026-04-20,1921,67,1383.07
CMP0029,2026-01-17,9152,99,779.68
CMP0004,2026-04-30,757,33,823.95
CMP0017,2026-04-03,11201,238,2821.62
CMP0027,2026-03-04,6239,41,2183.21
CMP0017,2026-05-04,16536,288,3117.79
CMP0020,2025-11-01,795,39,1054.78
CMP0022,2026-04-18,4858,73,822.66
CMP0008,2026-01-26,33231,342,2384.89
CMP0031,2026-04-05,10602,131,1039.33
CMP0023,2026-03-24,1146,43,868.64
CMP0005,2026-04-25,17001,175,1364.42
CMP0031,2026-07-01,15946,211,1636.35
CMP0029,2026-04-30,9135,89,992.82
CMP0009,2026-02-22,19126,191,1344.9
CMP0032,2026-01-27,4233,94,1671.52
CMP0028,2026-02-04,1978,109,2556.29
CMP0029,2026-05-27,6688,79,950.83
CMP0011,2026-03-11,1417,64,1497.29
CMP0009,2025-12-22,22442,249,1830.92
CMP0031,2026-05-17,12218,153,1234.52
CMP0009,2026-02-15,18805,189,1402.38
CMP0015,2026-05-28,33168,467,3424.42
CMP0003,2026-08-29,3146,18,1834.52
CMP0011,2025-12-31,1101,49,1324.41
CMP0008,2026-02-03,26541,300,2394.07
CMP0018,2026-06-30,10502,57,2625.11
CMP0004,2026-07-17,786,41,830.1
CMP0005,2026-02-07,17905,157,1206.75
CMP0030,2026-03-13,15319,161,1490.85
CMP0006,2026-01-22,38502,439,3076.66
CMP0012,2026-03-28,1502,63,947.64
CMP0029,2026-01-29,6385,6418,876.84
CMP0031,2026-04-17,15803,200,1538.28
CMP0002,2026-05-06,3203,120,2788.95
CMP0027,2026-01-20,5881,32,2157.7
CMP0008,2026-07-03,34033,321,2174.9
CMP0011,2026-05-18,2174,74,1333.07
CMP0014,2026-02-16,15002,144,1109.01
CMP0007,2026-02-14,6413,79,868.66
CMP0016,2026-02-25,4020,154,1990.17
CMP0021,2026-04-07,3988,24,1476.78
CMP0009,2026-03-02,23123,265,2064.52
CMP0025,2026-01-22,23511,263,2027.78
CMP0010,2026-04-02,1878,89,2175.01
CMP0014,2026-02-04,20047,164,1200.17
CMP0033,2026-04-30,5757,101,1605.55
CMP0005,2026-03-29,19568,177,1330.64
CMP0022,2026-05-08,7697,118,1321.04
CMP0021,2026-05-23,4008,24,1132.0
CMP0019,2026-01-04,20169,230,1638.63
CMP0008,2026-06-10,38453,316,2348.29
CMP0029,2026-06-13,7819,91,690.65
CMP0011,2026-03-19,1525,60,1324.45
CMP0026,2026-05-09,1852,40,503.97
CMP0001,2026-04-06,2333,50,779.66
CMP0001,2026-07-10,2933,49,712.07
CMP0004,2026-04-29,814,47,957.93
CMP0017,2026-05-02,8348,165,2250.2
CMP0011,2026-03-10,1300,62,1303.3
CMP0026,2026-04-24,1725,37,650.03
CMP0026,2026-07-17,2265,46,718.58
CMP0014,2026-02-28,9908,100,823.81
CMP0032,2026-01-05,4805,81,1483.96
CMP0028,2026-02-22,1832,78,2170.42
CMP0029,2026-03-06,7346,95,865.16
CMP0027,2026-02-24,4700,29,2094.05
CMP0026,2026-03-24,2175,44,720.01
CMP0021,2026-07-21,3794,24,1202.13
CMP0016,2025-12-15,2963,134,2004.28
CMP0027,2026-05-21,6083,34,2035.01
CMP0017,2026-03-02,12281,253,2692.81
CMP0030,2025-12-31,9778,134,1476.41
CMP0022,2026-05-20,5694,107,1107.43
CMP0001,2026-06-23,2458,41,728.98
CMP0031,2026-03-07,15798,158,1187.58
CMP0023,2026-04-02,1014,45,843.77
CMP0022,2026-08-07,6425,103,1172.71
CMP0028,2026-01-06,2625,119,2936.41
CMP0016,2026-01-23,4054,138,1998.89
CMP0013,2026-01-08,23255,331,3108.25
CMP0008,2026-06-05,46048,355,2380.68
CMP0024,2026-02-02,7841,145,3210.69
CMP0009,2026-03-03,20747,296,1982.42
CMP0032,2025-11-28,4506,102,1740.36
CMP0028,2026-02-07,1680,90,1928.17
CMP0032,2025-11-17,4016,79,1738.23
CMP0029,2026-06-30,8690,105,986.88
CMP0017,2026-02-14,9790,214,2418.83
CMP0001,2026-05-23,986,21,544.4
CMP0022,2026-06-25,6303,96,1096.37
CMP0030,2026-06-03,12982,178,1560.8
CMP0021,2026-07-22,3316,18,1265.2
CMP0011,2026-04-07,1760,82,1518.13
CMP0005,2026-05-20,15866,163,1442.33
CMP0023,2026-02-14,656,27,582.87
CMP0009,2026-01-24,15815,187,1373.71
CMP0021,2026-06-09,6035,35,1491.06
CMP0029,2026-06-28,7101,82,751.06
CMP0005,2026-04-13,25436,198,1714.66
CMP0025,2025-12-10,20050,274,2081.65
CMP0020,2025-10-22,1025,54,1265.94
CMP0005,2026-02-10,17993,178,1679.69
CMP0023,2026-03-11,1027,36,772.81
CMP0026,2026-04-29,1884,39,726.63
CMP0007,2026-02-18,12309,145,1282.7
CMP0023,2026-01-18,569,27,628.35
CMP0024,2026-03-15,6102,125,2173.27
CMP0026,2026-07-12,1416,33,614.93
CMP0001,2026-06-10,2318,44,687.14
CMP0001,2026-05-31,1719,33,498.32
CMP0011,2025-12-16,1722,65,1399.8
CMP0033,2026-04-28,5215,103,1453.27
CMP0026,2026-03-27,2988,58,785.93
CMP0004,2026-07-14,808,43,827.79
CMP0029,2026-06-22,7687,105,998.99
CMP0023,2025-12-27,653,27,670.68
CMP0030,2026-03-30,11655,162,1498.86
CMP0029,2026-02-11,7618,108,891.97
CMP0032,2026-01-23,4020,86,1674.41
CMP0014,2026-03-03,12545,138,1129.57
CMP0001,2026-03-05,2795,46,684.08
CMP0032,2026-02-16,5000,96,1593.6
CMP0012,2026-01-08,1790,59,1038.02
CMP0028,2026-02-02,1905,114,2965.32
CMP0031,2026-07-04,12497,138,1035.6
CMP0015,2026-02-21,31393,354,2645.61
CMP0010,2026-04-03,1853,98,2293.73
CMP0004,2026-05-11,1199,52,938.4
CMP0014,2026-05-06,14415,141,1095.45
CMP0028,2026-04-27,2029,121,3117.9
CMP0028,2026-01-30,1723,91,2843.23
CMP0023,2026-03-16,990,37,796.24
CMP0003,2026-05-22,5617,39,2724.25
CMP0021,2026-04-23,6856,35,1429.84
CMP0006,2026-03-18,39856,369,2911.24
CMP0010,2026-04-16,1584,87,2130.93
CMP0004,2026-05-17,836,44,780.17
CMP0007,2026-02-27,7535,97,1071.48
CMP0030,2026-06-16,14231,178,1519.72
CMP0003,2026-04-17,7447,41,2776.8
CMP0018,2026-02-25,8857,51,2583.09
CMP0014,2026-03-29,9886,99,749.13
CMP0009,2025-12-20,13918,168,1306.78
CMP0008,2026-06-03,34864,325,2295.63
CMP0025,2026-01-26,21587,280,2362.57
CMP0010,2026-04-30,1553,85,2287.43
CMP0027,2026-03-16,7823,39,2385.88
CMP0028,2026-01-27,1587,90,2570.55
CMP0023,2026-04-06,1064,39,853.63
CMP0026,2026-06-20,2549,41,616.63
CMP0012,2026-01-15,1806,64,1049.59
CMP0001,2026-06-19,1795,33,678.6
CMP0024,2025-11-21,6375,132,2915.0
CMP0027,2026-02-07,4276,28,1678.9
CMP0027,2026-05-12,7045,44,2044.22
CMP0033,2026-04-22,5100,106,1694.65
CMP0006,2026-02-24,54290,448,3346.57
CMP0023,2026-01-23,1629,54,907.62
CMP0020,2025-12-08,1031,53,1269.1
CMP0007,2026-01-06,9977,137,1282.16
CMP0004,2026-08-01,908,46,778.16
CMP0019,2026-02-23,18007,237,1886.45
CMP0022,2026-04-16,6339,117,1347.63
CMP0027,2026-01-30,4565,29,2225.64
CMP0020,2025-11-05,1370,67,1450.81
CMP0008,2026-04-03,34439,364,2570.92
CMP0026,2026-06-22,2601,44,701.13
CMP0021,2026-07-30,6415,31,1463.32
CMP0005,2026-02-23,26355,251,1833.92
CMP0004,2026-08-08,810,36,772.28
CMP0023,2026-01-22,1085,51,809.19
CMP0025,2025-12-14,20796,272,1850.14
CMP0016,2026-01-30,2888,106,1866.61
CMP0029,2026-02-04,8917,102,1090.11
CMP0010,2026-05-06,2298,97,2556.43
CMP0001,2026-03-09,2695,44,719.87
CMP0029,2026-05-15,8261,96,1040.8
CMP0021,2026-06-30,6371,38,1507.16
CMP0005,2026-07-13,26001,221,1617.81
CMP0020,2025-11-19,958,46,1213.69
CMP0019,2025-12-09,26626,330,2250.71
CMP0007,2026-02-26,9122,108,1123.18
CMP0003,2026-03-21,5655,30,2358.47
CMP0026,2026-06-29,2685,48,762.2
CMP0008,2026-06-27,29236,321,1984.42
CMP0019,2025-12-27,18562,227,1614.41
CMP0022,2026-05-28,5715,105,1173.37
CMP0031,2026-05-29,18643,206,1632.09
CMP0017,2026-02-16,15554,297,3198.66
CMP0028,2026-04-16,2504,107,2865.45
CMP0011,2026-03-28,1290,47,920.93
CMP0010,2026-03-31,2229,100,2343.24
CMP0021,2026-07-31,3925,24,1308.27
CMP0005,2026-04-20,20369,215,1754.56
CMP0001,2026-06-04,1867,42,735.71
CMP0006,2026-02-12,46873,406,2843.17
CMP0001,2026-08-03,2202,43,755.32
CMP0023,2026-03-26,780,34,713.42
CMP0023,2026-01-20,1474,51,823.86
CMP0015,2026-04-13,42109,440,3211.13
CMP0024,2026-01-21,6818,152,2769.16
CMP0018,2026-02-19,8001,54,2698.35
CMP0027,2025-12-12,5802,35,2483.76
CMP0001,2026-05-25,2141,49,803.46
CMP0029,2026-03-25,6378,88,874.23
CMP0021,2026-05-29,3188,21,1484.85
CMP0027,2025-12-21,4879,24,1692.96
CMP0005,2026-06-29,25084,214,1576.37
CMP0013,2026-02-03,35656,346,3057.91
CMP0022,2026-06-05,6345,102,1359.52
CMP0023,2026-02-20,901,39,712.84
CMP0032,2026-01-10,2920,67,1119.58
CMP0033,2026-07-08,4604,102,1586.07
CMP0002,2026-04-05,2489,112,2337.53
CMP0033,2026-04-18,3084,74,1218.02
CMP0004,2026-08-16,678,30,696.94
CMP0001,2026-05-15,2551,44,666.93
CMP0014,2026-02-23,13185,121,1044.53
CMP0019,2026-01-31,16767,231,1757.72
CMP0005,2026-01-15,23456,196,1733.18
CMP0032,2025-11-01,2959,53,1203.06
CMP0005,2026-05-25,16916,189,1601.59
CMP0029,2026-07-10,7885,92,957.55
CMP0027,2026-01-06,6560,35,1961.06
CMP0033,2026-04-10,4447,89,1335.6
CMP0009,2025-12-27,16374,187,1332.8
CMP0006,2026-01-02,39599,439,3261.77
CMP0028,2026-06-10,1970,99,2754.94
CMP0016,2026-03-15,1846,88,1307.8
CMP0019,2026-01-08,28381,281,2085.66
CMP0028,2026-06-14,1556,81,2164.34
CMP0011,2026-03-27,1592,63,1364.12
CMP0005,2026-06-04,15559,177,1528.02
CMP0005,2026-04-29,14661,154,1480.12
CMP0029,2026-01-13,8237,100,938.22
CMP0018,2026-06-29,11679,11720,2598.43
CMP0009,2025-12-30,19410,254,1690.09
CMP0011,2026-05-27,1223,58,1257.52
CMP0031,2026-06-19,17792,198,1664.55
CMP0032,2026-01-08,5541,98,1664.16
CMP0021,2026-05-10,2279,16,1088.42
CMP0008,2026-02-20,32805,347,2640.1
CMP0011,2026-05-09,1712,60,1061.02
CMP0004,2026-05-16,963,47,738.89
CMP0011,2026-04-18,1747,1772,1127.06
CMP0031,2026-08-26,12607,164,1426.06
CMP0026,2026-03-19,2238,47,751.1
CMP0022,2026-07-15,6232,112,1226.89
CMP0005,2026-06-27,18636,158,1302.59
CMP0030,2026-02-27,11903,166,1662.7
CMP0008,2026-01-29,32846,336,2417.07
CMP0006,2026-03-17,49441,470,3277.17
CMP0024,2025-12-12,7724,170,3110.03
CMP0030,2026-01-03,11377,149,1128.4
CMP0002,2026-04-03,3329,127,2884.11
CMP0029,2026-02-18,9498,95,1003.13
CMP0031,2026-07-13,16850,173,1441.8
CMP0031,2026-03-17,13348,174,1328.58
CMP0027,2026-02-27,4925,35,2060.16
CMP0022,2026-07-27,8249,118,1344.91
CMP0011,2026-03-31,2039,72,1422.14
CMP0028,2026-05-28,2355,119,3078.06
CMP0023,2026-02-11,1019,37,742.75
CMP0005,2026-06-16,24605,191,1531.54
CMP0021,2026-06-13,3973,28,1006.43
CMP0014,2026-03-06,14139,121,996.88
CMP0023,2026-02-05,1333,45,779.36
CMP0025,2025-11-12,20488,287,2295.75
CMP0026,2026-04-17,2148,47,643.38
CMP0018,2026-03-14,6481,38,2096.07
CMP0005,2026-03-28,13673,149,1156.06
CMP0004,2026-04-21,857,39,871.07
CMP0005,2026-06-20,16181,166,1268.63
CMP0006,2026-02-18,40744,446,3315.91
CMP0016,2026-02-10,3923,149,1890.17
CMP0030,2026-04-01,13434,174,1586.82
CMP0010,2026-06-09,2524,109,2475.76
CMP0003,2026-03-26,8531,45,2904.96
CMP0033,2026-07-14,5380,93,1596.62
CMP0022,2026-08-17,10103,130,1400.37
CMP0015,2026-05-26,32855,382,2896.92
CMP0010,2026-04-04,1765,87,1756.26
CMP0001,2026-05-13,2834,50,632.23
CMP0021,2026-08-28,5018,29,1458.21
CMP0003,2026-04-07,6822,37,2929.37
CMP0005,2026-03-11,18722,168,1474.81
CMP0019,2026-03-14,18349,238,1729.52
CMP0004,2026-07-12,610,27,686.59
CMP0018,2026-02-28,5698,38,1806.4
CMP0031,2026-08-18,14595,160,1323.23
CMP0014,2026-05-31,9302,98,920.36
CMP0014,2026-05-10,13113,101,843.93
CMP0016,2026-04-06,3148,150,2090.85
CMP0033,2026-05-11,6337,118,1526.31
CMP0010,2026-06-24,1529,87,2200.87
CMP0008,2026-03-30,37451,302,2197.28
CMP0004,2026-05-21,1294,57,1049.79
CMP0014,2026-04-23,18340,158,1128.82
CMP0031,2026-07-28,19655,193,1498.77
CMP0031,2026-04-11,10582,149,1209.74
CMP0028,2026-03-05,2250,121,2752.91
CMP0016,2026-01-14,3108,130,1931.36
CMP0023,2026-02-07,801,31,588.04
CMP0019,2026-03-13,22920,314,2309.38
CMP0003,2026-06-26,7988,42,2527.96
CMP0007,2026-02-10,8979,112,1131.56
CMP0015,2026-04-28,29263,363,3081.57
CMP0006,2026-04-05,29079,334,2199.24
CMP0031,2026-05-03,15360,165,1201.02
CMP0004,2026-07-27,745,39,902.08
CMP0030,2026-06-22,12098,174,1560.62
CMP0024,2025-12-14,7480,150,2423.17
CMP0033,2026-03-21,3272,69,1107.61
CMP0012,2026-03-09,1854,75,1239.99
CMP0001,2026-06-17,2132,42,747.25
CMP0026,2026-05-28,3433,56,790.88
CMP0015,2026-04-21,42603,413,2899.35
CMP0025,2025-12-17,21144,245,2135.6
CMP0029,2026-04-07,8727,88,882.13
CMP0027,2026-05-14,8927,45,2378.92
CMP0004,2026-07-24,750,40,960.56
CMP0028,2026-01-07,2467,116,2933.94
CMP0008,2026-01-12,27224,305,2318.37
CMP0023,2025-12-05,845,40,763.21
CMP0004,2026-07-03,1427,67,1040.67
CMP0024,2025-11-07,9795,175,3344.51
CMP0001,2026-06-07,1772,35,569.25
CMP0008,2026-02-04,33527,351,2533.9
CMP0010,2026-06-17,2031,97,2161.55
CMP0031,2026-07-19,11476,128,1064.17
CMP0029,2026-04-27,8422,93,960.34
CMP0029,2026-01-27,7941,85,903.62
CMP0012,2026-01-09,2177,78,1164.03
CMP0009,2026-03-07,25797,249,1564.07
CMP0031,2026-08-20,18985,194,1668.99
CMP0015,2026-03-15,31241,329,2420.0
CMP0033,2026-06-24,5403,108,1654.34
CMP0021,2026-06-03,4634,32,1366.68
CMP0016,2026-04-07,4389,152,2198.15
CMP0005,2026-05-15,26407,219,1795.71
CMP0013,2026-03-02,32501,352,3138.5
CMP0006,2026-03-22,39614,390,2626.92
CMP0010,2026-05-25,2450,102,2316.01
CMP0028,2026-05-13,2219,123,2613.51
CMP0024,2025-12-04,6758,149,2741.82
CMP0005,2026-03-24,17041,194,1667.93
CMP0012,2026-02-11,1693,80,1272.78
CMP0011,2025-12-25,2421,80,1511.43
CMP0029,2026-02-14,5600,60,647.12
CMP0010,2026-05-05,1800,86,2023.31
CMP0023,2025-12-03,922,39,747.05
CMP0008,2026-03-05,35543,357,2519.0
CMP0027,2026-02-11,4876,31,2168.44
CMP0010,2026-06-10,1439,86,2320.47
CMP0017,2026-01-14,14547,306,3271.85
CMP0005,2026-07-15,21520,206,1561.95
CMP0027,2026-01-05,8163,42,2481.21
CMP0023,2026-03-28,818,39,621.24
CMP0028,2026-04-22,2269,109,3122.03
CMP0001,2026-06-24,1896,44,641.99
CMP0009,2025-12-29,16248,227,1709.69
CMP0006,2026-02-27,56776,477,3485.63
CMP0031,2026-05-26,19205,190,1424.94
CMP0004,2026-07-29,796,42,896.55
CMP0026,2026-05-13,1888,44,716.14
CMP0002,2026-04-07,4022,137,2876.94
CMP0004,2026-05-15,1143,63,1012.37
CMP0011,2026-01-11,1186,56,1154.77
CMP0017,2026-01-03,12241,225,2423.67
CMP0024,2025-11-06,7197,164,3331.24
CMP0024,2025-11-10,7767,168,3183.89
CMP0004,2026-05-01,1284,68,984.5
CMP0012,2026-03-17,2472,103,1252.92
CMP0027,2026-04-26,5016,30,1501.14
CMP0004,2026-04-23,1143,47,922.93
CMP0029,2026-03-17,9300,95,902.06
CMP0023,2026-01-06,862,35,902.73
CMP0029,2026-02-20,10169,118,1070.4
CMP0030,2026-05-13,12691,173,1535.01
CMP0026,2026-07-23,1991,41,778.0
CMP0025,2026-01-28,23407,280,2179.57
CMP0027,2026-01-15,3810,25,2034.07
CMP0008,2026-03-27,40621,346,2471.73
CMP0018,2026-03-13,10439,57,2539.65
CMP0017,2026-03-31,13239,270,3117.24
CMP0022,2026-07-05,3295,57,835.53
CMP0026,2026-07-14,1464,34,682.05
CMP0012,2026-02-03,2083,91,1124.83
CMP0006,2026-03-16,46571,420,2998.88
CMP0014,2026-02-06,12016,136,1042.4
CMP0030,2026-02-21,7284,91,1126.96
CMP0008,2026-06-01,39584,368,2620.27
CMP0023,2026-02-26,1029,42,836.43
CMP0003,2026-07-13,6549,45,2972.95
CMP0005,2026-02-12,29168,237,1859.45
CMP0022,2026-08-19,5573,87,1102.43
CMP0014,2026-01-29,15596,164,1184.82
CMP0021,2026-08-20,3790,27,1475.4
CMP0001,2026-07-16,1658,36,648.26
CMP0012,2026-02-04,1838,85,1157.31
CMP0011,2026-03-05,1409,66,1202.24
CMP0008,2026-05-22,42992,394,2620.68
CMP0024,2026-02-11,8564,161,2723.58
CMP0016,2026-01-05,3483,133,2161.82
CMP0011,2026-02-11,1590,75,1511.99
CMP0027,2025-12-15,6308,43,2340.22
CMP0003,2026-07-06,7203,49,2767.14
CMP0029,2026-06-15,9340,99,1049.65
CMP0003,2026-04-11,6525,37,2338.98
CMP0007,2026-01-25,7176,76,824.05
CMP0030,2026-02-25,11812,164,1474.11
CMP0003,2026-06-21,4086,24,1940.4
CMP0027,2026-03-24,4452,27,2280.34
CMP0023,2026-02-13,1285,42,859.8
CMP0003,2026-05-12,5263,29,2642.9
CMP0016,2026-03-25,2429,114,1763.5
CMP0018,2026-02-23,12362,60,2573.26
CMP0016,2026-01-17,2038,92,1522.96
CMP0019,2026-03-04,22796,280,2144.01
CMP0012,2025-11-10,1938,75,1237.39
CMP0033,2026-05-30,3513,70,1152.75
CMP0020,2026-01-19,1629,68,1273.85
CMP0028,2026-07-03,2240,2263,2889.81
CMP0028,2026-02-19,1937,92,2519.81
CMP0004,2026-05-19,1211,61,1011.46
CMP0013,2026-03-18,29756,335,2794.54
CMP0014,2026-01-23,11729,125,1105.76
CMP0003,2026-07-12,4254,30,2292.06
CMP0033,2026-06-07,3730,76,1076.15
CMP0007,2026-02-06,9963,105,1144.76
CMP0005,2026-05-22,23348,215,1706.83
CMP0016,2025-12-11,3541,140,2062.04
CMP0014,2026-03-11,11834,132,1060.49
CMP0019,2026-01-16,21121,246,1872.88
CMP0007,2026-02-21,7508,98,934.66
CMP0003,2026-05-15,5720,39,2445.24
CMP0024,2025-11-26,9264,170,2847.03
CMP0022,2026-06-02,6200,108,1378.32
CMP0022,2026-06-06,4446,83,962.04
CMP0019,2025-12-23,24359,283,2013.65
CMP0028,2026-06-04,2104,112,3160.96
CMP0033,2026-05-24,3419,70,1164.26
CMP0030,2025-12-29,12506,167,1617.7
CMP0030,2026-01-07,15274,179,1601.82
CMP0004,2026-08-15,633,31,714.84
CMP0021,2026-04-08,6376,35,1491.37
CMP0016,2026-02-06,3745,125,2013.58
CMP0022,2026-04-26,7379,99,1015.36
CMP0018,2026-06-05,9361,54,2594.02
CMP0032,2025-12-28,3351,62,1076.31
CMP0026,2026-03-21,1351,32,543.27
CMP0030,2026-02-18,12241,172,1543.71
CMP0027,2026-01-23,9390,47,2110.53
CMP0001,2026-06-08,1958,46,684.82
CMP0027,2025-12-11,5827,31,2498.15
CMP0023,2025-12-04,1232,43,778.96
CMP0015,2026-05-03,27623,302,2226.64
CMP0026,2026-07-03,3320,55,755.19
CMP0009,2026-02-09,25440,264,1804.61
CMP0014,2026-04-06,14696,125,1032.43
CMP0017,2025-12-28,8914,201,2349.07
CMP0021,2026-06-27,6537,33,1103.16
CMP0011,2026-05-26,2490,80,1397.03
CMP0009,2026-02-10,25956,290,2105.38
CMP0028,2026-02-24,2288,126,3073.51
CMP0011,2026-04-14,1815,72,1446.37
CMP0027,2025-12-28,4084,22,1768.53
CMP0024,2026-02-23,6751,151,2996.82
CMP0004,2026-07-07,749,43,864.44
CMP0017,2026-02-21,8011,167,1991.79
CMP0002,2026-05-21,3006,136,3009.31
CMP0009,2026-02-20,22714,308,2076.85
CMP0011,2026-04-13,1387,65,1429.67
CMP0028,2026-04-18,1795,85,2131.71
CMP0031,2026-05-07,13334,164,1405.43
CMP0024,2025-12-24,8714,175,3385.53
CMP0029,2026-03-20,7831,88,917.52
CMP0003,2026-04-28,7365,40,2491.64
CMP0019,2026-01-24,16442,213,1407.67
CMP0029,2025-12-31,9353,97,885.57
CMP0032,2026-01-15,4842,88,1577.01
CMP0021,2026-08-02,3744,19,882.16
CMP0015,2026-03-09,45778,449,3333.75
CMP0009,2026-02-01,16802,211,1539.32
CMP0007,2026-01-16,9612,125,1250.65
CMP0023,2026-02-17,1248,42,742.28
CMP0009,2026-01-23,22669,222,1643.35
CMP0015,2026-03-08,25540,262,2099.39
CMP0013,2026-01-27,33049,325,2661.6
CMP0033,2026-05-21,4359,104,1424.0
CMP0029,2026-05-09,6948,67,654.58
CMP0014,2026-02-20,13959,149,1112.53
CMP0020,2025-12-14,643,33,957.38
CMP0030,2026-02-09,13928,176,1807.94
CMP0027,2026-02-19,4286,4309,2520.3
CMP0003,2026-08-02,2904,17,2047.35
CMP0008,2026-01-30,33218,379,2500.38
CMP0019,2025-12-06,17127,232,1687.86
CMP0003,2026-04-09,7317,48,2903.0
CMP0026,2026-06-19,2114,44,769.31
CMP0005,2026-07-06,22241,222,1847.85
CMP0017,2026-04-11,8839,205,2216.56
CMP0003,2026-06-06,6860,40,2301.97
CMP0020,2025-10-05,1142,51,1070.31
CMP0004,2026-05-22,1099,46,1016.7
CMP0007,2026-02-20,8084,113,1128.13
CMP0030,2026-06-11,11488,149,1497.15
CMP0001,2026-07-31,1958,39,711.52
CMP0025,2025-11-21,28863,318,2428.35
CMP0014,2026-03-25,18745,162,1238.63
CMP0024,2026-01-06,7791,168,2977.1
CMP0008,2026-06-18,44102,374,2633.45
CMP0006,2026-02-25,41732,470,3485.78
CMP0006,2026-03-14,34751,300,2125.56
CMP0018,2026-03-04,8322,40,2352.35
CMP0026,2026-04-25,1781,31,524.73
CMP0002,2026-04-13,2757,128,2983.46
CMP0008,2026-06-02,34417,333,2425.73
CMP0004,2026-05-12,878,41,1025.01
CMP0011,2026-01-29,1826,63,1397.04
CMP0033,2026-05-26,3861,90,1427.51
CMP0008,2026-02-10,33962,290,2213.78
CMP0001,2026-04-13,1856,44,755.24
CMP0019,2026-03-17,21540,258,1952.41
CMP0019,2026-03-10,26968,267,2059.03
CMP0015,2026-03-18,30294,383,2795.95
CMP0010,2026-06-04,1501,81,2280.7
CMP0011,2026-01-13,1707,77,1369.62
CMP0005,2026-01-22,21025,212,1804.55
CMP0001,2026-06-01,1986,46,671.94
CMP0024,2026-03-03,7837,174,3060.55
CMP0031,2026-04-28,15332,218,1565.62
CMP0025,2025-12-29,23083,266,2290.47
CMP0030,2026-01-12,19205,186,1756.43
CMP0007,2026-01-12,7121,100,1122.37
CMP0013,2026-03-12,25178,299,2464.62
CMP0030,2026-03-20,12193,156,1516.02
CMP0003,2026-04-24,4522,30,2810.9
CMP0003,2026-04-04,3220,21,1871.21
CMP0011,2026-02-15,2055,69,1091.2
CMP0020,2026-01-06,1267,59,1324.44
CMP0030,2026-06-07,10466,112,1121.28
CMP0008,2026-04-12,29719,270,2021.12
CMP0016,2026-02-21,2051,87,1487.0
CMP0020,2025-12-23,1312,69,1421.76
CMP0017,2026-03-30,16643,278,3048.99
CMP0010,2026-04-06,1923,79,2150.17
CMP0033,2026-03-24,5320,86,1358.57
CMP0001,2026-08-15,1183,22,508.06
CMP0022,2026-08-18,5210,92,1248.55
CMP0004,2026-06-25,1070,50,1050.9
CMP0012,2026-01-29,1808,78,1186.97
CMP0024,2026-01-29,8412,178,3190.87
CMP0027,2026-04-22,4267,30,2185.15
CMP0009,2026-02-21,15195,186,1386.99
CMP0010,2026-05-19,2189,106,2445.55
CMP0030,2025-12-28,12608,145,1287.1
CMP0029,2026-05-05,8336,93,1077.86
CMP0011,2025-12-27,1667,60,978.83
CMP0030,2026-06-12,13424,151,1455.39
CMP0027,2025-12-19,5461,32,2267.0
CMP0029,2026-05-02,5331,73,684.65
CMP0024,2025-12-15,7958,146,2660.14
CMP0001,2026-06-18,2200,46,801.85
CMP0008,2026-03-20,33558,326,2513.15
CMP0019,2026-02-22,16355,212,1457.07
CMP0014,2026-04-18,10227,113,812.01
CMP0018,2026-05-01,9314,60,2638.21
CMP0015,2026-04-22,32878,456,3423.85
CMP0028,2026-04-13,1562,93,2610.91
CMP0027,2026-04-12,3736,23,1519.77
CMP0026,2026-04-14,2612,45,788.15
CMP0015,2026-05-20,27592,384,2787.08
CMP0017,2026-01-18,9399,215,2364.64
CMP0021,2026-07-20,5694,36,1334.42
CMP0006,2026-01-08,41894,388,3186.23
CMP0014,2026-06-20,9666,110,864.69
CMP0026,2026-05-01,2125,46,681.75
CMP0006,2026-03-31,50528,421,3200.58
CMP0021,2026-03-28,3925,27,1068.55
CMP0021,2026-04-01,3127,18,1500.11
CMP0008,2026-03-14,20889,217,1610.85
CMP0011,2026-03-08,1337,45,1025.89
CMP0004,2026-08-14,956,51,931.19
CMP0004,2026-07-15,831,36,839.3
CMP0003,2026-06-28,3730,19,2102.02
CMP0032,2026-03-19,5853,101,1630.01
CMP0021,2026-04-09,7153,35,1421.01
CMP0029,2026-04-23,10243,104,924.19
CMP0017,2026-04-28,12271,240,2919.73
CMP0032,2026-01-26,5126,101,1455.91
CMP0010,2026-06-18,1803,82,2018.19
CMP0031,2026-05-10,11796,169,1204.84
CMP0025,2026-01-21,18116,249,2160.0
CMP0028,2026-03-02,2388,132,3211.71
CMP0003,2026-03-27,4712,30,2752.11
CMP0002,2026-04-21,3399,115,2776.91
CMP0015,2026-03-10,32788,454,3079.76
CMP0021,2026-06-07,3366,24,1065.56
CMP0009,2026-02-03,23129,297,2081.66
CMP0031,2026-03-25,19140,194,1572.21
CMP0006,2026-02-01,30377,270,2162.5
CMP0019,2026-01-14,28664,340,2094.57
CMP0002,2026-05-04,3696,141,2997.1
CMP0021,2026-05-14,3593,25,1501.87
CMP0005,2026-04-04,13015,126,1107.99
CMP0012,2025-12-20,1302,61,840.94
CMP0022,2026-08-10,7361,113,1312.24
CMP0014,2026-04-27,14021,139,1174.72
CMP0021,2026-07-08,4210,4246,1276.43
CMP0030,2026-02-16,12555,171,1672.6
CMP0025,2025-12-09,24767,328,2436.8
CMP0016,2026-01-29,3171,135,1887.17
CMP0029,2026-03-15,7495,91,708.97
CMP0029,2026-04-04,7296,73,646.58
CMP0019,2025-12-15,26135,254,1940.98
CMP0014,2026-06-29,14517,162,1235.97
CMP0028,2026-01-29,2030,111,2585.97
CMP0012,2025-12-27,1669,63,919.0
CMP0008,2026-04-22,37031,305,2142.01
CMP0015,2026-06-07,30121,297,2515.07
CMP0029,2026-04-11,6304,70,672.46
CMP0018,2026-02-22,5241,30,1680.85
CMP0017,2026-03-07,11413,188,2193.16
CMP0033,2026-07-07,4401,86,1476.03
CMP0027,2026-04-08,8279,41,2503.85
CMP0007,2026-02-25,10598,112,1278.74
CMP0012,2026-03-11,2041,70,1074.06
CMP0025,2025-12-01,26518,301,2354.76
CMP0023,2026-01-13,1510,60,901.35
CMP0030,2025-12-27,7979,114,1194.11
CMP0020,2025-10-18,869,39,908.07
CMP0001,2026-04-23,3334,60,777.26
CMP0011,2026-03-18,2315,90,1380.3
CMP0031,2026-06-11,15287,147,1356.56
CMP0031,2026-03-21,12371,148,1259.2
CMP0009,2026-01-13,19745,270,1808.39
CMP0007,2026-01-01,12493,121,1215.15
CMP0021,2026-07-29,4660,30,1265.56
CMP0030,2025-12-14,8658,113,1236.46
CMP0030,2026-01-24,15177,147,1083.39
CMP0015,2026-06-04,38930,461,3135.68
CMP0028,2026-02-09,2608,126,3119.22
CMP0027,2026-05-05,5471,32,2132.43
CMP0021,2026-04-02,4418,24,1429.3
CMP0012,2025-11-11,1733,71,1084.91
CMP0015,2026-03-02,38720,462,3352.01
CMP0016,2026-01-02,2537,114,1736.99
CMP0013,2026-02-01,22250,245,2121.86
CMP0008,2026-02-06,39989,384,2636.58
CMP0018,2026-05-29,6350,40,2227.99
CMP0022,2026-06-29,9644,135,1400.99
CMP0009,2026-03-05,19702,276,1720.8
CMP0024,2025-12-18,7775,147,3310.66
CMP0030,2026-04-09,11304,155,1494.2
CMP0007,2026-03-02,9407,113,1097.3
CMP0002,2026-05-11,3669,140,3168.73
CMP0001,2026-07-02,3108,69,756.9
CMP0033,2026-03-28,4907,84,1143.35
CMP0001,2026-08-02,1013,24,484.06
CMP0019,2025-12-07,20304,244,1613.47
CMP0024,2026-02-04,7996,183,3106.96
CMP0003,2026-04-06,6750,38,2538.95
CMP0008,2026-04-17,45151,393,2513.3
CMP0027,2025-12-26,5998,32,2207.51
CMP0023,2025-12-31,881,30,706.74
CMP0001,2026-03-01,1044,25,523.45
CMP0031,2026-08-15,11110,125,980.14
CMP0005,2026-02-02,22795,216,1664.45
CMP0019,2025-12-04,26895,283,2132.24
CMP0025,2025-11-17,19632,250,2256.52
CMP0012,2025-11-09,1570,58,891.02
CMP0011,2026-04-26,1701,61,1120.35
CMP0033,2026-04-26,5301,92,1260.4
CMP0027,2026-03-19,4464,32,2227.96
CMP0025,2025-11-24,25871,298,2327.68
CMP0020,2025-11-20,1682,79,1470.46
CMP0024,2026-01-16,10596,196,3303.7
CMP0004,2026-07-04,614,27,780.39
CMP0001,2026-04-01,2282,39,652.66
CMP0031,2026-07-30,18138,216,1615.35
CMP0028,2026-03-14,1475,84,2052.24
CMP0026,2026-04-08,2261,50,683.1
CMP0029,2026-01-28,7209,86,867.72
CMP0023,2026-01-12,959,34,772.2
CMP0029,2026-05-26,8105,104,1089.23
CMP0011,2026-05-21,1611,65,1231.49
CMP0027,2025-12-04,4944,32,2019.71
CMP0005,2026-07-08,20800,227,1834.35
CMP0029,2026-06-16,8968,99,897.65
CMP0012,2025-11-20,1733,74,1284.61
CMP0012,2026-02-22,1179,54,821.63
CMP0014,2026-03-12,13230,141,1269.06
CMP0021,2026-06-24,5780,33,1386.33
CMP0008,2026-05-05,34937,326,2469.34
CMP0012,2026-03-15,2086,72,800.16
CMP0024,2026-02-15,5375,116,2420.7
CMP0014,2026-02-10,13006,106,1076.71
CMP0018,2026-06-27,8107,39,1649.97
CMP0012,2026-03-05,1622,70,1074.31
CMP0005,2026-06-17,15645,173,1566.24
CMP0031,2026-07-07,21837,212,1661.69
CMP0030,2026-04-24,15075,171,1698.63
CMP0003,2026-06-13,4369,30,2258.28
CMP0004,2026-07-02,1014,47,878.59
CMP0010,2026-04-26,1045,62,1721.59
CMP0014,2026-04-20,19625,156,1277.06
CMP0033,2026-05-22,4246,97,1519.29
CMP0006,2026-03-28,38366,361,2643.29
CMP0018,2026-04-26,5599,40,1793.24
CMP0028,2026-01-25,2106,105,2420.6
CMP0020,2025-10-26,928,38,1107.15
CMP0027,2026-02-17,7487,37,2351.73
CMP0009,2026-02-16,23586,309,1986.26
CMP0029,2026-04-03,7910,111,1101.12
CMP0012,2026-02-01,1052,34,816.25
CMP0020,2025-10-04,1172,54,996.88
CMP0011,2026-04-23,1439,61,1398.47
CMP0004,2026-08-11,971,48,965.15
CMP0012,2025-12-07,1804,63,894.03
CMP0015,2026-04-08,40657,404,3150.73
CMP0027,2026-04-27,8430,43,2296.81
CMP0022,2026-06-20,6086,83,847.2
CMP0008,2026-04-14,40119,353,2497.32
CMP0008,2026-04-20,39565,312,2198.57
CMP0026,2026-03-14,1452,33,495.04
CMP0005,2026-01-16,22318,209,1808.56
CMP0003,2026-03-22,4993,34,2039.49
CMP0018,2026-05-18,11280,57,2810.73
CMP0022,2026-05-10,5447,94,1020.82
CMP0003,2026-07-18,4892,28,2206.11
CMP0026,2026-06-10,2169,38,728.42
CMP0005,2026-03-05,22256,187,1523.32
CMP0029,2026-02-22,6793,71,652.36
CMP0021,2026-04-14,3429,24,1356.4
CMP0032,2026-03-09,3730,83,1584.44
CMP0009,2025-12-16,21552,279,1964.43
CMP0020,2025-12-16,1177,57,1282.39
CMP0024,2025-12-03,6962,151,3147.88
CMP0022,2026-07-03,8976,117,1222.48
CMP0011,2026-01-26,1890,73,1416.14
CMP0025,2025-12-24,26454,324,2556.39
CMP0028,2026-07-14,1979,95,2608.98
CMP0011,2026-02-12,2066,77,1526.81
CMP0027,2026-05-02,5855,34,1874.78
CMP0020,2025-12-09,1427,64,1184.95
CMP0014,2026-02-01,13868,125,905.47
CMP0013,2026-01-17,20574,249,2004.31
CMP0024,2025-12-16,7288,166,3015.52
CMP0001,2026-06-22,1629,38,808.88
CMP0023,2025-11-28,844,40,736.99
CMP0001,2026-03-07,1379,29,542.73
CMP0001,2026-05-28,2875,58,786.68
CMP0021,2026-07-19,5536,27,978.88
CMP0021,2026-07-06,4085,27,1193.01
CMP0002,2026-05-17,2479,103,2136.93
CMP0015,2026-04-04,25310,287,2399.55
CMP0027,2026-02-10,7918,40,2119.58
CMP0026,2026-03-08,1708,36,526.44
CMP0033,2026-06-13,4516,75,1096.15
CMP0033,2026-07-01,6529,135,1664.96
CMP0011,2026-02-04,1772,82,1499.55
CMP0008,2026-07-19,21807,247,1875.93
CMP0011,2026-02-20,1307,60,1264.97
CMP0003,2026-07-30,7854,48,2793.31
CMP0021,2026-08-10,3976,21,1336.0
CMP0021,2026-06-17,6252,32,1372.26
CMP0030,2026-06-13,12431,136,1326.92
CMP0014,2026-05-02,8902,96,857.96
CMP0017,2026-03-08,8456,173,2063.85
CMP0011,2026-04-27,1700,68,1482.1
CMP0032,2026-01-19,5492,91,1741.97
CMP0012,2026-01-07,2050,81,1270.79
CMP0003,2026-04-08,8549,48,3094.99
CMP0002,2026-04-24,2911,124,3297.35
CMP0023,2026-01-11,853,40,651.11
CMP0027,2026-03-14,3904,23,1676.59
CMP0008,2026-03-26,29603,335,2408.42
CMP0001,2026-08-11,1726,39,726.48
CMP0032,2026-03-14,4202,71,1212.42
CMP0029,2026-02-01,4960,71,801.89
CMP0017,2026-01-24,10430,171,2142.78
CMP0004,2026-08-22,545,30,760.66
CMP0030,2025-12-23,12082,169,1749.86
CMP0020,2025-10-19,953,52,1029.08
CMP0028,2025-12-27,1118,66,2144.29
CMP0032,2025-11-22,3966,75,1187.87
CMP0011,2026-03-09,1735,67,1410.53
CMP0014,2026-01-17,9812,108,870.42
CMP0004,2026-06-21,634,33,690.31
CMP0009,2026-01-11,17295,200,1438.71
CMP0010,2026-05-17,1436,60,1551.69
CMP0031,2026-08-25,16152,179,1378.79
CMP0013,2026-02-12,25646,336,2784.67
CMP0016,2025-12-22,3938,141,1858.66
CMP0025,2026-02-09,24882,343,2524.14
CMP0024,2026-02-14,6926,129,2444.79
CMP0031,2026-08-09,9161,9200,1021.52
CMP0005,2026-07-09,26479,213,1703.76
CMP0017,2026-05-14,14999,296,3031.03
CMP0017,2026-02-03,15056,310,3217.3
CMP0003,2026-08-10,8747,52,3014.19
CMP0005,2026-04-27,18168,208,1850.74
CMP0030,2026-03-31,14804,179,1674.6
CMP0005,2026-03-23,24980,227,1707.81
CMP0015,2026-06-03,45394,451,3365.79
CMP0018,2026-03-05,9508,53,2233.86
CMP0022,2026-05-27,8887,121,1314.19
CMP0011,2026-03-15,1233,46,1011.47
CMP0026,2026-07-27,2851,58,771.6
CMP0026,2026-06-23,2152,43,683.25
CMP0001,2026-02-15,1746,40,556.51
CMP0004,2026-06-15,1286,55,1057.84
CMP0012,2026-01-28,2264,88,1258.93
CMP0033,2026-07-13,6203,114,1655.65
CMP0012,2026-01-12,1475,64,1069.22
CMP0018,2026-02-10,9368,49,2249.93
CMP0024,2026-03-05,5390,126,2985.82
CMP0015,2026-04-19,20071,255,2116.96
CMP0016,2026-02-05,3891,142,2045.61
CMP0031,2026-08-02,10609,115,975.85
CMP0018,2026-06-11,9051,55,2429.3
CMP0019,2026-01-03,15121,193,1525.37
CMP0028,2026-01-08,1568,90,2567.62
CMP0029,2026-03-05,6917,97,1022.7
CMP0027,2026-03-05,6605,33,2468.63
CMP0026,2026-07-08,1835,40,679.36
CMP0030,2026-04-30,13131,187,1591.13
CMP0031,2026-06-25,16889,180,1331.62
CMP0012,2026-03-23,2663,92,1126.83
CMP0021,2026-03-30,5208,29,1368.39
CMP0029,2026-04-05,7898,79,774.38
CMP0001,2026-07-11,2029,45,597.3
CMP0020,2025-11-11,1306,72,1315.97
CMP0021,2026-06-06,2030,12,980.56
CMP0032,2025-12-31,3991,85,1718.86
CMP0022,2026-07-31,6933,98,1170.64
CMP0031,2026-05-20,18444,204,1630.16
CMP0018,2026-04-08,10733,66,2764.13
CMP0033,2026-07-17,4105,91,1550.95
CMP0024,2025-12-28,6323,108,2068.98
CMP0001,2026-08-13,2087,39,711.52
CMP0021,2026-06-01,6858,33,1282.51
CMP0017,2026-04-14,11288,232,2749.07
CMP0020,2025-10-31,1180,54,1302.6
CMP0009,2026-01-06,21149,256,1967.52
CMP0010,2026-05-21,1972,87,2124.58
CMP0031,2026-03-13,15134,206,1491.8
CMP0012,2026-02-15,1724,59,843.01
CMP0002,2026-05-03,2219,104,2099.83
CMP0030,2026-05-18,16757,172,1718.86
CMP0023,2026-04-04,921,41,583.41
CMP0013,2026-01-21,25694,344,3022.92
CMP0017,2026-05-28,18309,309,3275.32
CMP0024,2026-03-30,6759,157,2892.71
CMP0001,2026-05-03,1451,28,571.79
CMP0011,2026-02-28,1318,57,1073.02
CMP0028,2026-07-16,2240,109,3016.41
CMP0033,2026-07-12,3004,63,1000.36
CMP0008,2026-06-08,37931,345,2584.98
CMP0029,2026-05-28,8860,108,891.46
CMP0022,2026-04-11,4632,67,945.3
CMP0028,2026-06-05,1844,104,3143.35
CMP0021,2026-08-09,4118,24,893.51
CMP0005,2026-06-22,15844,178,1542.35
CMP0006,2026-03-26,37581,392,2901.06
CMP0021,2026-05-17,4283,29,1061.09
CMP0021,2026-03-31,5137,27,1299.54
CMP0020,2025-11-02,985,50,950.52
CMP0019,2025-12-01,27289,276,2158.01
CMP0005,2026-06-07,20396,163,1350.99
CMP0032,2026-01-04,3895,72,1194.98
CMP0031,2026-06-14,12492,144,1121.15
CMP0026,2026-04-28,2103,34,704.57
CMP0014,2026-01-19,14781,156,1214.76
CMP0030,2025-12-30,12352,169,1494.93
CMP0013,2026-01-10,24243,267,2192.42
CMP0017,2026-01-08,11156,256,3196.7
CMP0031,2026-03-16,14960,208,1586.5
CMP0029,2026-03-12,7669,102,877.82
CMP0009,2026-02-23,20267,291,1877.15
CMP0010,2026-04-22,1909,86,2298.4
CMP0011,2026-05-23,1192,50,968.97
CMP0011,2026-02-22,1479,48,973.02
CMP0027,2026-03-23,3406,23,2020.73
CMP0019,2025-11-21,26052,265,1846.29
CMP0023,2026-01-26,898,32,753.07
CMP0032,2026-01-30,3987,84,1534.1
CMP0033,2026-07-09,5033,113,1561.27
CMP0029,2026-05-23,5797,79,819.75
CMP0033,2026-05-19,5689,135,1566.7
CMP0003,2026-05-24,6765,36,2199.13
CMP0016,2026-03-12,4411,162,2197.21
CMP0004,2026-06-06,581,33,674.44
CMP0003,2026-06-09,5984,41,2802.91
CMP0020,2025-12-07,935,47,1048.23
CMP0029,2026-06-23,8889,104,1014.56
CMP0030,2025-12-24,13538,180,1787.98
CMP0001,2026-02-20,1737,37,645.17
CMP0024,2026-02-21,5046,103,2352.55
CMP0020,2025-10-16,1102,66,1457.69
CMP0028,2026-07-01,1919,107,2971.96
CMP0019,2025-12-30,23298,292,2248.64
CMP0023,2025-11-20,884,35,739.82
CMP0032,2026-03-16,3516,83,1728.98
CMP0004,2026-07-23,1630,66,1011.86
CMP0016,2026-02-11,3357,115,1908.75
CMP0002,2026-04-10,4441,147,3111.95
CMP0013,2026-02-06,24962,311,2626.34
CMP0014,2026-06-18,11938,136,1189.6
CMP0015,2026-05-12,44123,44135,2968.36
CMP0021,2026-04-10,3202,16,1257.77
CMP0005,2026-06-30,24685,225,1788.73
CMP0024,2026-02-28,5574,105,2161.53
CMP0016,2026-03-29,2486,91,1286.96
CMP0010,2026-05-24,1777,72,1605.65
CMP0008,2026-04-09,33586,339,2625.02
CMP0026,2026-04-06,2695,51,770.78
CMP0015,2026-02-13,29963,427,3042.86
CMP0002,2026-05-29,3498,121,2709.85
CMP0001,2026-05-14,2804,52,791.96
CMP0028,2026-07-06,2419,102,2719.39
CMP0011,2026-03-25,1827,69,1346.42
CMP0006,2026-03-15,25288,263,2138.35
CMP0006,2026-01-05,50673,461,3425.29
CMP0011,2026-05-02,1390,48,1036.1
CMP0025,2026-01-06,24472,292,2510.39
CMP0004,2026-06-18,1103,47,1010.24
CMP0020,2025-11-17,1485,77,1370.98
CMP0008,2026-04-28,32640,289,2146.46
CMP0018,2026-03-31,9218,61,2548.0
CMP0017,2026-03-10,16649,272,2782.87
CMP0028,2025-12-24,1773,94,2579.7
CMP0005,2026-05-07,15785,162,1450.07
CMP0032,2025-12-27,4134,73,1103.71
CMP0002,2026-04-14,2853,126,2702.9
CMP0031,2026-04-30,12002,166,1381.97
CMP0019,2026-01-02,25212,297,2284.7
CMP0023,2026-02-22,892,32,608.59
CMP0026,2026-07-04,2050,45,536.82
CMP0028,2026-02-01,1516,88,2018.37
CMP0027,2026-02-12,6283,33,2273.38
CMP0014,2026-03-04,19317,150,1080.28
CMP0001,2026-02-13,2351,50,799.45
CMP0004,2026-08-24,1079,55,953.05
CMP0032,2025-11-06,4130,89,1390.9
CMP0018,2026-02-17,10785,52,2661.73
CMP0008,2026-03-21,26370,263,1936.89
CMP0002,2026-05-01,3415,128,3005.76
CMP0018,2026-05-08,7390,49,2412.87
CMP0006,2026-01-28,43891,362,2829.29
CMP0032,2025-12-24,4514,94,1471.37
CMP0016,2025-12-12,3230,147,2020.27
CMP0008,2026-05-13,34284,286,2201.08
CMP0013,2026-01-11,19979,223,1960.74
CMP0022,2026-07-28,5876,98,1171.03
CMP0001,2026-07-25,1677,28,482.69
CMP0020,2025-11-15,825,40,889.81
CMP0019,2026-01-15,18904,258,1942.88
CMP0008,2026-01-19,43737,370,2475.41
CMP0001,2026-05-24,1578,29,504.82
CMP0028,2026-03-28,1666,84,2089.94
CMP0029,2026-06-24,6366,90,866.69
CMP0003,2026-06-03,6582,35,2605.64
CMP0023,2025-12-26,845,31,769.0
CMP0004,2026-06-20,647,34,728.0
CMP0033,2026-05-13,5094,99,1526.8
CMP0025,2025-12-31,26994,321,2441.64
CMP0010,2026-06-12,1740,90,2245.01
CMP0023,2026-02-01,712,32,552.69
CMP0012,2025-11-25,1737,76,1133.42
CMP0022,2026-06-10,7238,111,1394.8
CMP0018,2026-04-19,7922,47,1932.76
CMP0009,2026-02-05,21936,245,1710.73
CMP0001,2026-02-22,1992,34,480.62
CMP0015,2026-04-09,36070,431,3047.99
CMP0030,2026-04-13,22893,223,1762.05
CMP0031,2026-05-24,13270,154,1198.29
CMP0011,2025-12-17,2618,96,1426.35
CMP0001,2026-02-27,2709,53,766.5
CMP0005,2026-05-26,19500,192,1580.48
CMP0023,2026-03-23,669,25,758.97
CMP0001,2026-04-15,1774,35,676.5
CMP0011,2026-04-11,1229,55,1097.28
CMP0030,2026-03-05,19339,186,1570.02
CMP0025,2026-01-10,15045,203,1510.8
CMP0015,2026-02-14,23129,302,2092.25
CMP0024,2026-03-14,6369,116,2007.93
CMP0015,2026-05-15,27553,387,3102.16
CMP0010,2026-05-18,1396,82,2017.78
CMP0017,2026-04-09,13927,278,3007.94
CMP0008,2026-05-21,36003,387,2696.49
CMP0001,2026-08-06,2335,44,681.38
CMP0017,2026-01-13,13517,275,2974.72
CMP0025,2025-12-22,33497,330,2428.1
CMP0006,2026-03-19,40482,409,3129.26
CMP0003,2026-07-23,5843,34,2577.24
CMP0029,2026-03-29,5149,67,655.75
CMP0032,2025-12-25,4314,86,1739.12
CMP0023,2026-04-10,1180,48,781.46
CMP0001,2026-02-11,1942,34,630.26
CMP0006,2026-01-13,44621,354,2859.76
CMP0011,2026-03-02,1840,69,1247.35
CMP0005,2026-06-21,15753,126,1093.79
CMP0017,2026-05-24,8321,178,2000.98
CMP0015,2026-03-05,37184,425,2934.31
CMP0004,2026-05-29,1093,47,1022.23
CMP0012,2025-12-09,2129,77,1042.92
CMP0011,2026-04-16,1910,82,1501.85
CMP0021,2026-07-18,2289,16,1000.14
CMP0004,2026-08-05,882,41,949.65
CMP0023,2025-12-15,915,38,756.99
CMP0025,2025-12-21,23187,226,1934.88
CMP0003,2026-06-08,8637,43,2571.62
CMP0026,2026-06-16,1945,43,656.37
CMP0021,2026-04-17,6073,40,1486.83
CMP0027,2025-12-17,5820,37,2044.3
CMP0016,2025-12-28,2505,114,1398.71
CMP0001,2026-08-01,2154,43,606.74
CMP0013,2026-01-19,34795,380,2966.68
CMP0023,2026-04-08,741,35,720.36
CMP0026,2026-07-06,1959,40,830.65
CMP0004,2026-05-03,780,34,693.1
CMP0001,2026-03-29,1392,27,512.2
CMP0009,2026-01-10,17088,217,1539.95
CMP0005,2026-03-04,15099,146,1462.1
CMP0016,2026-01-06,4377,142,2036.9
CMP0031,2026-05-28,20598,201,1537.47
CMP0015,2026-04-30,48829,493,3419.85
CMP0018,2026-03-25,8251,42,2816.28
CMP0005,2026-06-19,23405,183,1754.28
CMP0006,2026-02-08,29171,308,2453.3
CMP0008,2026-07-04,19206,219,1602.72
CMP0025,2026-02-11,19083,263,2357.98
CMP0005,2026-06-17,15645,173,1566.24
CMP0016,2026-01-24,2536,91,1388.56
CMP0010,2026-05-22,1408,76,2121.75
CMP0021,2026-06-25,4626,27,1246.46
CMP0018,2026-07-04,7592,42,1655.89
CMP0022,2026-05-23,5445,92,1062.05
CMP0006,2026-01-03,44243,340,2381.2
CMP0022,2026-06-30,5591,101,1115.07
CMP0028,2026-05-04,1959,103,2888.74
CMP0028,2026-05-25,1543,88,2601.06
CMP0024,2026-04-03,5873,133,2774.7
CMP0008,2026-03-11,29550,320,2635.82
CMP0011,2026-01-12,2313,77,1542.43
CMP0025,2026-01-20,23230,261,2038.69
CMP0014,2026-02-14,11722,106,948.82
CMP0021,2026-07-07,5130,31,1300.42
CMP0012,2026-02-12,1851,75,1253.64
CMP0008,2026-07-02,39606,318,2354.46
CMP0008,2026-01-22,36886,336,2559.65
CMP0011,2026-04-21,1558,67,1247.24
CMP0019,2025-12-03,30034,338,2291.52
CMP0015,2026-02-15,22110,296,2232.58
CMP0021,2026-08-11,3925,23,1479.92
CMP0032,2026-01-31,2967,70,1336.46
CMP0005,2026-07-04,15373,165,1144.91
CMP0007,2026-01-02,9536,116,1149.1
CMP0013,2026-01-03,19889,233,1848.28
CMP0030,2026-02-10,14456,141,1523.53
CMP0008,2026-04-04,20985,212,1586.61
CMP0029,2026-04-22,8467,106,1007.44
CMP0019,2025-12-25,23178,301,2187.93
CMP0028,2026-06-17,1927,115,3187.36
CMP0030,2026-04-11,10285,145,1250.29
CMP0021,2026-08-19,3921,27,1455.3
CMP0031,2026-03-12,12655,172,1358.91
CMP0033,2026-04-05,5066,86,1259.98
CMP0032,2026-01-21,3715,78,1626.31
CMP0011,2025-12-13,988,47,1060.33
CMP0012,2026-01-16,1398,66,1112.53
CMP0031,2026-05-09,10574,148,1242.56
CMP0011,2026-03-16,1705,76,1504.97
CMP0031,2026-03-28,10026,104,981.41
CMP0010,2026-05-15,1826,97,2005.94
CMP0015,2026-03-26,35948,426,2812.07
CMP0005,2026-01-19,20578,201,1642.41
CMP0027,2026-01-12,5331,30,2494.44
CMP0029,2026-07-02,8338,88,897.85
CMP0012,2026-02-13,1577,71,1074.16
CMP0026,2026-06-12,1965,38,675.34
CMP0005,2026-04-16,19496,212,1525.32
CMP0018,2026-02-24,8201,49,2217.61
CMP0006,2026-02-03,34486,392,2999.02
CMP0020,2025-11-26,1451,62,1312.95
CMP0025,2026-01-31,17638,224,1874.96
CMP0009,2026-03-21,14196,193,1527.72
CMP0018,2026-04-18,7118,43,1954.66
CMP0023,2025-12-10,844,35,709.97
CMP0016,2025-12-20,2137,93,1388.02
CMP0007,2025-12-30,8351,112,1064.51
CMP0005,2026-02-22,13724,127,1159.87
CMP0025,2025-12-27,20688,201,1663.68
CMP0031,2026-08-04,17916,201,1601.31
CMP0001,2026-05-22,2420,39,732.69
CMP0029,2026-06-21,7406,96,825.13
CMP0021,2026-05-13,3974,25,1245.15
CMP0033,2026-07-19,3301,70,1165.64
CMP0011,2025-12-21,1285,44,920.56
CMP0006,2026-03-23,41466,431,3062.92
CMP0001,2026-07-04,1687,29,538.1
CMP0026,2026-03-12,2706,58,802.91
CMP0022,2026-04-29,7096,116,1355.09
CMP0028,2026-05-05,2991,121,3025.33
CMP0030,2026-02-24,19963,195,1779.56
CMP0016,2026-03-27,3316,124,1745.91
CMP0016,2026-03-16,3631,145,1996.68
CMP0025,2026-01-09,24168,300,2569.81
CMP0003,2026-08-03,7885,49,2789.78
CMP0001,2026-07-19,1902,34,566.2
CMP0023,2026-04-13,1031,35,718.14
CMP0010,2026-04-19,1498,63,1868.04
CMP0014,2026-05-15,16115,137,1176.55
CMP0013,2026-02-11,29849,349,2924.7
CMP0001,2026-06-25,2491,47,637.53
CMP0010,2026-05-04,1802,93,2263.67
CMP0016,2025-12-19,3141,127,1964.6
CMP0024,2026-03-06,9209,149,2820.86
CMP0002,2026-05-14,4129,150,3199.39
CMP0008,2026-04-01,32667,313,2192.52
CMP0029,2026-02-17,8013,113,937.62
CMP0014,2026-04-07,16708,158,1259.15
CMP0008,2026-05-03,32682,261,1889.01
CMP0028,2026-05-26,2174,113,2922.75
CMP0029,2026-05-08,8960,98,1007.67
CMP0031,2026-03-08,10205,137,1116.3
CMP0028,2026-07-09,2730,115,2959.16
CMP0030,2026-03-18,13469,153,1483.72
CMP0017,2026-05-22,10578,218,2558.53
CMP0014,2026-02-05,14937,142,1200.14
CMP0022,2026-05-03,4044,76,925.35
CMP0021,2026-08-14,6123,35,1314.37
CMP0022,2026-08-22,4594,75,963.35
CMP0029,2026-02-03,9924,114,1102.07
CMP0012,2026-03-08,1177,46,788.73
CMP0006,2026-02-26,41949,388,2840.45
CMP0010,2026-04-20,1583,86,2453.56
CMP0010,2026-03-28,1128,58,1503.95
CMP0022,2026-07-22,8822,123,1394.27
CMP0028,2026-03-08,1369,81,2408.95
CMP0019,2026-01-16,21121,246,1872.88
CMP0020,2025-12-17,1268,63,1450.35
CMP0032,2025-12-07,3538,74,1188.63
CMP0003,2026-08-07,7150,47,3134.67
CMP0033,2026-04-04,4550,97,1269.0
CMP0027,2026-01-16,4116,26,2062.59
CMP0010,2026-05-31,1488,71,1723.08
CMP0006,2026-02-28,36806,324,2533.86
CMP0011,2026-05-11,1271,60,1419.93
CMP0008,2026-03-02,33503,296,2229.35
CMP0028,2026-02-17,2119,111,3016.74
CMP0001,2026-08-07,1476,31,627.05
CMP0026,2026-05-15,2052,38,762.22
CMP0016,2026-03-28,2307,84,1413.26
CMP0001,2026-05-10,1761,31,603.93
CMP0019,2026-03-06,18849,264,2042.13
CMP0032,2026-01-06,5190,92,1573.93
CMP0017,2026-01-19,14522,269,3168.99
CMP0026,2026-03-16,1502,27,661.7
CMP0018,2026-03-12,14372,75,2824.84
CMP0005,2026-04-30,17812,194,1826.0
CMP0014,2026-04-01,14122,112,1060.94
CMP0021,2026-04-27,7371,50,1491.56
CMP0021,2026-05-02,3330,18,1019.98
CMP0021,2026-03-26,4135,26,1380.89
CMP0013,2026-02-28,16501,234,2110.04
CMP0024,2026-01-19,8704,160,3009.18
CMP0020,2026-01-18,824,34,919.69
CMP0024,2026-03-11,8408,156,3010.33
CMP0023,2026-01-09,1212,52,746.7
CMP0011,2026-03-06,1963,74,1491.56
CMP0022,2026-04-19,6010,86,964.37
CMP0019,2026-03-12,22631,305,2227.82
CMP0027,2026-02-23,7305,36,2237.08
CMP0018,2026-05-10,5870,39,2048.28
CMP0030,2026-06-02,13927,166,1795.78
CMP0031,2026-06-23,22727,219,1609.91
CMP0018,2026-03-28,7319,37,1717.26
CMP0008,2026-02-14,20683,232,1749.12
CMP0018,2026-05-06,7171,43,2218.47
CMP0002,2026-05-18,3746,151,2998.27
CMP0014,2026-05-08,12580,122,1022.64
CMP0015,2026-04-29,38114,374,2737.82
CMP0004,2026-07-26,636,30,616.57
CMP0033,2026-05-01,5025,110,1617.07
CMP0018,2026-03-30,8848,51,2280.37
CMP0018,2026-04-16,7275,49,2688.98
CMP0028,2026-03-07,1741,96,2237.32
CMP0017,2026-02-05,12377,224,2601.87
CMP0029,2026-03-31,6376,91,936.31
CMP0004,2026-04-20,692,38,880.02
CMP0033,2026-06-14,4268,82,1118.85
CMP0016,2026-03-09,4107,148,2133.78
CMP0026,2026-07-02,1954,40,800.94
CMP0028,2026-07-02,2314,99,2907.87
CMP0012,2025-11-24,2385,79,1138.94
CMP0003,2026-06-05,7724,54,2940.45
CMP0016,2026-03-17,3535,114,1811.49
CMP0016,2026-01-13,3206,151,1980.52
CMP0002,2026-05-30,2050,87,1968.48
CMP0003,2026-05-18,4567,32,2636.26
CMP0016,2026-02-19,4250,152,2186.24
CMP0008,2026-02-17,31025,343,2574.75
CMP0018,2026-04-03,5850,41,2378.52
CMP0008,2026-07-05,24694,256,1647.82
CMP0009,2026-03-15,20721,233,1438.88
CMP0005,2026-03-12,25721,226,1734.43
CMP0017,2025-12-29,11105,253,3022.78
CMP0006,2026-01-04,26589,306,2327.27
CMP0027,2025-12-09,5283,29,2093.65
CMP0029,2026-03-30,9449,107,1006.32
CMP0015,2026-02-26,28769,390,3230.86
CMP0015,2026-05-31,31134,336,2458.22
CMP0018,2026-04-28,12998,74,2763.33
CMP0014,2026-04-26,9541,108,795.09
CMP0005,2026-01-28,25626,224,1695.98
CMP0013,2026-03-08,19555,260,2043.25
CMP0011,2026-03-24,1817,64,1365.25
CMP0017,2026-03-24,11018,219,2574.06
CMP0014,2026-05-24,10558,118,948.82
CMP0030,2026-02-11,17281,177,1565.35
CMP0003,2026-03-29,5657,36,2311.13
CMP0001,2026-07-23,2377,41,721.87
CMP0016,2026-02-12,4172,159,2085.97
CMP0022,2026-04-24,6848,89,1126.6
CMP0024,2026-02-27,6796,162,3192.66
CMP0014,2026-06-03,14132,139,1229.02
CMP0029,2026-05-16,7836,85,779.08
CMP0018,2026-03-28,7319,37,1717.26
CMP0012,2025-12-12,2657,87,1270.93
CMP0030,2026-05-14,13080,143,1436.72
CMP0010,2026-06-08,1649,93,2317.74
CMP0032,2025-11-05,4954,85,1630.11
CMP0014,2026-05-05,15958,157,1277.55
CMP0021,2026-06-26,3089,22,1430.83
CMP0033,2026-04-14,5462,102,1533.55
CMP0031,2026-06-28,11731,143,1175.78
CMP0030,2026-03-19,15353,152,1421.6
CMP0017,2026-03-11,9494,9519,2642.28
CMP0028,2026-07-24,1814,87,2551.89
CMP0017,2026-06-01,10676,236,2950.53
CMP0003,2026-04-23,6985,50,2893.0
CMP0008,2026-06-21,23389,247,1831.64
CMP0001,2026-03-28,1519,36,542.42
CMP0028,2026-02-21,1382,76,2066.07
CMP0021,2026-07-17,5042,27,1463.92
CMP0026,2026-03-30,2802,46,826.28
CMP0016,2026-01-08,2931,135,2059.66
CMP0003,2026-04-29,5162,29,2813.13
CMP0003,2026-07-02,7668,45,2740.05
CMP0001,2026-05-16,1990,36,545.52
CMP0030,2026-02-14,9382,135,1134.72
CMP0022,2026-05-25,5942,101,1333.33
CMP0024,2026-02-01,4851,113,2182.9
CMP0028,2026-06-27,2166,89,2122.05
CMP0030,2025-12-26,13053,178,1771.41
CMP0012,2025-12-03,1727,74,1062.28
CMP0021,2026-06-28,3031,17,958.34
CMP0003,2026-07-11,5017,30,2125.21
CMP0010,2026-04-07,2289,105,2454.14
CMP0004,2026-08-13,1371,58,941.92
CMP0011,2026-02-08,1676,56,1039.05
CMP0003,2026-04-19,4172,27,2306.75
CMP0003,2026-07-26,5720,28,1968.05
CMP0030,2026-03-10,15240,189,1821.46
CMP0018,2026-04-11,8319,53,1877.9
CMP0015,2026-03-04,32297,380,2902.04
CMP0023,2026-03-20,1108,47,888.7
CMP0002,2026-05-24,2061,95,2104.42
CMP0028,2026-03-12,1968,83,2674.87
CMP0017,2026-03-05,13565,298,3283.86
CMP0021,2026-06-17,6252,32,1372.26
CMP0025,2025-11-30,16058,198,1522.55
CMP0003,2026-08-16,6936,43,2187.95
CMP0016,2026-01-07,3771,136,1893.85
CMP0030,2026-01-09,15254,217,1771.6
CMP0015,2026-03-28,22899,321,2266.68
CMP0028,2026-06-26,2425,136,3159.8
CMP0030,2026-03-28,12971,141,1244.29
CMP0006,2026-03-27,42437,391,3022.67
CMP0017,2026-05-07,12371,270,2885.2
CMP0014,2026-05-22,13803,153,1196.67
CMP0005,2026-05-21,19261,184,1614.61
CMP0028,2026-04-08,2667,110,2762.99
CMP0029,2026-01-07,10913,120,1024.9
CMP0033,2026-05-23,3173,66,1128.77
CMP0008,2026-06-26,38190,335,2531.96
CMP0020,2025-11-03,1045,54,1489.12
CMP0017,2026-01-11,8400,193,2058.11
CMP0006,2026-01-23,39468,446,3507.71
CMP0031,2026-07-06,14348,203,1513.9
CMP0015,2026-05-19,35339,432,2896.95
CMP0004,2026-08-23,650,33,788.24
CMP0006,2026-01-06,39521,415,3089.41
CMP0027,2026-01-25,5031,26,1677.61
CMP0018,2026-04-21,7635,45,2272.27
CMP0008,2026-05-23,28188,282,2003.47
CMP0029,2026-04-15,10628,106,936.5
CMP0032,2025-12-23,3371,74,1763.45
CMP0003,2026-06-30,6687,44,2946.64
CMP0025,2026-02-17,27382,273,1998.25
CMP0009,2026-01-18,15357,216,1435.55
CMP0028,2025-12-29,2509,108,2806.42
CMP0004,2026-08-19,678,39,825.29
CMP0020,2025-12-01,990,46,1263.62
CMP0013,2026-01-22,21983,289,2470.27
CMP0027,2026-04-14,4991,31,1999.77
CMP0019,2025-11-24,22794,314,2259.55
CMP0026,2026-06-11,2542,49,789.37
CMP0032,2026-02-18,3780,87,1469.81
CMP0006,2026-04-06,48862,406,2924.78
CMP0016,2026-03-11,3522,154,1943.51
CMP0027,2026-04-01,6676,35,1990.02
CMP0007,2026-02-02,9456,125,1244.39
CMP0031,2026-03-30,18176,180,1516.31
CMP0019,2026-03-02,28197,286,2189.7
CMP0007,2026-01-17,8655,87,883.84
CMP0025,2025-12-07,20444,243,1909.66
CMP0023,2026-01-01,764,36,838.89
CMP0016,2026-03-02,2911,132,1757.57
CMP0020,2025-11-06,975,56,1419.62
CMP0015,2026-04-14,28483,384,3115.44
CMP0019,2026-02-27,25111,267,1863.81
CMP0028,2026-03-29,1309,76,1972.73
CMP0008,2026-06-24,34913,339,2620.27
CMP0014,2026-04-02,16701,182,1192.35
CMP0009,2026-02-11,17412,215,1701.27
CMP0001,2026-04-02,2047,33,658.55
CMP0011,2026-01-14,1510,70,1240.5
CMP0029,2026-06-01,11381,121,1101.59
CMP0018,2026-03-18,12269,63,2635.89
CMP0023,2026-02-16,1110,36,847.23
CMP0010,2026-05-02,1184,61,1683.77
CMP0018,2026-04-13,9083,47,2709.04
CMP0028,2026-04-09,1994,90,2660.91
CMP0030,2026-05-26,11961,167,1502.64
CMP0012,2025-12-29,1584,68,1208.44
CMP0017,2026-04-06,9556,228,2822.57
CMP0024,2026-03-09,5871,137,2708.69
CMP0019,2026-02-03,20071,250,1851.57
CMP0008,2026-06-19,40630,341,2479.01
CMP0017,2026-04-05,11147,197,2015.05
CMP0027,2025-12-30,7260,41,2167.17
CMP0001,2026-04-20,2957,52,735.13
CMP0004,2026-07-16,940,47,952.64
CMP0032,2026-01-07,5101,102,1766.84
CMP0014,2026-05-18,16293,149,1272.51
CMP0025,2025-12-16,18676,260,2227.83
CMP0028,2026-05-30,1583,78,2068.35
CMP0033,2026-04-06,5047,93,1508.51
CMP0033,2026-04-24,4365,101,1717.77
CMP0001,2026-08-14,1784,42,697.24
CMP0020,2025-10-12,855,49,1092.29
CMP0008,2026-05-20,39112,381,2699.12
CMP0017,2026-03-19,10756,253,3037.16
CMP0015,2026-06-01,32875,442,3533.37
CMP0031,2026-08-08,10905,132,1026.8
CMP0028,2026-05-06,2120,102,3088.82
CMP0011,2025-12-22,1522,65,1275.5
CMP0005,2026-03-18,21470,235,1851.83
CMP0022,2026-04-14,6186,97,1294.52
CMP0020,2025-12-21,903,49,1083.29
CMP0008,2026-07-20,44719,345,2286.69
CMP0031,2026-04-13,17395,227,1591.11
CMP0015,2026-04-11,35659,351,2598.43
CMP0030,2026-01-18,11201,130,1136.27
CMP0021,2026-08-07,3169,18,1211.15
CMP0024,2026-03-19,8873,159,3187.54
CMP0015,2026-04-13,42109,440,3211.13
CMP0017,2026-04-08,11847,248,2884.9
CMP0031,2026-08-13,17571,169,1393.46
CMP0021,2026-04-11,2962,21,1093.12
CMP0033,2026-06-10,4505,90,1357.48
CMP0003,2026-05-07,6369,40,2646.48
CMP0011,2026-04-10,1338,62,1370.64
CMP0006,2026-01-29,42495,425,3049.61
CMP0004,2026-06-14,560,30,728.82
CMP0031,2026-08-16,13316,148,1251.95
CMP0003,2026-07-04,5996,39,2180.07
CMP0029,2026-04-10,8389,89,1014.67
CMP0028,2026-07-10,2274,113,2798.74
CMP0005,2026-04-10,17787,178,1469.67
CMP0033,2026-04-13,5480,114,1679.66
CMP0004,2026-05-02,806,37,708.25
CMP0012,2026-03-19,2415,99,1316.98
CMP0018,2026-02-15,4445,29,1869.56
CMP0007,2026-02-19,9743,109,1112.8
CMP0027,2025-12-16,7485,36,2492.96
CMP0012,2026-01-26,2059,94,1097.45
CMP0011,2026-04-02,1458,65,1323.34
CMP0024,2026-01-26,7730,165,3032.13
CMP0021,2026-04-06,5184,25,1268.78
CMP0029,2026-06-29,7935,78,858.3
CMP0026,2026-05-23,1648,33,586.08
CMP0033,2026-07-06,5669,119,1670.38
CMP0016,2026-02-02,3417,131,1798.69
CMP0008,2026-02-16,31331,333,2494.96
CMP0029,2026-04-06,7955,97,966.33
CMP0001,2026-04-16,2867,59,762.68
CMP0029,2026-01-11,7479,76,792.05
CMP0008,2026-04-06,31742,325,2300.39
CMP0006,2026-01-16,61810,502,3401.18
CMP0017,2026-02-06,15148,284,3139.18
CMP0001,2026-07-26,1745,35,580.14
CMP0016,2026-03-08,2145,96,1456.85
CMP0014,2026-03-14,11771,113,897.06
CMP0028,2026-03-23,2207,132,3074.8
CMP0030,2026-04-10,14674,178,1800.06
CMP0028,2026-06-20,2002,89,2407.57
CMP0018,2026-05-14,8006,55,2400.61
CMP0029,2026-04-09,6597,83,911.27
CMP0028,2026-01-02,1877,1912,2674.24
CMP0006,2026-04-02,51718,425,3161.35
CMP0007,2026-01-18,8591,91,879.93
CMP0031,2026-05-14,12268,149,1324.44
CMP0024,2026-01-13,9219,188,3292.68
CMP0015,2026-04-06,32196,387,2823.68
CMP0003,2026-04-26,4875,35,2282.98
CMP0003,2026-07-08,7202,38,2484.39
CMP0015,2026-04-02,36309,395,2817.0
CMP0010,2026-06-26,1737,84,2223.09
CMP0003,2026-03-25,4518,30,2893.39
CMP0022,2026-08-27,6106,100,1222.27
CMP0014,2026-05-03,15253,119,865.04
CMP0008,2026-05-11,37636,329,2284.11
CMP0004,2026-07-19,774,35,665.75
CMP0019,2025-12-16,21589,264,1982.04
CMP0032,2026-03-17,4323,95,1718.47
CMP0015,2026-04-17,32875,441,3388.63
CMP0020,2026-01-04,992,46,1071.44
CMP0026,2026-04-15,2345,52,768.42
CMP0013,2026-01-09,33661,341,3164.25
CMP0020,2026-01-12,1422,79,1442.08
CMP0026,2026-06-24,2192,48,717.99
CMP0003,2026-08-01,5039,29,2183.57
CMP0001,2026-05-08,2395,44,646.15
CMP0019,2025-12-18,24693,320,2174.76
CMP0026,2026-04-18,1705,33,554.45
CMP0014,2026-05-04,11588,131,1122.66
CMP0016,2025-12-16,3267,120,1784.03
CMP0015,2026-05-09,27698,308,2064.42
CMP0028,2026-01-28,2453,105,2736.21
CMP0020,2025-12-13,1020,58,1002.18
CMP0023,2025-11-26,1087,42,815.92
CMP0032,2025-12-11,3990,91,1617.0
CMP0026,2026-06-05,2421,45,711.14
CMP0030,2026-05-02,11441,111,1101.97
CMP0027,2026-03-26,3794,26,2380.46
CMP0007,2026-02-04,9430,109,1232.69
CMP0011,2026-04-29,2128,73,1345.17
CMP0028,2026-06-22,2121,117,2783.92
CMP0001,2026-05-26,2209,46,679.48
CMP0018,2026-05-28,9226,58,2688.28
CMP0011,2026-01-09,1709,58,1365.42
CMP0023,2026-02-18,995,38,737.21
CMP0008,2026-02-18,30408,304,2295.86
CMP0030,2025-12-22,16808,189,1730.16
CMP0012,2026-03-13,1638,66,1127.16
CMP0009,2026-03-01,16540,223,1468.14
CMP0005,2026-03-22,16114,148,1282.49
CMP0026,2026-05-14,1796,34,652.69
CMP0024,2026-03-27,9418,216,3375.39
CMP0023,2025-12-09,922,38,819.42
CMP0013,2026-01-14,21330,305,2551.67
CMP0023,2026-03-13,1010,36,790.63
CMP0029,2026-04-16,6336,87,1000.74
CMP0017,2026-02-25,10259,230,2782.65
CMP0014,2026-03-22,11567,104,816.27
CMP0024,2026-03-26,9577,159,2658.0
CMP0029,2026-02-26,8096,89,876.84
CMP0015,2026-03-11,42745,448,3241.78
CMP0028,2026-04-15,2149,119,3074.34
CMP0028,2026-04-20,2657,129,3018.24
CMP0033,2026-05-03,4369,89,1256.79
CMP0017,2026-03-03,11923,280,3160.68
CMP0026,2026-03-05,2881,56,822.88
CMP0015,2026-04-26,21558,309,2352.12
CMP0003,2026-04-15,4857,30,2628.65
CMP0021,2026-05-06,3359,22,1466.09
CMP0033,2026-06-02,4573,98,1389.05
CMP0023,2026-03-08,613,27,626.5
CMP0018,2026-06-01,9496,52,2551.52
CMP0025,2026-02-16,20568,295,2334.49
CMP0031,2026-04-16,13701,176,1482.97
CMP0009,2025-12-23,18869,254,1676.0
CMP0010,2026-04-18,1463,84,1688.94
CMP0026,2026-05-30,1278,27,507.68
CMP0023,2026-03-07,552,21,544.12
CMP0030,2026-01-15,12657,166,1559.44
CMP0004,2026-07-25,722,34,773.52
CMP0030,2026-03-24,13477,179,1689.8
CMP0033,2026-06-21,3867,92,1274.06
CMP0004,2026-07-06,1151,51,1004.46
CMP0033,2026-05-28,5099,110,1654.17
CMP0016,2026-03-05,4103,160,2120.5
CMP0010,2026-04-17,1970,86,2278.27
CMP0019,2025-12-28,18576,232,1688.76
CMP0020,2025-10-28,1013,51,1205.57
CMP0014,2026-02-03,13881,132,1083.61
CMP0011,2026-05-17,902,43,961.82
CMP0013,2026-01-26,26969,327,3028.66
CMP0010,2026-05-28,1593,95,2218.71
CMP0030,2026-04-20,11185,161,1668.75
CMP0007,2026-01-31,7341,91,962.86
CMP0024,2026-01-10,6431,140,2549.8
CMP0026,2026-07-07,1816,43,827.77
CMP0001,2026-02-16,2012,42,662.89
CMP0004,2026-06-11,755,40,915.59
CMP0021,2026-07-05,2386,17,1116.0
CMP0029,2026-02-07,6457,78,793.1
CMP0030,2026-06-10,12906,160,1531.2
CMP0019,2025-12-08,26238,259,1940.89
CMP0023,2025-12-01,1273,41,755.09
CMP0028,2026-05-22,1803,103,2809.78
CMP0007,2026-01-11,7167,81,792.76
CMP0001,2026-03-21,1905,39,523.78
CMP0018,2026-04-07,9386,63,2713.18
CMP0029,2026-06-04,6751,90,859.3
CMP0018,2026-06-17,10458,57,2427.52
CMP0007,2026-02-22,8261,88,906.44
CMP0008,2026-05-04,37119,365,2613.08
CMP0002,2026-05-09,2421,114,2341.13
CMP0008,2026-02-12,35911,283,2199.39
CMP0031,2026-08-30,13085,165,1256.04
CMP0032,2026-01-03,4426,78,1036.87
CMP0033,2026-05-06,7219,122,1706.65
CMP0031,2026-03-15,12891,149,979.55
CMP0028,2026-01-23,2118,108,2812.14
CMP0022,2026-08-28,5721,107,1184.85
CMP0017,2026-05-01,12762,232,2783.39
CMP0009,2026-02-17,23329,292,1968.48
CMP0002,2026-04-11,2432,92,2226.39
CMP0028,2026-03-19,2772,118,2580.21
CMP0026,2026-04-09,3160,52,795.22
CMP0030,2026-05-17,11415,138,1167.53
CMP0009,2026-02-14,17176,215,1559.4
CMP0012,2026-03-26,2421,91,1279.19
CMP0029,2026-03-06,7346,95,865.16
CMP0015,2026-03-03,39669,395,2862.0
CMP0020,2025-10-11,1313,61,1098.06
CMP0027,2026-02-08,3850,26,1642.83
CMP0023,2025-12-06,604,26,597.43
CMP0005,2026-03-13,23947,200,1537.4
CMP0031,2026-04-14,17875,223,1570.48
CMP0023,2026-02-27,1399,45,846.5
CMP0024,2026-01-22,6867,151,2944.62
CMP0003,2026-07-01,6750,41,2583.09
CMP0032,2025-11-25,4884,85,1582.54
CMP0027,2026-03-28,4726,28,1803.0
CMP0010,2026-06-25,2254,97,2248.68
CMP0021,2026-06-16,5301,27,1253.01
CMP0032,2026-03-13,5842,102,1426.7
CMP0026,2026-03-06,3155,51,644.59
CMP0033,2026-06-01,4337,96,1401.12
CMP0008,2026-05-18,32738,365,2607.66
CMP0013,2026-02-22,19854,270,2287.14
CMP0021,2026-08-15,3846,24,1100.15
CMP0026,2026-07-21,2842,64,824.87
CMP0028,2026-02-12,2557,113,2707.62
CMP0002,2026-04-27,3897,145,2624.07
CMP0018,2026-07-03,16575,82,2820.14
CMP0030,2026-02-17,17075,191,1773.97
CMP0027,2026-02-04,6225,35,2165.15
CMP0021,2026-07-27,4742,26,1426.72
CMP0029,2026-03-21,6674,79,778.03
CMP0016,2026-01-09,3696,129,1844.38
CMP0017,2026-03-06,11894,271,3226.77
CMP0001,2026-03-14,1394,33,478.93
CMP0009,2026-03-16,22393,285,1964.31
CMP0025,2025-11-19,20005,280,2273.51
CMP0032,2025-11-14,4536,95,1711.18
CMP0005,2026-01-14,21077,196,1726.07
CMP0020,2025-10-13,1199,60,1367.81
CMP0028,2026-01-31,1297,73,1941.87
CMP0026,2026-05-02,2319,39,559.48
CMP0025,2025-11-28,21632,272,2379.44
CMP0004,2026-07-22,1168,48,958.84
CMP0028,2025-12-25,2489,117,2745.01
CMP0024,2025-11-11,6793,146,2810.54
CMP0021,2026-08-26,6267,31,1462.09
CMP0017,2026-05-05,9839,234,2786.82
CMP0018,2026-02-11,7819,56,2587.87
CMP0027,2026-02-13,8931,52,2481.16
CMP0023,2025-11-27,983,41,886.2
CMP0027,2025-12-22,7293,38,2478.01
CMP0026,2026-05-11,2273,50,722.65
CMP0021,2026-04-26,5835,33,1091.96
CMP0023,2025-11-25,1194,51,831.65
CMP0019,2026-03-20,21074,295,2299.0
CMP0031,2026-04-20,13663,175,1471.75
CMP0005,2026-01-27,16023,175,1530.21
CMP0013,2026-02-19,29375,357,2919.59
CMP0024,2025-12-08,5891,133,2999.21
CMP0015,2026-06-02,35489,456,3333.53
CMP0032,2025-12-20,2361,54,1176.3
CMP0004,2026-08-20,1099,55,977.33
CMP0013,2026-02-04,28217,365,3022.03
CMP0010,2026-06-07,1910,79,1922.68
CMP0014,2026-06-04,16002,160,1248.12
CMP0006,2026-01-09,34767,361,2973.46
CMP0011,2026-01-15,1959,73,1332.15
CMP0005,2026-03-31,19348,164,1450.82
CMP0029,2026-07-13,11038,112,1003.25
CMP0001,2026-03-18,2147,46,712.38
CMP0001,2026-02-10,2274,53,776.77
CMP0004,2026-06-10,992,41,990.53
CMP0031,2026-07-16,18015,183,1620.96
CMP0004,2026-06-01,790,46,1030.43
CMP0003,2026-08-27,6346,42,2683.74
CMP0026,2026-06-18,2370,44,737.81
CMP0025,2026-02-15,14497,204,1717.17
CMP0024,2026-04-01,8239,170,3022.71
CMP0005,2026-04-15,18117,196,1795.76
CMP0021,2026-07-11,3211,18,902.5
CMP0031,2026-03-29,9116,129,1069.94
CMP0022,2026-07-11,4509,82,1028.11
CMP0004,2026-05-25,1406,61,1040.77
CMP0022,2026-04-23,6690,97,1139.7
CMP0014,2026-01-30,15951,136,1148.43
CMP0008,2026-05-15,43805,343,2425.25
CMP0005,2026-05-28,23550,217,1759.56
CMP0017,2026-05-10,12277,198,2205.11
CMP0033,2026-07-24,5652,117,1714.24
CMP0001,2026-04-09,2598,46,652.8
CMP0030,2026-05-05,15309,197,1795.12
CMP0021,2026-05-01,4124,28,1335.06
CMP0019,2026-02-02,18584,256,1984.66
CMP0011,2026-04-30,1863,73,1266.85
CMP0024,2026-01-31,4831,106,2109.19
CMP0024,2025-12-29,5708,129,2654.64
CMP0028,2026-04-04,1736,76,2222.1
CMP0016,2026-04-04,2232,105,1427.38
CMP0022,2026-04-20,5489,95,1268.27
CMP0008,2026-04-07,35940,297,2154.59
CMP0018,2026-06-03,8689,50,2288.06
CMP0032,2026-01-09,6108,98,1703.21
CMP0022,2026-06-14,5317,87,997.17
CMP0033,2026-04-03,5025,109,1685.88
CMP0014,2026-04-29,13780,133,1186.27
CMP0017,2026-01-09,15367,254,2836.38
CMP0033,2026-05-05,5062,114,1432.17
CMP0032,2026-03-23,3620,85,1554.95
CMP0001,2026-06-12,1822,40,721.15
CMP0031,2026-05-19,12624,181,1453.64
CMP0024,2025-11-30,6487,127,2461.5
CMP0007,2026-01-03,6238,83,769.96
CMP0033,2026-03-22,3945,72,1070.11
CMP0027,2026-05-11,7163,40,2497.99
CMP0025,2026-02-10,21605,302,2411.82
CMP0021,2026-07-26,2520,16,1103.06
CMP0018,2026-03-09,9792,61,2451.3
CMP0025,2026-01-25,17321,227,1840.87
CMP0028,2026-04-03,2824,127,2865.62
CMP0022,2026-08-29,4371,75,878.02
CMP0001,2026-04-21,2132,41,651.43
CMP0032,2026-03-04,5396,87,1533.39
CMP0015,2026-04-25,29337,329,2373.97
CMP0027,2026-03-27,3929,26,2200.64
CMP0026,2026-07-25,1466,34,522.37
CMP0020,2025-11-14,1442,59,1323.88
CMP0032,2026-03-30,3275,76,1499.58
CMP0017,2026-01-02,11921,285,2928.29
CMP0024,2025-12-21,4765,110,2222.68
CMP0031,2026-08-29,12379,142,1120.81
CMP0026,2026-04-12,1589,38,551.24
CMP0028,2026-03-24,1931,106,2925.51
CMP0012,2025-11-27,1963,73,1212.65
CMP0029,2026-01-20,8346,103,902.82
CMP0003,2026-07-19,5101,31,2063.02
CMP0022,2026-07-23,6679,108,1161.18
CMP0030,2026-04-27,12806,182,1747.68
CMP0027,2026-05-25,5845,34,2371.48
CMP0033,2026-03-29,4193,74,1243.44
CMP0030,2026-03-02,18652,226,1798.36
CMP0005,2026-01-09,20346,223,1830.36
CMP0006,2026-03-30,31859,339,2791.12
CMP0001,2026-03-04,2599,43,795.05
CMP0004,2026-05-24,723,39,704.28
CMP0027,2026-01-09,10368,50,2466.38
CMP0008,2026-01-18,28129,262,1863.85
CMP0014,2026-06-13,9254,105,885.44
CMP0011,2025-12-18,1397,62,1313.12
CMP0027,2026-04-16,3849,22,1976.16
CMP0030,2026-04-16,14613,171,1629.96
CMP0029,2026-07-12,6430,83,685.15
CMP0004,2026-07-18,692,29,713.65
CMP0021,2026-08-17,4934,30,1359.76
CMP0021,2026-06-08,2539,16,1262.34
CMP0015,2026-03-06,44981,453,3445.35
CMP0022,2026-06-16,6385,119,1191.21
CMP0005,2026-02-15,15788,161,1193.47
CMP0004,2026-05-30,594,27,713.67
CMP0022,2026-07-14,7000,110,1201.58
CMP0022,2026-06-08,7834,109,1307.92
CMP0032,2025-11-07,4635,95,1503.55
CMP0019,2025-11-29,22969,221,1593.91
CMP0018,2026-03-17,8676,57,2618.47
CMP0012,2026-02-08,1357,59,786.78
CMP0001,2026-05-11,2681,43,755.97
CMP0027,2026-02-06,4734,33,2474.07
CMP0017,2026-04-22,10368,239,2826.5
CMP0019,2025-12-13,19181,198,1504.91
CMP0017,2026-05-25,13177,252,2934.11
CMP0026,2026-07-24,2632,44,723.98
CMP0016,2026-03-19,3071,114,1711.83
CMP0004,2026-05-08,1118,54,1016.28
CMP0028,2026-06-25,1742,93,2589.51
CMP0014,2026-03-13,17599,158,1246.22
CMP0015,2026-03-31,27189,370,2929.3
CMP0008,2026-04-29,31660,260,2134.34
CMP0001,2026-02-17,2184,49,748.38
CMP0028,2026-06-23,1784,88,2627.83
CMP0023,2026-01-07,1348,47,899.69
CMP0029,2026-04-18,5253,61,703.87
CMP0031,2026-07-03,12544,168,1331.36
CMP0025,2025-12-15,25471,268,2046.77
CMP0017,2026-01-30,14286,243,2750.09
CMP0031,2026-06-13,14146,171,1229.96
CMP0029,2026-05-24,7594,82,667.1
CMP0023,2025-12-19,1207,41,889.03
CMP0024,2026-01-25,6213,114,2221.63
CMP0003,2026-04-14,7569,43,3032.65
CMP0027,2026-04-10,6965,45,2475.45
CMP0018,2026-04-05,6720,44,2064.55
CMP0006,2026-02-02,46403,408,3229.36
CMP0031,2026-08-10,13952,158,1326.41
CMP0032,2025-11-26,5552,122,1754.36
CMP0016,2026-02-23,3126,125,1790.44
CMP0004,2026-04-19,887,37,689.64
CMP0023,2026-01-10,843,27,569.38
CMP0028,2026-05-21,1600,95,2578.75
CMP0012,2025-11-13,1592,66,1060.57
CMP0029,2026-03-19,9018,89,992.57
CMP0028,2026-06-03,1742,94,3051.67
CMP0031,2026-04-07,12571,170,1436.62
CMP0032,2026-02-10,3644,72,1490.93
CMP0003,2026-06-17,9961,57,2976.81
CMP0001,2026-07-18,1381,29,559.01
CMP0027,2026-01-26,6437,35,2382.99
CMP0005,2026-04-21,17389,193,1740.35
CMP0018,2026-03-19,7910,53,2271.37
CMP0011,2026-01-27,1681,70,1422.35
CMP0026,2026-03-18,1841,43,750.34
CMP0020,2026-01-01,910,49,1183.52
CMP0017,2026-04-16,12129,272,3124.74
CMP0003,2026-07-20,4949,29,2592.43
CMP0026,2026-04-05,1802,43,602.51
CMP0017,2026-04-26,9079,179,1940.24
CMP0017,2026-03-29,14823,243,2465.72
CMP0004,2026-05-26,1293,68,1044.0
CMP0009,2026-01-15,23847,249,1939.21
CMP0003,2026-04-27,7062,46,2907.07
CMP0019,2025-12-29,20333,282,1959.25
CMP0013,2026-01-15,29627,290,2739.07
CMP0026,2026-05-19,1968,34,705.48
CMP0018,2026-04-10,5994,43,2437.04
CMP0030,2026-04-12,13694,142,1274.66
CMP0026,2026-03-20,2266,53,712.18
CMP0015,2026-05-10,27206,273,2152.71
CMP0008,2026-03-29,23017,243,1840.18
CMP0033,2026-07-11,4008,74,1241.43
CMP0021,2026-07-14,4679,27,1458.82
CMP0008,2026-05-30,26582,242,1726.03
CMP0030,2026-04-22,15386,170,1521.48
CMP0028,2026-04-12,2374,95,2152.51
CMP0012,2026-01-13,1945,84,1163.94
CMP0001,2026-03-27,2156,41,752.38
CMP0007,2025-12-31,10151,112,1184.3
CMP0002,2026-05-28,3643,138,2773.03
CMP0028,2026-06-02,1956,111,2530.49
CMP0013,2026-03-09,30084,342,2543.04
CMP0006,2026-03-01,30624,340,2599.01
CMP0012,2026-02-06,2223,88,1276.7
CMP0001,2026-03-06,1872,40,649.23
CMP0005,2026-06-15,19886,178,1563.45
CMP0028,2026-01-22,2214,121,2978.32
CMP0025,2026-01-30,30644,299,2398.22
CMP0032,2026-03-01,3139,62,1181.71
CMP0032,2026-01-28,4921,80,1465.19
CMP0028,2026-05-16,1275,73,2114.05
CMP0029,2026-06-17,10565,106,957.66
CMP0022,2026-08-16,4953,68,885.65
CMP0008,2026-05-26,34345,386,2693.92
CMP0018,2026-04-20,8119,46,2821.88
CMP0016,2026-01-22,2830,105,1817.59
CMP0014,2026-04-08,13609,142,1121.01
CMP0017,2026-02-13,12219,255,3077.88
CMP0019,2026-02-11,18302,252,1850.1
CMP0018,2026-05-19,7840,38,2541.1
CMP0022,2026-07-02,5449,92,1253.96
CMP0030,2026-04-29,10875,143,1627.45
CMP0024,2026-02-05,7833,131,2683.56
CMP0003,2026-05-28,5641,38,2570.88
CMP0028,2026-03-16,1927,115,2600.8
CMP0031,2026-03-14,10446,138,997.76
CMP0013,2026-02-07,20126,281,2331.99
CMP0012,2025-12-31,2661,96,1320.24
CMP0007,2026-01-15,11694,120,1184.11
CMP0009,2026-03-22,19901,213,1483.71
CMP0009,2025-12-25,20183,266,1858.29
CMP0003,2026-05-25,5929,41,3040.62
CMP0008,2026-07-09,31715,341,2204.09
CMP0030,2026-04-19,10215,132,1180.53
CMP0019,2026-03-09,18363,247,1913.69
CMP0001,2026-02-06,2829,55,702.4
CMP0021,2026-03-29,3433,23,1032.09
CMP0022,2026-05-26,6253,111,1227.79
CMP0012,2025-12-06,1728,59,916.71
CMP0019,2026-01-12,24467,299,2159.31
CMP0031,2026-07-22,18754,194,1504.25
CMP0004,2026-08-18,1113,54,962.82
CMP0004,2026-08-25,879,51,951.08
CMP0017,2026-04-12,10463,223,2239.29
CMP0020,2025-12-03,997,59,1420.98
CMP0012,2025-12-01,1906,87,1277.27
CMP0026,2026-06-26,1925,46,690.4
CMP0003,2026-03-23,9261,46,3040.69
CMP0012,2025-11-17,2302,93,1216.47
CMP0010,2026-04-28,2443,113,2543.27
CMP0009,2026-02-06,26572,257,2011.97
CMP0011,2026-03-30,1817,87,1488.64
CMP0022,2026-08-12,7164,109,1370.17
CMP0008,2026-01-20,31563,357,2634.19
CMP0032,2025-12-10,3848,80,1633.91
CMP0008,2026-06-15,28609,276,2112.54
CMP0018,2026-05-11,7863,52,2432.28
CMP0029,2026-07-05,6277,89,697.33
CMP0020,2025-12-15,1331,68,1334.91
CMP0012,2025-12-28,1761,62,888.72
CMP0014,2026-06-09,14919,148,1207.0
CMP0004,2026-05-28,1434,59,1037.59
CMP0003,2026-06-11,6968,44,2588.73
CMP0033,2026-06-11,5528,116,1546.23
CMP0028,2026-05-24,1589,85,2214.83
CMP0029,2026-03-04,8093,98,952.57
CMP0027,2026-04-09,5438,34,2283.29
CMP0011,2026-04-15,1761,79,1290.18
CMP0031,2026-08-22,11455,130,1022.93
CMP0027,2025-12-18,5136,30,2246.88
CMP0011,2026-05-16,954,36,923.89
CMP0032,2026-01-22,4434,86,1747.81
CMP0027,2026-05-04,4997,31,2142.92
CMP0015,2026-03-22,25489,282,2108.37
CMP0026,2026-06-15,1851,1897,813.62
CMP0014,2026-02-17,17950,147,1189.0
CMP0027,2026-04-21,5647,38,2137.81
CMP0019,2026-02-09,22926,324,2101.74
CMP0016,2026-01-26,3185,120,1880.09
CMP0024,2026-03-01,7951,159,2554.0
CMP0001,2026-02-24,1946,44,644.38
CMP0031,2026-04-08,15101,197,1565.31
CMP0028,2026-04-11,1586,95,2171.75
CMP0008,2026-06-30,33492,323,2286.48
CMP0019,2025-12-12,29914,299,2194.25
CMP0030,2026-04-05,10163,133,1310.32
CMP0028,2026-05-20,2311,102,2654.47
CMP0019,2025-11-17,22362,317,2189.35
CMP0023,2026-03-04,985,37,789.46
CMP0024,2026-03-13,6922,165,3133.51
CMP0024,2026-01-03,6031,115,2398.9
CMP0020,2025-10-10,1515,67,1401.01
CMP0018,2026-03-01,5437,39,1985.7
CMP0008,2026-05-29,28279,312,2335.21
CMP0033,2026-04-29,4909,106,1452.32
CMP0018,2026-04-27,8579,54,2686.02
CMP0029,2026-07-04,4733,57,692.75
CMP0016,2025-12-10,3181,141,1989.4
CMP0027,2026-01-28,6461,43,2513.76
CMP0006,2026-03-05,46073,440,3326.38
CMP0030,2026-06-04,12616,153,1418.61
CMP0019,2026-02-01,26246,255,1739.23
CMP0033,2026-06-06,3448,59,1014.64
CMP0029,2026-04-25,6960,70,687.96
CMP0033,2026-07-23,5644,118,1689.51
CMP0011,2026-02-25,2250,83,1464.34
CMP0021,2026-04-24,6314,34,1308.16
CMP0024,2026-02-25,8924,166,2950.07
CMP0012,2026-01-05,1354,58,1161.55
CMP0032,2025-11-23,4355,70,1195.79
CMP0008,2026-02-07,24624,249,1946.82
CMP0010,2026-03-30,1802,90,2281.05
CMP0010,2026-03-27,2341,100,2522.36
CMP0031,2026-05-23,9420,126,1095.02
CMP0030,2026-02-23,15790,177,1470.72
CMP0001,2026-06-13,1653,38,533.45
CMP0004,2026-07-21,1006,52,1015.46
CMP0008,2026-02-26,24674,250,2104.86
CMP0008,2026-01-15,28453,290,2269.96
CMP0007,2026-01-13,7387,82,997.78
CMP0016,2026-02-04,3133,133,1750.8
CMP0013,2026-02-20,29274,383,3023.32
CMP0011,2026-01-03,1418,54,904.38
CMP0018,2026-07-01,8994,63,2544.83
CMP0017,2026-03-16,13100,233,2643.3
CMP0014,2026-05-28,19923,157,1177.62
CMP0018,2026-04-25,7603,41,1668.45
CMP0029,2026-02-23,10277,116,994.45
CMP0005,2026-03-15,12866,140,1113.38
CMP0005,2026-05-19,24430,227,1688.34
CMP0027,2026-01-17,5080,26,1477.22
CMP0011,2026-02-23,2236,73,1230.53
CMP0027,2026-02-05,5473,33,2168.82
CMP0005,2026-03-02,25972,213,1847.14
CMP0019,2026-02-28,17082,215,1558.67
CMP0032,2026-03-27,5597,100,1620.33
CMP0004,2026-05-23,880,42,616.39
CMP0012,2026-02-27,2781,110,1326.08
CMP0006,2026-02-15,27182,307,2321.26
CMP0020,2025-10-27,1433,64,1275.98
CMP0003,2026-05-06,5868,42,2976.04
CMP0017,2026-01-21,16926,277,2935.01
CMP0019,2025-11-25,23171,268,1899.62
CMP0005,2026-01-30,21227,229,1729.99
CMP0001,2026-05-19,3082,57,783.43
CMP0014,2026-02-13,14259,149,1146.43
CMP0008,2026-04-11,23901,244,1827.1
CMP0020,2025-10-30,1692,72,1447.01
CMP0008,2026-04-23,34398,326,2315.39
CMP0024,2026-03-20,10047,169,3180.63
CMP0008,2026-05-16,32914,275,1988.55
CMP0032,2026-03-05,5435,97,1527.4
CMP0011,2026-01-24,1118,36,895.79
CMP0016,2026-02-08,2926,108,1598.34
CMP0027,2025-12-23,9196,48,2364.51
CMP0018,2026-06-13,7447,47,1940.55
CMP0024,2025-11-28,9346,161,2724.47
CMP0022,2026-06-11,6812,104,1287.32
CMP0017,2026-05-16,13071,235,2425.56
CMP0030,2026-03-11,12935,168,1617.77
CMP0016,2026-04-07,4389,152,2198.15
CMP0029,2025-12-26,8199,99,925.26
CMP0027,2025-12-25,6326,44,2521.85
CMP0033,2026-05-14,4591,103,1631.07
CMP0023,2026-02-03,853,40,861.73
CMP0023,2026-01-08,945,43,719.38
CMP0027,2026-01-01,5869,36,2394.71
CMP0008,2026-03-19,34703,304,2577.16
CMP0014,2026-02-15,9049,93,773.03
CMP0026,2026-03-25,2476,47,811.18
CMP0014,2026-06-06,12124,109,892.45
CMP0022,2026-08-01,5486,96,1025.46
CMP0009,2026-02-25,24748,257,1673.79
CMP0011,2026-01-28,1609,77,1282.97
CMP0028,2026-02-08,1774,97,2147.17
CMP0025,2026-02-05,24370,299,2226.1
CMP0027,2025-12-27,3382,22,1520.66
CMP0012,2025-12-25,1575,63,1163.84
CMP0015,2026-05-02,23063,318,2429.65
CMP0028,2026-06-01,2574,106,2850.16
CMP0003,2026-06-20,7873,42,2168.36
CMP0005,2026-07-01,21873,179,1710.46
CMP0011,2026-05-13,1890,84,1458.66
CMP0005,2026-06-02,18708,214,1654.36
CMP0028,2026-04-03,2824,127,2865.62
CMP0031,2026-07-14,18225,177,1516.35
CMP0021,2026-04-18,3270,19,949.4
CMP0001,2026-07-13,2205,46,697.32
CMP0032,2025-11-16,2771,47,1068.27
CMP0032,2025-11-19,4121,82,1649.95
CMP0026,2026-05-24,1755,31,515.35
CMP0011,2026-03-14,1444,62,1151.34
CMP0004,2026-07-01,962,48,1062.25
CMP0030,2026-02-08,15422,158,1366.27
CMP0008,2026-06-23,28184,318,2142.79
CMP0029,2026-02-15,7588,94,829.72
CMP0023,2025-12-07,960,31,546.75
CMP0017,2026-05-13,10961,250,2925.63
CMP0030,2026-03-04,16695,200,1765.11
CMP0023,2026-03-29,778,32,641.59
CMP0021,2026-04-21,5392,28,1432.34
CMP0008,2026-04-19,29546,292,1873.79
CMP0017,2026-03-12,15308,266,3264.61
CMP0015,2026-03-24,28807,376,2991.5
CMP0010,2026-06-20,1750,76,1819.73
CMP0003,2026-07-05,4399,31,1854.7
CMP0023,2025-12-24,1075,40,770.09
CMP0011,2026-01-06,1899,75,1461.67
CMP0004,2026-06-23,879,50,1015.76
CMP0015,2026-06-05,48540,535,3432.81
CMP0029,2026-01-21,10975,138,1039.44
CMP0032,2025-12-02,5093,82,1421.09
CMP0003,2026-05-31,3704,25,2034.83
CMP0012,2025-11-21,1301,59,1108.96
CMP0005,2026-05-10,18857,150,1336.52
CMP0022,2026-05-19,8085,121,1303.68
CMP0009,2026-01-21,18249,251,1979.78
CMP0010,2026-04-15,1922,94,2468.4
CMP0026,2026-07-15,2253,45,807.47
CMP0022,2026-07-20,6872,92,1232.7
CMP0003,2026-07-17,6339,32,2623.67
CMP0028,2026-05-09,1840,98,2257.52
CMP0029,2026-05-22,8742,111,900.79
CMP0001,2026-04-11,2198,40,541.23
CMP0023,2026-02-02,689,31,809.98
CMP0026,2026-04-20,2097,45,719.72
CMP0015,2026-03-16,30921,442,3180.22
CMP0004,2026-06-07,559,33,766.29
CMP0031,2026-04-15,13459,165,1388.66
CMP0033,2026-04-25,2909,66,1081.88
CMP0018,2026-06-14,8041,41,1914.21
CMP0009,2026-02-24,20876,242,1757.58
CMP0032,2026-02-09,6097,108,1743.16
CMP0018,2026-05-22,9281,59,2593.4
CMP0003,2026-08-31,4776,33,2651.03
CMP0018,2026-02-07,8105,43,1769.8
CMP0011,2026-01-21,1762,74,1304.41
CMP0002,2026-04-06,3515,127,2695.25
CMP0018,2026-05-20,8427,52,2569.82
CMP0023,2026-01-21,983,38,779.91
CMP0015,2026-05-11,37204,376,2748.43
CMP0030,2026-05-30,8669,119,1157.65
CMP0001,2026-06-26,1585,38,760.59
CMP0033,2026-05-17,4242,88,1069.4
CMP0002,2026-05-26,2939,130,3270.33
CMP0027,2026-02-18,5210,37,2330.09
CMP0011,2026-05-22,2526,82,1536.67
CMP0027,2026-04-11,5671,29,1564.42
CMP0003,2026-08-23,3109,22,1829.29
CMP0008,2026-01-13,28348,292,2419.07
CMP0029,2026-06-06,6538,89,748.38
CMP0020,2025-12-10,906,45,1188.19
CMP0028,2026-01-03,1490,66,2017.12
CMP0024,2026-02-03,7068,158,2813.66
CMP0018,2026-04-02,11168,64,2511.31
CMP0017,2026-01-12,16420,273,3088.61
CMP0031,2026-08-19,16238,204,1646.25
CMP0024,2026-01-05,10387,177,3145.65
CMP0021,2026-05-21,5741,31,1358.28
CMP0010,2026-06-21,1095,60,1529.74
CMP0013,2026-02-24,25638,339,2768.64
CMP0008,2026-01-14,36586,375,2654.91
CMP0026,2026-04-01,2484,45,772.31
CMP0028,2026-03-13,2265,97,2735.35
CMP0006,2026-01-19,38880,416,3200.59
CMP0029,2026-03-10,6917,90,962.63
CMP0001,2026-06-29,1324,29,718.65
CMP0009,2026-01-16,20382,260,2007.55
CMP0021,2026-04-12,3283,19,1035.16
CMP0003,2026-07-31,7400,42,2739.12
CMP0025,2026-01-17,22788,223,1831.95
CMP0001,2026-03-20,2488,54,782.2
CMP0028,2026-02-13,2259,133,2983.39
CMP0003,2026-05-19,6493,40,3057.06
CMP0017,2026-02-28,10608,174,2200.16
CMP0031,2026-06-01,18067,199,1642.91
CMP0015,2026-05-30,26539,345,2636.58
CMP0024,2026-02-09,7528,165,3038.53
CMP0019,2025-12-11,21422,276,2000.31
CMP0027,2026-02-28,4941,25,1494.97
CMP0017,2026-03-25,13419,262,3022.08
CMP0021,2026-05-27,2806,20,1268.15
CMP0027,2026-04-20,5999,29,2192.94
CMP0016,2026-03-14,1961,87,1598.33
CMP0011,2026-02-24,1681,57,1453.98
CMP0018,2026-05-27,9667,66,2716.07
CMP0008,2026-02-01,35731,282,1931.36
CMP0018,2026-02-20,6672,45,2315.53
CMP0023,2025-12-23,1090,45,833.41
CMP0027,2026-04-23,4783,30,2136.63
CMP0015,2026-05-18,31719,427,3163.29
CMP0029,2026-04-14,10471,106,1086.14
CMP0029,2026-03-23,9647,103,1105.39
CMP0004,2026-04-26,800,43,704.55
CMP0005,2026-02-26,24616,242,1734.1
CMP0001,2026-04-18,1885,37,506.52
CMP0014,2026-04-13,13983,144,1137.27
CMP0024,2026-04-02,5764,127,2892.83
CMP0011,2026-01-10,1378,57,1106.66
CMP0012,2026-03-02,1729,80,1042.28
CMP0026,2026-06-08,2295,53,751.47
CMP0001,2026-05-27,2060,44,674.15
CMP0008,2026-03-29,23017,243,1840.18
CMP0031,2026-05-27,15505,191,1541.74
CMP0005,2026-07-17,26354,243,1831.74
CMP0015,2026-02-25,32440,360,2978.74
CMP0002,2026-04-29,2901,136,3179.98
CMP0020,2025-11-10,1084,62,1407.36
CMP0011,2026-02-05,2313,77,1291.85
CMP0012,2025-12-18,2146,98,1269.2
CMP0028,2026-06-15,2972,131,2819.67
CMP0013,2026-03-06,23134,269,2465.91
CMP0033,2026-07-02,5750,99,1410.82
CMP0029,2026-06-10,10295,104,979.0
CMP0001,2026-03-10,1856,41,670.13
CMP0006,2026-03-25,40597,385,3158.29
CMP0024,2026-04-05,5751,127,2369.82
CMP0029,2026-01-31,6239,75,756.06
CMP0014,2026-04-10,17663,163,1244.13
CMP0022,2026-06-15,7806,100,1206.13
CMP0003,2026-06-14,3292,21,2087.59
CMP0001,2026-07-20,1684,37,712.1
CMP0022,2026-05-06,5996,83,1112.98
CMP0001,2026-05-30,1427,25,471.74
CMP0004,2026-07-30,844,49,1058.63
CMP0011,2026-03-23,1804,84,1425.54
CMP0020,2025-12-04,914,54,1287.38
CMP0018,2026-05-31,6518,44,1763.41
CMP0008,2026-05-10,26976,298,2024.45
CMP0013,2026-02-10,38267,385,3162.45
CMP0019,2026-03-15,21726,211,1713.44
CMP0027,2026-05-10,2921,19,1492.14
CMP0023,2026-03-09,812,38,865.71
CMP0026,2026-07-10,2139,51,764.41
CMP0030,2026-03-16,13657,147,1464.19
CMP0031,2026-05-18,12633,173,1414.08
CMP0029,2026-03-11,10714,116,864.97
CMP0032,2026-01-14,5225,96,1542.69
CMP0031,2026-05-31,14284,138,1157.54
CMP0014,2026-04-28,19019,166,1169.03
CMP0008,2026-05-07,31531,340,2413.27
CMP0029,2026-06-05,8333,100,980.7
CMP0026,2026-07-01,2336,40,784.97
CMP0001,2026-04-25,1047,25,530.4
CMP0024,2026-03-18,10791,177,3240.3
CMP0016,2026-02-01,1934,91,1341.8
CMP0026,2026-05-21,1495,35,725.97
CMP0026,2026-06-13,1407,30,607.76
CMP0012,2025-11-22,1238,49,860.57
CMP0021,2026-06-11,4775,33,1348.49
CMP0028,2026-07-17,2260,127,3058.48
CMP0031,2026-06-04,18938,217,1678.74
CMP0032,2026-01-13,3712,82,1466.47
CMP0021,2026-04-29,4722,29,1467.99
CMP0012,2025-11-23,1647,54,794.3
CMP0028,2026-03-04,2142,109,2793.5
CMP0019,2026-02-05,25332,302,2187.26
CMP0020,2025-11-07,1214,65,1295.09
CMP0033,2026-05-20,3748,83,1341.71
CMP0017,2026-02-26,16095,282,3110.7
CMP0015,2026-03-20,40737,394,2880.43
CMP0015,2026-05-29,28207,383,3045.72
CMP0013,2026-01-29,31199,404,3124.46
CMP0021,2026-05-24,2293,15,900.96
CMP0028,2025-12-28,1791,86,2310.94
CMP0001,2026-03-15,1804,37,542.23
CMP0014,2026-02-12,15394,132,1122.63
CMP0021,2026-05-19,5625,31,1208.4
CMP0032,2025-12-08,4069,75,1477.17
CMP0030,2026-03-03,11484,149,1572.46
CMP0003,2026-05-09,5266,37,2154.03
CMP0013,2026-01-31,19124,238,2068.23
CMP0025,2026-01-18,16352,228,1895.17
CMP0016,2026-03-10,4201,147,2116.0
CMP0011,2026-04-24,1561,67,1287.96
CMP0016,2026-01-04,2723,108,1281.68
CMP0003,2026-06-24,5135,32,2493.02
CMP0019,2025-11-22,15548,185,1566.16
CMP0009,2026-01-12,23919,274,1690.7
CMP0024,2026-04-07,8302,173,3187.89
CMP0028,2026-02-26,1624,94,2811.5
CMP0014,2026-06-15,14508,151,1080.25
CMP0019,2025-12-24,24769,257,1948.27
CMP0001,2026-06-11,1582,31,641.79
CMP0008,2026-04-21,42999,352,2505.92
CMP0014,2026-06-01,14845,137,1072.36
CMP0026,2026-03-10,1346,32,659.93
CMP0005,2026-04-18,11366,119,1175.91
CMP0010,2026-05-10,1697,74,1880.37
CMP0032,2026-03-26,4825,92,1690.3
CMP0021,2026-08-05,4831,32,1382.23
CMP0002,2026-04-08,3280,114,2722.71
CMP0033,2026-04-23,5638,96,1499.48
CMP0011,2026-04-19,1300,47,981.81
CMP0014,2026-06-05,17257,155,1142.76
CMP0029,2026-01-08,10433,101,992.8
CMP0023,2026-03-06,930,42,765.89
CMP0019,2025-12-02,21775,272,2009.07
CMP0026,2026-04-30,2739,47,695.13
CMP0018,2026-05-24,6448,36,2133.04
CMP0008,2026-04-08,44004,350,2637.81
CMP0005,2026-02-13,23579,204,1517.88
CMP0008,2026-03-13,36309,323,2286.13
CMP0002,2026-04-09,3071,132,2836.81
CMP0031,2026-06-03,17362,215,1676.86
CMP0016,2025-12-07,3524,116,1589.07
CMP0028,2026-01-19,1818,105,2743.11
CMP0033,2026-04-12,3707,77,1251.78
CMP0027,2026-02-03,5596,37,2413.42
CMP0026,2026-03-22,1463,31,516.29
CMP0016,2025-12-13,2043,94,1337.18
CMP0018,2026-06-12,9314,60,2790.12
CMP0019,2026-02-08,22799,232,1749.09
CMP0018,2026-06-06,6205,37,1662.28
CMP0032,2026-02-19,4091,85,1550.93
CMP0024,2025-11-13,8200,177,2999.66
CMP0031,2026-05-02,13034,142,1120.22
CMP0023,2026-04-16,1092,50,879.65
CMP0030,2026-05-08,11436,150,1472.85
CMP0009,2026-03-11,17215,233,1633.45
CMP0018,2026-04-22,9374,59,2668.26
CMP0018,2026-05-05,11527,65,2827.14
CMP0003,2026-06-18,7133,38,2725.73
CMP0014,2026-04-04,9089,76,777.52
CMP0012,2026-03-21,1486,62,857.17
CMP0001,2026-03-17,2546,50,662.57
CMP0032,2026-01-17,3263,76,1314.77
CMP0017,2026-02-18,9441,213,2551.23
CMP0019,2026-02-16,18239,214,1904.52
CMP0026,2026-03-03,2053,40,732.19
CMP0010,2026-06-06,1616,87,1734.53
CMP0017,2026-03-23,11845,269,3243.69
CMP0005,2026-01-25,14680,166,1231.6
CMP0015,2026-04-23,36008,444,3314.93
CMP0022,2026-08-15,7602,111,1042.94
CMP0031,2026-08-12,19320,198,1533.51
CMP0007,2026-01-10,8072,87,792.03
CMP0017,2026-03-17,12481,244,2990.05
CMP0024,2026-02-18,10116,169,2851.11
CMP0021,2026-08-29,4216,21,938.58
CMP0016,2026-02-18,3146,119,2129.65
CMP0014,2026-05-27,15804,154,1243.85
CMP0020,2026-01-03,599,28,915.07
CMP0031,2026-05-25,17618,191,1582.94
CMP0015,2026-04-01,37085,386,3048.5
CMP0014,2026-07-04,15179,129,860.01
CMP0030,2026-06-21,13628,131,1141.53
CMP0007,2026-01-29,6838,94,1256.9
CMP0001,2026-05-17,2357,38,582.84
CMP0026,2026-04-11,1501,32,539.49
CMP0019,2026-01-11,11938,171,1433.72
CMP0029,2026-01-04,5960,69,662.83
CMP0005,2026-02-24,18697,146,1583.46
CMP0008,2026-03-31,31093,327,2407.17
CMP0010,2026-04-27,1957,102,2417.54
CMP0001,2026-04-10,2042,46,676.02
CMP0011,2026-05-01,2375,90,1528.57
CMP0003,2026-07-21,7311,46,2981.2
CMP0007,2026-02-16,6611,89,1006.56
CMP0001,2026-03-31,2719,51,740.96
CMP0005,2026-06-11,23754,242,1776.12
CMP0018,2026-06-04,9036,50,2417.78
CMP0017,2026-01-26,12768,249,2821.91
CMP0020,2025-12-02,1117,54,1487.08
CMP0003,2026-06-22,8381,55,2770.71
CMP0014,2026-06-30,20415,168,1273.14
CMP0019,2025-11-21,26052,265,1846.29
CMP0008,2026-04-30,25285,266,2162.14
CMP0011,2026-01-02,1619,70,1324.3
CMP0023,2025-12-11,1131,45,845.03
CMP0003,2026-05-05,4566,32,2765.77
CMP0006,2026-03-08,33954,350,2571.38
CMP0001,2026-03-16,2772,46,709.98
CMP0025,2025-12-18,20714,289,2069.23
CMP0011,2026-04-03,1312,58,1233.31
CMP0029,2026-04-24,7460,99,1074.36
CMP0014,2026-01-20,14407,137,1052.1
CMP0007,2026-02-05,11038,117,1033.58
CMP0025,2026-01-23,21513,301,2133.5
CMP0005,2026-05-29,19770,218,1831.81
CMP0027,2026-01-10,4518,26,1541.34
CMP0027,2026-05-22,4236,28,2373.55
CMP0016,2026-02-22,3054,108,1631.41
CMP0027,2026-01-29,5659,31,2508.54
CMP0002,2026-04-22,3318,126,2975.06
CMP0023,2026-02-10,654,31,816.72
CMP0017,2026-02-15,8428,170,1914.28
CMP0028,2026-07-12,1855,101,2294.4
CMP0028,2026-04-19,2669,108,2432.56
CMP0019,2026-02-04,20424,260,1854.24
CMP0011,2026-02-27,1422,68,1278.11
CMP0012,2026-02-20,1662,74,1193.4
CMP0017,2026-04-02,13145,221,2722.35
CMP0031,2026-08-17,14221,193,1547.13
CMP0022,2026-05-24,5582,94,996.63
CMP0027,2026-01-04,1980,12,1510.03
CMP0012,2026-01-01,2727,92,1313.26
CMP0021,2026-07-13,3653,23,1311.46
CMP0019,2026-02-25,19382,262,1940.06
CMP0023,2026-03-02,978,37,772.25
CMP0014,2026-04-15,14769,124,1031.42
CMP0017,2026-03-27,12610,290,3186.36
CMP0033,2026-04-01,5086,108,1662.28
CMP0028,2026-05-31,1597,83,2072.33
CMP0008,2026-05-19,34743,367,2653.98
CMP0019,2025-12-21,22196,246,1662.78
CMP0023,2026-01-16,1098,50,797.16
CMP0012,2025-12-26,2210,86,1213.6
CMP0003,2026-08-17,6132,35,2858.32
CMP0027,2025-12-10,5806,35,2431.54
CMP0026,2026-03-15,1428,33,579.68
CMP0011,2025-12-20,1461,60,1103.45
CMP0025,2025-11-27,21807,249,2082.49
CMP0011,2025-12-15,2081,69,1339.07
CMP0025,2025-12-11,22098,292,2403.95
CMP0028,2026-02-28,1772,81,2329.74
CMP0028,2026-03-18,3048,123,2884.46
CMP0030,2026-02-22,10812,113,1066.77
CMP0020,2025-10-24,1394,62,1375.06
CMP0033,2026-05-09,3483,72,1102.77
CMP0006,2026-01-12,49582,463,3370.38
CMP0018,2026-05-30,9857,48,2060.67
CMP0019,2026-01-29,23253,285,2062.2
CMP0031,2026-04-04,13284,154,1184.0
CMP0011,2026-01-05,2548,85,1417.52
CMP0024,2026-02-08,6723,131,2554.05
CMP0001,2026-04-17,2456,51,713.91
CMP0001,2026-02-28,1815,37,586.6
CMP0025,2026-01-03,21059,215,1584.79
CMP0009,2026-01-09,26774,274,1958.86
CMP0009,2026-01-22,17642,251,1662.2
CMP0004,2026-07-05,615,34,652.49
CMP0012,2026-02-14,1193,53,889.35
CMP0028,2026-06-19,2183,100,2807.06
CMP0033,2026-07-05,3101,74,1113.98
CMP0025,2026-02-04,25063,254,2104.68
CMP0009,2026-01-03,15065,191,1255.61
CMP0009,2025-12-26,17584,223,1645.75
CMP0005,2026-02-06,21445,207,1828.32
CMP0005,2026-02-21,15185,137,1270.57
CMP0005,2026-03-03,19979,176,1578.8
CMP0024,2026-02-10,6511,153,3029.98
CMP0019,2026-01-26,28632,300,2272.9
CMP0021,2026-05-22,3984,22,1364.76
CMP0008,2026-07-10,43098,361,2447.71
CMP0021,2026-07-02,5528,27,1336.89
CMP0012,2026-01-20,2031,91,1185.98
CMP0011,2026-04-06,1850,65,1450.76
CMP0020,2025-12-27,514,28,983.04
CMP0003,2026-06-15,7164,36,2734.0
CMP0007,2026-02-08,7629,82,790.74
CMP0033,2026-06-30,3969,86,1336.52
CMP0031,2026-04-27,16003,200,1471.54
CMP0006,2026-02-05,48284,420,3048.58
CMP0032,2025-10-31,4353,85,1568.4
CMP0027,2026-05-26,5778,35,2174.35
CMP0005,2026-03-21,22695,176,1371.42
CMP0028,2026-05-15,2849,119,3041.77
CMP0031,2026-07-23,16521,230,1645.87
CMP0020,2025-10-23,1386,69,1479.46
CMP0019,2026-01-10,22956,243,1759.71
CMP0003,2026-08-14,5757,35,2781.75
CMP0001,2026-07-17,2889,53,777.96
CMP0025,2025-12-03,24663,323,2441.81
CMP0031,2026-08-23,14164,140,1171.96
CMP0018,2026-04-29,10038,57,2388.11
CMP0016,2026-02-09,3603,140,2100.8
CMP0015,2026-06-11,29360,398,3058.67
CMP0013,2026-02-18,29583,350,3020.77
CMP0027,2026-01-31,4353,31,1646.5
CMP0019,2025-12-10,21335,268,2156.79
CMP0008,2026-07-08,26393,300,2150.17
CMP0033,2026-05-12,5914,114,1465.31
CMP0029,2026-01-12,7692,89,924.33
CMP0024,2025-12-25,9999,183,3338.45
CMP0027,2026-02-15,2813,20,1563.36
CMP0028,2026-01-04,1752,95,2387.84
CMP0014,2026-04-03,13999,159,1211.24
CMP0003,2026-04-22,7524,45,2909.38
CMP0008,2026-03-08,26187,296,1896.89
CMP0014,2026-06-10,17290,139,1152.16
CMP0015,2026-04-12,32094,315,2253.87
CMP0022,2026-08-05,7764,105,1216.9
CMP0022,2026-06-12,5126,98,1160.64
CMP0026,2026-04-19,2289,42,551.24
CMP0018,2026-05-26,9780,69,2841.98
CMP0004,2026-07-28,1210,51,824.75
CMP0024,2026-02-26,7672,171,3045.37
CMP0024,2026-03-21,8034,151,2474.2
CMP0015,2026-06-10,35534,417,3178.05
CMP0017,2026-05-17,11013,177,2030.5
CMP0001,2026-03-02,1547,37,757.87
CMP0028,2026-01-16,2144,101,3181.59
CMP0013,2026-03-14,18463,215,1870.01
CMP0003,2026-04-02,7925,49,2962.7
CMP0008,2026-06-23,28184,318,2142.79
CMP0008,2026-06-25,35281,340,2352.3
CMP0031,2026-03-25,19140,194,1572.21
CMP0028,2026-02-10,2130,95,2693.92
CMP0027,2026-03-17,7454,42,2360.24
CMP0018,2026-03-26,6860,49,2555.58
CMP0030,2026-02-06,11700,166,1656.58
CMP0010,2026-06-23,1965,83,2043.95
CMP0005,2026-02-05,21330,197,1497.58
CMP0006,2026-04-01,52060,456,3365.96
CMP0005,2026-06-10,18308,180,1568.68
CMP0030,2026-02-03,18715,194,1603.56
CMP0020,2025-12-29,1059,59,1203.85
CMP0010,2026-05-14,2595,107,2524.0
CMP0029,2026-05-12,9452,9480,1017.17
CMP0023,2025-12-13,631,25,561.07
CMP0011,2026-05-05,2199,93,1273.42
CMP0030,2026-05-10,13351,131,1338.4
CMP0012,2026-02-07,998,47,784.46
CMP0006,2026-03-11,33120,377,2879.6
CMP0010,2026-05-07,1848,104,2387.4
CMP0027,2026-04-15,7383,37,2186.26
CMP0008,2026-02-28,23979,236,1791.01
CMP0003,2026-04-30,5625,40,2784.89
CMP0020,2026-01-02,1467,59,1418.43
CMP0032,2025-11-27,3773,87,1400.96
CMP0021,2026-05-04,5944,29,1379.94
CMP0019,2026-02-07,18416,192,1523.73
CMP0033,2026-06-23,4415,103,1452.36
CMP0026,2026-05-07,1498,30,653.11
CMP0008,2026-06-14,30213,263,1844.61
CMP0007,2026-01-26,7716,100,1040.58
CMP0033,2026-06-12,5462,115,1670.43
CMP0022,2026-05-02,5957,95,973.72
CMP0028,2026-01-17,1180,66,2296.82
CMP0008,2026-02-23,31920,325,2402.65
CMP0001,2026-07-12,1438,31,514.42
CMP0007,2026-03-01,6329,83,903.15
CMP0008,2026-01-25,25802,277,1846.35
CMP0021,2026-08-04,7042,40,1454.21
CMP0001,2026-04-03,2292,48,676.23
CMP0022,2026-08-13,6736,118,1294.88
CMP0031,2026-07-21,14677,164,1337.48
CMP0032,2026-02-12,6693,108,1543.53
CMP0016,2025-12-08,3248,139,2012.14
CMP0001,2026-02-26,2655,59,745.31
CMP0028,2026-01-09,2681,109,3113.31
CMP0020,2026-01-08,1098,60,1342.31
CMP0005,2026-05-14,17817,174,1466.45
CMP0023,2026-03-21,571,24,642.43
CMP0018,2026-06-26,12004,72,2814.99
CMP0030,2026-01-23,19346,193,1626.51
CMP0017,2026-02-09,14508,302,3236.86
CMP0016,2026-02-27,3855,128,1963.04
CMP0021,2026-05-28,4527,23,1240.42
CMP0002,2026-05-05,3272,141,2797.37
CMP0004,2026-06-19,862,46,883.36
CMP0010,2026-05-01,2110,89,2083.2
CMP0006,2026-03-24,47225,433,3035.08
CMP0030,2026-01-10,8607,113,1070.71
CMP0003,2026-07-22,8837,52,3095.15
CMP0019,2026-02-19,23657,321,2300.38
CMP0018,2026-03-07,5738,36,1711.29
CMP0001,2026-02-18,1933,41,791.09
CMP0032,2026-01-18,3600,73,1227.54
CMP0024,2026-01-17,4362,100,2324.14
CMP0033,2026-04-21,4391,103,1602.66
CMP0011,2026-03-17,2272,79,1524.1
CMP0031,2026-03-24,14555,208,1664.75
CMP0012,2026-03-14,1371,60,909.23
CMP0027,2026-05-08,6367,35,2099.51
CMP0026,2026-03-07,1516,28,622.97
CMP0032,2026-03-06,4196,79,1400.96
CMP0014,2026-03-31,13487,155,1005.15
CMP0025,2025-12-12,27627,274,2180.9
CMP0009,2026-02-02,19165,232,1717.31
CMP0011,2025-12-23,2444,90,1488.01
CMP0010,2026-04-25,1303,73,1807.76
CMP0021,2026-07-09,3577,25,1393.0
CMP0014,2026-05-11,13242,152,1184.3
CMP0031,2026-07-26,16550,166,1165.59
CMP0010,2026-06-02,1715,90,2054.51
CMP0024,2026-01-15,10197,172,3307.93
CMP0008,2026-03-06,31144,328,2154.33
CMP0024,2026-01-09,8456,198,3248.37
CMP0004,2026-06-27,832,34,676.67
CMP0003,2026-06-19,3198,20,2467.94
CMP0014,2026-06-26,14032,132,1149.8
CMP0027,2026-04-05,2528,14,1497.63
CMP0019,2026-02-12,23543,268,1969.62
CMP0001,2026-02-04,3044,57,690.31
CMP0003,2026-04-13,8010,55,3102.18
CMP0013,2026-02-15,17640,235,2065.2
CMP0006,2026-02-06,55977,432,3256.26
CMP0022,2026-07-30,6996,104,1162.27
CMP0028,2025-12-26,1836,99,2772.72
CMP0032,2025-12-16,4267,99,1542.5
CMP0018,2026-06-28,7376,38,1776.62
CMP0001,2026-04-12,1517,32,589.09
CMP0003,2026-08-09,5064,33,2303.96
CMP0026,2026-06-01,2253,44,686.29
CMP0022,2026-04-15,6389,122,1250.98
CMP0006,2026-02-20,52054,414,3146.55
CMP0024,2025-11-14,9937,168,3245.24
CMP0027,2026-04-30,7292,40,2160.63
CMP0031,2026-03-11,17743,191,1571.91
CMP0016,2026-01-25,1815,82,1401.58
CMP0001,2026-07-30,2513,41,653.5
CMP0008,2026-02-24,39839,311,2324.28
CMP0026,2026-05-26,2810,55,645.19
CMP0017,2026-02-08,7726,177,1913.47
CMP0009,2026-03-24,21807,291,2074.36
CMP0030,2026-01-21,11019,158,1754.47
CMP0022,2026-08-06,7672,109,1323.51
CMP0027,2026-03-02,6160,37,2355.06
CMP0018,2026-03-24,8069,51,2321.11
CMP0014,2026-04-05,10413,97,881.94
CMP0020,2025-12-20,879,49,982.45
CMP0012,2026-03-03,2593,89,1145.92
CMP0021,2026-06-14,3034,19,1098.01
CMP0017,2026-05-21,18006,295,3253.17
CMP0015,2026-05-01,46684,452,3431.31
CMP0021,2026-08-08,3107,19,1002.24
CMP0012,2025-12-23,1798,65,1069.84
CMP0012,2025-12-13,1840,75,975.8
CMP0029,2026-04-20,11531,114,1022.36
CMP0019,2026-02-15,16868,175,1478.1
CMP0029,2026-04-29,9186,103,1078.26
CMP0004,2026-08-07,840,48,856.97
CMP0011,2026-01-18,1241,42,1015.7
CMP0018,2026-03-27,9752,69,2838.7
CMP0019,2026-02-21,13184,181,1424.73
CMP0013,2026-01-12,26342,352,2839.89
CMP0012,2025-12-04,1870,68,1147.82
CMP0016,2026-01-20,3009,124,1905.17
CMP0014,2026-03-24,13000,133,1113.8
CMP0033,2026-07-15,4728,112,1711.34
CMP0027,2026-03-20,6190,38,2101.29
CMP0032,2025-12-22,3903,70,1610.1
CMP0001,2026-06-03,3354,58,681.98
CMP0029,2026-01-05,8007,94,934.71
CMP0033,2026-05-29,4176,98,1635.68
CMP0008,2026-02-19,32013,283,2163.26
CMP0004,2026-07-10,813,46,924.17
CMP0011,2026-03-22,1542,59,1094.01
CMP0012,2025-12-24,1931,79,1075.99
CMP0027,2026-03-03,7584,45,2349.97
CMP0030,2026-01-27,15084,183,1802.1
CMP0011,2026-01-19,1280,61,1221.67
CMP0011,2025-12-28,909,38,1091.06
CMP0032,2025-11-15,2370,56,1077.57
CMP0023,2025-12-21,839,36,650.26
CMP0029,2026-06-14,5782,75,739.27
CMP0028,2026-01-15,2617,118,3130.84
CMP0027,2026-04-04,4474,27,1489.62
CMP0028,2026-04-24,1888,97,2760.26
CMP0022,2026-04-25,5101,73,863.62
CMP0020,2025-10-14,973,57,1184.98
CMP0021,2026-04-25,2293,16,923.6
CMP0007,2026-01-24,6282,74,860.53
CMP0028,2026-07-25,1895,89,2324.94
CMP0029,2026-01-15,10105,107,1019.73
CMP0031,2026-03-10,20534,200,1430.98
CMP0005,2026-04-24,18209,208,1764.6
CMP0022,2026-05-05,6500,118,1324.04
CMP0005,2026-01-24,13299,123,1220.43
CMP0005,2026-05-27,19883,209,1714.57
CMP0031,2026-05-22,17156,182,1635.39
CMP0032,2025-11-10,4981,80,1508.02
CMP0031,2026-07-20,13744,179,1388.09
CMP0024,2026-01-24,4944,117,2490.78
CMP0030,2026-02-01,13385,146,1357.77
CMP0008,2026-06-22,36861,351,2632.95
CMP0028,2026-01-26,2371,107,2823.07
CMP0017,2026-03-28,8217,190,2230.98
CMP0028,2026-03-10,2589,111,2896.81
CMP0016,2026-02-16,3962,153,2034.39
CMP0003,2026-04-10,9289,50,3138.62
CMP0003,2026-03-17,7004,37,2879.64
CMP0021,2026-04-20,4551,27,1295.48
CMP0014,2026-05-30,10199,96,917.01
CMP0014,2026-05-16,8216,91,789.05
CMP0028,2026-07-18,1702,101,2272.11
CMP0024,2026-03-29,6611,118,2314.99
CMP0005,2026-06-25,23475,182,1642.13
CMP0013,2026-02-05,32225,393,2937.51
CMP0022,2026-08-09,5609,86,1057.64
CMP0005,2026-05-08,25089,208,1747.18
CMP0028,2026-02-03,2061,96,2813.78
CMP0009,2026-02-04,19812,273,2044.99
CMP0011,2026-02-03,2474,80,1539.44
CMP0001,2026-03-30,1490,33,662.58
CMP0006,2026-03-20,51036,475,3437.39
CMP0011,2026-04-09,1849,77,1494.6
CMP0030,2025-12-16,13791,164,1559.89
CMP0025,2026-02-12,18654,254,2172.75
CMP0017,2026-04-24,13673,273,3248.3
CMP0001,2026-04-29,2495,48,687.56
CMP0022,2026-08-11,6488,113,1403.99
CMP0011,2026-02-18,1115,49,1330.7
CMP0022,2026-08-26,7548,119,1384.9
CMP0007,2026-02-11,6422,88,1077.75
CMP0023,2025-12-02,852,30,820.6
CMP0014,2026-01-26,15870,148,1263.24
CMP0014,2026-06-07,14060,112,945.12
CMP0016,2025-12-05,4260,151,2062.31
CMP0020,2025-10-21,863,51,1227.28
CMP0005,2026-06-14,18897,147,1131.53
CMP0032,2026-02-03,4486,99,1602.34
CMP0008,2026-06-07,28689,266,1884.54
CMP0018,2026-03-10,9305,53,2515.55
CMP0032,2025-12-01,5373,98,1379.05
CMP0027,2026-04-29,5047,29,1951.9
CMP0017,2026-04-17,10977,254,2750.03
CMP0028,2026-03-09,1899,96,2844.1
CMP0032,2026-02-13,5859,97,1761.31
CMP0022,2026-05-31,4979,94,1043.98
CMP0005,2026-03-09,18924,171,1561.41
CMP0030,2026-04-17,18360,183,1717.54
CMP0001,2026-06-06,2159,39,547.79
CMP0016,2026-02-13,2641,117,1844.71
CMP0003,2026-06-01,7539,43,2906.45
CMP0011,2026-02-19,1932,73,1512.68
CMP0003,2026-05-02,4267,27,2217.72
CMP0021,2026-08-06,4791,28,1222.78
CMP0008,2026-03-23,39942,367,2553.77
CMP0011,2026-04-05,826,36,939.71
CMP0024,2026-01-20,10767,177,3289.24
CMP0023,2025-12-14,651,30,593.52
CMP0031,2026-04-26,11179,146,1210.34
CMP0001,2026-07-28,2986,58,804.51
CMP0005,2026-02-01,14219,146,1302.35
CMP0027,2026-04-03,6651,36,2158.9
CMP0013,2026-01-16,31381,349,3021.1
CMP0030,2026-04-23,12607,180,1789.16
CMP0030,2026-06-08,16138,169,1726.44
CMP0009,2026-03-18,17967,249,1870.05
CMP0022,2026-06-28,4891,93,1044.32
CMP0033,2026-05-04,4359,89,1432.56
CMP0030,2026-05-09,12651,136,1328.02
CMP0024,2026-04-08,9912,172,2737.95
CMP0014,2026-06-12,12869,145,1155.13
CMP0015,2026-03-13,36405,434,3073.64
CMP0016,2025-12-14,2265,95,1339.21
CMP0015,2026-02-23,27799,375,2949.42
CMP0011,2026-02-07,988,47,1120.32
CMP0027,2026-02-26,4728,26,2430.21
CMP0032,2026-01-12,5646,115,1632.34
CMP0023,2025-12-22,800,35,818.83
CMP0003,2026-08-15,4598,32,1932.18
CMP0005,2026-05-06,19843,174,1466.03
CMP0003,2026-04-25,4602,23,2028.99
CMP0008,2026-01-27,33446,367,2396.8
CMP0001,2026-02-25,1637,36,661.71
CMP0025,2025-12-06,18250,226,1751.33
CMP0028,2026-01-18,1301,71,2052.08
CMP0005,2026-06-28,15268,157,1168.66
CMP0032,2025-11-24,4897,106,1759.92
CMP0011,2025-12-26,2446,83,1494.44
CMP0028,2026-04-07,2351,110,2761.11
CMP0005,2026-05-02,18372,162,1353.67
CMP0013,2026-03-13,26364,343,3013.89
CMP0009,2026-03-23,23723,273,1917.97
CMP0017,2026-05-09,11377,191,2286.29
CMP0033,2026-07-04,3664,77,1043.11
CMP0003,2026-04-21,8027,50,3113.27
CMP0017,2026-05-29,13341,298,3181.35
CMP0029,2026-04-28,8826,115,1083.92
CMP0001,2026-06-09,2006,37,718.13
CMP0020,2025-11-23,748,44,957.98
CMP0026,2026-07-16,2227,38,708.96
CMP0017,2026-05-27,11408,267,2983.88
CMP0027,2026-01-27,5222,33,2431.26
CMP0028,2026-06-11,2154,118,3189.92
CMP0028,2025-12-31,1968,100,2716.48
CMP0005,2026-05-23,15975,156,1236.57
CMP0023,2025-12-30,1365,55,855.5
CMP0005,2026-05-17,11577,131,1187.08
CMP0006,2026-03-12,44936,355,2761.42
CMP0002,2026-04-23,3518,136,3087.14
CMP0025,2026-02-01,16847,200,1699.72
CMP0001,2026-07-05,1421,33,587.09
CMP0005,2026-06-06,14247,142,1291.0
CMP0016,2025-12-25,3631,136,2031.3
CMP0031,2026-08-31,16911,191,1550.98
CMP0032,2026-02-24,5636,104,1670.6
CMP0016,2026-01-10,2054,79,1355.9
CMP0004,2026-06-08,1122,50,862.09
CMP0010,2026-06-15,2146,121,2561.34
CMP0013,2026-01-04,29163,280,2367.45
CMP0029,2026-01-24,6705,73,818.27
CMP0013,2026-03-07,24327,282,2282.35
CMP0030,2026-05-24,13596,140,1281.49
CMP0024,2026-02-22,5930,115,2247.72
CMP0006,2026-03-07,29828,305,2168.13
CMP0025,2026-02-13,29064,298,2336.06
CMP0027,2026-03-25,5968,39,2429.32
CMP0002,2026-05-27,3063,135,3019.73
CMP0007,2025-12-28,7608,77,799.02
CMP0017,2026-01-25,8402,200,2456.53
CMP0025,2026-01-19,27635,293,2262.46
CMP0023,2026-03-14,804,31,617.48
CMP0018,2026-06-07,8881,53,1918.29
CMP0016,2026-02-03,3708,163,2167.11
CMP0008,2026-03-10,33583,318,2252.83
CMP0031,2026-04-10,16257,211,1398.48
CMP0001,2026-04-24,1822,36,634.7
CMP0008,2026-03-15,26563,272,1885.0
CMP0015,2026-03-30,35299,445,3322.21
CMP0017,2026-05-15,11944,210,2604.92
CMP0002,2026-05-23,2945,107,2400.75
CMP0021,2026-05-30,6852,36,1050.3
CMP0017,2026-04-13,12763,230,2589.67
CMP0033,2026-06-28,3624,65,1174.21
CMP0028,2026-06-24,2451,109,2907.19
CMP0026,2026-04-02,2001,38,710.23
CMP0032,2025-12-17,4201,91,1609.38
CMP0018,2026-04-24,10427,59,2494.7
CMP0030,2026-03-15,8844,106,1121.54
CMP0028,2026-06-21,1467,73,2182.4
CMP0030,2026-02-28,14291,166,1353.0
CMP0012,2025-12-21,1581,52,822.4
CMP0023,2025-11-29,742,28,531.53
CMP0011,2026-02-02,1113,53,1234.9
CMP0025,2026-01-24,20564,234,1933.9
CMP0005,2026-02-11,23794,189,1619.92
CMP0008,2026-03-18,33941,366,2545.55
CMP0029,2026-05-03,5767,78,748.07
CMP0013,2026-02-14,18460,237,1975.98
CMP0014,2026-01-18,10942,92,815.79
CMP0029,2026-05-01,9746,111,1078.78
CMP0001,2026-06-05,2588,52,705.46
CMP0024,2025-12-06,4831,100,2120.29
CMP0012,2026-01-19,1758,79,1062.14
CMP0026,2026-03-11,2322,50,666.11
CMP0031,2026-03-26,18082,197,1439.65
CMP0014,2026-02-18,15592,157,1163.58
CMP0030,2026-05-29,11637,161,1651.09
CMP0017,2025-12-31,15208,261,2945.98
CMP0007,2026-01-23,9481,119,1233.36
CMP0033,2026-03-27,5071,112,1724.54
CMP0008,2026-05-12,32065,339,2285.93
CMP0026,2026-06-30,1546,35,807.24
CMP0021,2026-05-20,4206,23,1359.93
CMP0006,2026-01-10,27127,294,2307.1
CMP0016,2025-12-31,4199,147,1834.36
CMP0027,2026-03-13,7019,36,2010.92
CMP0009,2026-02-08,15325,209,1399.59
CMP0024,2026-01-11,7807,144,2387.52
CMP0017,2026-01-15,12761,285,2773.4
CMP0008,2026-03-25,29310,311,2346.64
CMP0003,2026-05-30,3987,24,2086.36
CMP0012,2026-03-18,1852,68,1213.18
CMP0018,2026-06-16,8903,61,2639.49
CMP0023,2025-12-08,862,39,847.6
CMP0012,2026-03-01,2001,72,951.84
CMP0032,2025-11-12,6962,122,1748.99
CMP0032,2025-12-19,3545,67,1414.49
CMP0004,2026-06-02,1038,46,845.7
CMP0007,2026-02-24,8887,112,1226.05
CMP0026,2026-06-21,2432,49,539.6
CMP0007,2026-01-19,10502,105,1120.22
CMP0027,2026-03-06,8558,43,2460.47
CMP0032,2026-01-11,2529,49,1041.26
CMP0019,2026-03-19,20213,236,1907.32
CMP0011,2026-01-17,1590,71,1036.97
CMP0027,2026-04-06,8812,48,2084.85
CMP0011,2026-01-30,1853,79,1469.52
CMP0005,2026-07-11,18933,154,1187.45
CMP0032,2026-03-29,3438,58,1119.38
CMP0026,2026-04-16,2906,53,766.63
CMP0013,2026-01-05,22972,324,2747.56
CMP0017,2026-03-21,8563,188,2443.77
CMP0032,2026-03-31,3755,89,1736.57
CMP0029,2026-06-02,9800,130,1054.8
CMP0023,2026-02-15,779,36,660.5
CMP0025,2025-12-19,22521,322,2406.85
CMP0028,2026-05-18,2316,106,2891.74
CMP0013,2026-01-28,30180,354,3137.58
CMP0030,2026-01-25,13735,134,1324.92
CMP0019,2025-12-22,29102,280,2131.52
CMP0009,2026-02-01,16802,211,1539.32
CMP0009,2026-02-12,17633,235,1648.81
CMP0031,2026-08-24,14312,159,1306.92
CMP0003,2026-03-15,6860,34,1941.8
CMP0020,2025-12-12,1115,46,1164.12
CMP0005,2026-03-25,20015,215,1842.99
CMP0023,2025-11-24,1390,63,905.2
CMP0018,2026-04-30,9654,65,2754.97
CMP0004,2026-06-22,936,55,1017.46
CMP0006,2026-01-31,29544,289,2231.44
CMP0009,2025-12-19,21307,247,1833.43
CMP0017,2026-01-01,17372,285,3268.8
CMP0026,2026-05-05,1953,45,698.44
CMP0004,2026-08-26,731,31,856.76
CMP0015,2026-02-12,40288,411,3065.5
CMP0016,2025-12-18,3035,133,2131.92
CMP0016,2026-03-31,3497,147,2135.12
CMP0029,2026-05-18,6723,92,878.86
CMP0024,2026-03-16,8020,161,2864.06
CMP0003,2026-03-20,4972,27,2485.67
CMP0029,2026-02-24,9629,102,1092.88
CMP0021,2026-04-22,4364,29,1355.46
CMP0017,2026-01-31,9890,215,2343.44
CMP0012,2025-11-18,2360,80,1128.09
CMP0005,2026-03-19,24105,222,1816.08
CMP0024,2025-12-17,9592,180,2993.65
CMP0015,2026-03-23,32429,417,3003.66
CMP0023,2026-02-28,518,24,643.55
CMP0028,2026-04-05,1521,71,2068.02
CMP0016,2026-03-21,2369,103,1338.83
CMP0027,2026-03-08,3222,17,1609.44
CMP0029,2026-02-27,8510,112,986.92
CMP0031,2026-03-19,14594,192,1596.46
CMP0032,2026-02-28,2898,69,1184.54
CMP0002,2026-04-15,3572,140,2966.11
CMP0032,2026-01-01,4831,87,1551.6
CMP0015,2026-04-16,34307,427,2946.57
CMP0013,2026-01-06,35640,360,2945.56
CMP0008,2026-05-02,29919,320,2022.81
CMP0005,2026-02-28,18888,168,1215.13
CMP0011,2026-04-01,2032,75,1428.61
CMP0028,2026-05-10,1334,78,2096.29
CMP0025,2025-11-22,20792,231,1764.69
CMP0021,2026-06-21,5316,27,981.61
CMP0017,2025-12-27,11715,205,2408.13
CMP0002,2026-04-16,2974,115,2779.71
CMP0027,2026-01-21,6586,33,2153.79
CMP0023,2025-11-19,880,37,741.2
CMP0001,2026-07-06,1858,44,728.76
CMP0030,2026-03-25,15080,195,1650.66
CMP0012,2026-03-16,2769,90,1312.26
CMP0019,2025-12-26,23060,252,1863.27
CMP0009,2026-01-30,14501,202,1631.02
CMP0026,2026-05-25,1576,32,674.64
CMP0015,2026-06-09,30337,379,2938.94
CMP0024,2026-03-02,8324,163,2793.94
CMP0018,2026-04-09,7640,55,2481.0
CMP0019,2025-12-17,21714,311,2251.18
CMP0013,2026-02-02,23342,276,2481.62
CMP0025,2025-12-30,34587,336,2500.48
CMP0016,2026-04-01,3797,144,2205.03
CMP0031,2026-04-29,13700,176,1458.12
CMP0005,2026-02-17,20765,169,1557.94
CMP0024,2025-12-23,8802,194,3409.96
CMP0015,2026-05-04,36524,404,2933.05
CMP0013,2026-02-25,33098,346,2801.91
CMP0005,2026-05-11,15857,179,1537.06
CMP0030,2025-12-19,15120,182,1615.59
CMP0020,2025-11-16,940,42,1014.41
CMP0025,2026-01-04,14092,198,1694.33
CMP0012,2026-02-19,1822,81,1115.09
CMP0029,2026-05-17,7523,75,732.76
CMP0011,2026-01-16,2042,77,1510.12
CMP0025,2026-01-14,20676,262,2146.31
CMP0016,2026-03-30,3236,146,1840.77
CMP0030,2025-12-11,11105,135,1468.3
CMP0012,2026-01-03,1308,59,834.86
CMP0023,2026-03-22,756,35,600.99
CMP0018,2026-03-11,7049,47,2431.51
CMP0032,2026-03-18,4454,82,1637.54
CMP0002,2026-04-28,2478,115,2586.57
CMP0024,2026-03-04,10441,201,2973.75
CMP0002,2026-05-02,1661,79,1956.7
CMP0033,2026-05-15,4542,104,1641.84
CMP0001,2026-06-16,1862,38,662.19
CMP0019,2026-03-11,19449,242,1880.28
CMP0029,2026-02-13,10294,119,992.33
CMP0018,2026-06-25,11243,67,2751.06
CMP0014,2026-04-09,16041,155,1272.48
CMP0011,2026-02-17,1480,71,1269.8
CMP0025,2026-01-11,17671,193,1561.86
CMP0018,2026-04-17,9089,51,2355.81
CMP0031,2026-06-15,15955,180,1344.02
CMP0009,2026-03-06,26351,307,2087.21
CMP0012,2025-12-08,1561,74,1046.93
CMP0028,2026-06-06,1680,87,1927.42
CMP0029,2026-07-06,9135,94,1010.77
CMP0014,2026-06-21,15679,122,895.43
CMP0027,2026-05-23,3920,28,1777.75
CMP0027,2026-03-21,5176,25,1631.94
CMP0016,2026-01-11,2124,86,1595.09
CMP0027,2026-05-19,3702,21,1973.01
CMP0002,2026-04-12,1847,88,2189.13
CMP0008,2026-05-09,34674,267,1966.82
CMP0032,2026-02-08,2073,49,1161.09
CMP0031,2026-06-16,14263,176,1372.95
CMP0026,2026-04-03,2129,44,788.31
CMP0027,2026-02-09,10282,52,2514.6
CMP0008,2026-05-28,40280,355,2482.31
CMP0005,2026-05-24,11305,129,1094.4
CMP0009,2026-01-28,20796,236,1803.91
CMP0031,2026-04-23,16559,175,1373.15
CMP0032,2026-03-22,3022,50,1101.22
CMP0033,2026-03-20,4883,98,1565.32
CMP0009,2026-03-10,22046,226,1677.16
CMP0011,2026-02-26,1827,70,1259.1
CMP0015,2026-04-10,34853,479,3529.91
CMP0024,2026-03-17,8197,187,3253.44
CMP0029,2026-06-08,9195,114,1095.11
CMP0001,2026-02-19,3273,59,730.42
CMP0019,2026-03-08,13940,182,1516.85
CMP0029,2026-06-11,8267,100,1041.69
CMP0017,2026-04-15,12094,290,3122.69
CMP0021,2026-07-16,4197,28,1511.36
CMP0027,2026-03-18,4931,34,2131.45
CMP0012,2025-12-02,2392,94,1266.06
CMP0013,2026-03-17,26297,362,3102.85
CMP0009,2026-03-08,16910,216,1529.45
CMP0018,2026-05-16,5965,38,1721.23
CMP0005,2026-04-17,17229,194,1680.76
CMP0012,2026-02-25,1931,79,1305.32
CMP0014,2026-03-17,16481,129,1010.04
CMP0011,2026-04-17,1425,62,1507.83
CMP0028,2026-06-29,2555,123,2827.91
CMP0003,2026-08-05,5970,42,2548.89
CMP0022,2026-05-29,7627,107,1380.49
CMP0023,2025-12-28,576,25,605.09
CMP0005,2026-03-10,26342,209,1833.03
CMP0031,2026-05-13,12603,165,1391.78
CMP0004,2026-07-08,806,40,900.38
CMP0031,2026-05-11,20456,214,1554.44
CMP0021,2026-08-18,5975,38,1351.52
CMP0022,2026-05-30,3993,70,846.89
CMP0018,2026-04-15,7844,53,2351.78
CMP0030,2026-04-07,14085,200,1793.35
CMP0007,2026-01-21,10837,121,1184.81
CMP0019,2026-03-01,18095,197,1509.11
CMP0007,2026-02-09,10236,110,1098.28
CMP0017,2026-01-10,10070,174,2153.25
CMP0005,2026-02-19,17748,189,1460.13
CMP0029,2026-03-08,5857,78,696.55
CMP0032,2025-12-26,4265,82,1507.75
CMP0004,2026-05-18,842,50,1039.47
CMP0029,2026-01-16,6719,86,880.37
CMP0027,2026-02-01,3005,21,1539.79
CMP0027,2026-04-02,5600,35,1976.28
CMP0009,2025-12-31,22554,241,1750.27
CMP0007,2026-01-24,6282,74,860.53
CMP0006,2026-02-13,50551,410,3058.22
CMP0028,2026-01-14,1858,97,2812.56
CMP0026,2026-03-13,2338,45,701.61
CMP0029,2026-05-31,6976,71,739.82
CMP0027,2026-03-30,6892,42,2385.57
CMP0028,2026-05-27,2581,120,3002.3
CMP0018,2026-02-12,10295,63,2725.66
CMP0026,2026-05-17,1839,35,587.87
CMP0033,2026-06-20,4110,81,1195.76
CMP0031,2026-06-05,16921,183,1476.4
CMP0028,2026-02-25,2489,116,3205.17
CMP0022,2026-04-21,6981,129,1207.84
CMP0008,2026-02-25,40868,321,2284.31
CMP0027,2025-12-31,7573,47,2211.7
CMP0005,2026-04-11,17800,155,1384.73
CMP0005,2026-07-03,15243,148,1456.72
CMP0033,2026-04-15,6555,121,1658.55
CMP0003,2026-07-16,4346,25,2539.25
CMP0020,2025-12-26,1525,72,1378.64
CMP0025,2025-11-16,21023,245,1773.43
CMP0017,2026-02-02,11132,255,2707.19
CMP0008,2026-02-27,33705,325,2637.58
CMP0021,2026-08-23,3644,21,1048.19
CMP0001,2026-07-24,2178,52,783.48
CMP0015,2026-05-17,26198,351,2639.84
CMP0018,2026-03-03,8065,51,2290.97
CMP0005,2026-04-20,20369,215,1754.56
CMP0019,2025-12-14,15464,198,1586.25
CMP0028,2026-03-17,2131,103,2686.46
CMP0020,2025-10-03,1114,63,1430.21
CMP0017,2026-01-20,15264,251,2996.67
CMP0008,2026-07-15,31338,344,2385.92
CMP0017,2026-01-17,7798,177,2068.07
CMP0030,2026-05-23,12687,144,1266.95
CMP0017,2026-04-29,15960,258,3039.77
CMP0005,2026-04-03,19411,204,1727.02
CMP0001,2026-07-21,1740,39,643.13
CMP0012,2026-01-02,1938,74,1056.49
CMP0014,2026-05-19,14836,130,1094.71
CMP0029,2026-04-12,5144,72,668.81
CMP0026,2026-04-22,2086,34,743.45
CMP0015,2026-04-20,41090,462,3289.21
CMP0003,2026-03-31,7283,48,3035.9
CMP0010,2026-04-09,1719,77,1993.55
CMP0019,2026-01-21,19515,253,2021.14
CMP0009,2026-01-01,21634,235,1768.98
CMP0032,2026-02-22,3766,77,1299.16
CMP0028,2026-04-30,1675,91,2638.97
CMP0032,2026-01-02,3954,88,1476.8
CMP0008,2026-06-17,40036,349,2455.76
CMP0017,2026-01-04,12920,214,2261.63
CMP0024,2026-01-30,7909,154,3005.04
CMP0004,2026-06-24,1061,54,942.73
CMP0030,2026-03-21,13778,142,1176.4
CMP0031,2026-03-09,18315,188,1437.09
CMP0015,2026-04-15,34240,361,2835.08
CMP0029,2026-07-01,9320,94,982.18
CMP0001,2026-03-13,2228,48,801.71
CMP0003,2026-05-04,5700,37,2666.55
CMP0028,2026-03-06,2370,112,2628.32
CMP0001,2026-02-09,2806,59,683.05
CMP0024,2026-01-07,8002,173,3020.65
CMP0022,2026-05-13,6265,97,1164.21
CMP0019,2026-01-09,27665,278,2012.15
CMP0022,2026-05-12,7183,117,1326.67
CMP0006,2026-02-04,46146,395,2979.07
CMP0009,2026-03-14,14422,184,1352.87
CMP0004,2026-08-03,853,40,889.63
CMP0005,2026-02-03,17729,180,1501.75
CMP0033,2026-06-15,5329,122,1716.03
CMP0033,2026-07-16,4172,93,1406.16
CMP0031,2026-06-30,15777,181,1536.67
CMP0022,2026-07-16,7482,96,1378.83
CMP0028,2026-05-01,2162,109,2738.26
CMP0032,2026-03-02,7052,119,1766.33
CMP0030,2026-01-17,13318,144,1359.15
CMP0026,2026-04-27,1864,32,648.14
CMP0030,2025-12-08,11625,146,1421.31
CMP0022,2026-06-13,4778,79,1016.75
CMP0003,2026-05-14,6431,38,2899.38
CMP0017,2026-04-07,15451,297,3277.92
CMP0019,2025-11-28,21917,302,2044.62
CMP0020,2025-11-08,1078,54,1052.79
CMP0031,2026-04-06,12387,167,1361.68
CMP0032,2026-02-27,4714,104,1750.59
CMP0014,2026-05-13,19288,150,1182.01
CMP0020,2025-11-25,1301,61,1383.23
CMP0031,2026-08-28,15114,176,1470.68
CMP0029,2026-05-14,5679,80,911.33
CMP0003,2026-03-30,8232,49,2877.1
CMP0004,2026-08-17,860,39,854.35
CMP0014,2026-01-31,8568,91,824.52
CMP0014,2026-02-27,16772,147,1228.71
CMP0027,2026-01-07,5026,33,2321.31
CMP0023,2026-01-29,904,37,825.36
CMP0032,2026-03-10,4249,90,1580.23
CMP0005,2026-02-27,17708,180,1572.54
CMP0018,2026-06-22,10691,57,2328.74
CMP0028,2026-07-20,2594,131,3142.0
CMP0005,2026-02-18,17078,195,1522.26
CMP0014,2026-01-28,13416,151,1232.3
CMP0007,2026-02-17,10289,119,1271.75
CMP0032,2025-11-08,2711,58,1067.57
CMP0014,2026-04-24,13440,134,1059.67
CMP0005,2026-01-21,21012,178,1841.58
CMP0016,2026-01-01,3250,123,2006.65
CMP0017,2026-01-22,15056,280,3255.63
CMP0001,2026-04-05,2483,46,601.67
CMP0010,2026-05-11,2063,91,2214.18
CMP0032,2026-03-25,5092,98,1520.54
CMP0007,2026-03-03,9448,133,1256.95
CMP0010,2026-05-23,2143,94,1851.11
CMP0029,2026-02-08,9414,98,824.96
CMP0006,2026-03-04,53493,453,3246.41
CMP0018,2026-03-16,11245,55,2254.77
CMP0008,2026-05-31,27850,228,1710.3
CMP0015,2026-03-12,44174,450,3419.32
CMP0022,2026-07-01,7906,105,1306.42
CMP0025,2026-01-01,31131,320,2519.16
CMP0001,2026-05-21,1863,44,720.75
CMP0017,2026-02-22,11680,212,2264.87
CMP0005,2026-05-04,20031,224,1651.11
CMP0021,2026-05-16,4486,26,1036.21
CMP0030,2026-06-17,14625,187,1774.28
CMP0005,2026-04-26,16106,152,1283.19
CMP0004,2026-07-09,879,47,857.84
CMP0017,2026-03-20,15317,292,3115.53
CMP0030,2026-05-31,13893,137,1119.43
CMP0013,2026-02-09,32500,374,3059.69
CMP0019,2026-02-14,24910,240,1730.31
CMP0032,2025-12-06,3629,79,1311.74
CMP0012,2026-01-17,1126,49,828.19
CMP0007,2026-01-20,7618,103,1211.68
CMP0015,2026-02-17,42115,441,3209.08
CMP0014,2026-03-16,19146,169,1271.19
CMP0002,2026-04-18,3464,116,2347.76
CMP0024,2026-01-02,8260,152,2984.05
CMP0008,2026-06-11,46207,383,2450.71
CMP0018,2026-02-08,9119,52,1912.68
CMP0017,2026-01-05,12241,248,2709.79
CMP0025,2025-12-06,18250,226,1751.33
CMP0032,2026-02-11,5113,94,1777.69
CMP0022,2026-07-21,8131,115,1190.83
CMP0016,2025-12-06,2010,83,1292.25
CMP0005,2026-02-09,18769,207,1576.13
CMP0030,2026-05-21,11085,152,1550.97
CMP0030,2026-06-18,15922,190,1733.53
CMP0027,2025-12-24,6370,32,2361.84
CMP0012,2025-12-17,2031,91,1177.85
CMP0001,2026-04-30,2745,47,683.76
CMP0005,2026-04-07,16542,176,1612.77
CMP0027,2026-04-25,4597,31,1741.64
CMP0006,2026-01-25,32278,355,2607.87
CMP0026,2026-05-04,2103,50,780.01
CMP0005,2026-06-03,21566,224,1713.67
CMP0027,2026-03-10,7283,38,2205.87
CMP0010,2026-05-13,1728,91,2324.6
CMP0028,2026-04-29,2184,109,2869.05
CMP0005,2026-06-08,18890,184,1472.91
CMP0024,2026-01-12,6317,146,2919.92
CMP0019,2026-01-25,19431,205,1512.89
CMP0031,2026-06-09,15328,195,1421.11
CMP0031,2026-04-18,10861,140,1005.97
CMP0019,2026-01-30,20834,265,1896.45
CMP0020,2025-11-30,850,48,994.09
CMP0015,2026-02-22,26722,342,2433.36
CMP0031,2026-07-12,11937,147,1207.55
CMP0017,2026-01-28,12909,280,3227.65
CMP0005,2026-06-09,25096,204,1832.32
CMP0021,2026-04-28,4775,31,1453.72
CMP0003,2026-08-24,5688,32,2634.51
CMP0012,2025-11-07,2070,85,1190.93
CMP0012,2025-11-30,1357,65,894.74
CMP0020,2025-10-20,1132,56,1266.59
CMP0032,2026-03-20,4693,98,1435.23
CMP0024,2025-12-07,7851,126,2504.51
CMP0002,2026-05-07,4138,140,3292.31
CMP0011,2026-02-13,2240,79,1462.2
CMP0023,2026-01-28,759,35,734.78
CMP0007,2026-01-05,10028,115,1131.66
CMP0008,2026-04-16,39631,343,2368.44
CMP0016,2025-12-29,3297,123,1957.33
CMP0014,2026-06-22,20917,177,1263.62
CMP0028,2026-05-12,2119,112,3046.2
CMP0029,2026-03-27,8129,92,889.76
CMP0030,2026-05-12,14948,144,1442.94
CMP0027,2026-05-08,6367,35,2099.51
CMP0004,2026-04-27,948,55,876.21
CMP0011,2026-01-04,2056,67,924.66
CMP0025,2026-02-03,26237,274,2159.03
CMP0013,2026-01-23,27859,330,2718.33
CMP0012,2025-11-26,2129,72,1085.59
CMP0028,2026-06-07,2085,87,2342.83
CMP0013,2026-02-17,23918,321,2723.77
CMP0008,2026-04-15,36402,342,2296.52
CMP0010,2026-06-11,2084,102,2486.52
CMP0023,2026-04-07,1145,47,803.6
CMP0014,2026-06-11,12531,144,1096.5
CMP0008,2026-06-04,46324,395,2584.65
CMP0033,2026-05-31,3528,66,1166.18
CMP0014,2026-06-24,17277,138,1207.14
CMP0004,2026-06-05,1093,51,881.53
CMP0018,2026-05-15,8664,56,2341.33
CMP0018,2026-03-06,7218,44,2452.48
CMP0028,2026-02-05,2805,116,2896.06
CMP0024,2026-01-01,7507,137,2789.99
CMP0026,2026-07-26,1399,32,553.61
CMP0012,2026-01-31,876,39,840.49
CMP0003,2026-06-02,7691,52,3119.22
CMP0023,2026-03-01,791,35,662.54
CMP0020,2025-12-31,1154,69,1470.58
CMP0027,2026-05-24,6354,31,1678.59
CMP0001,2026-05-02,2297,38,474.47
CMP0007,2026-01-28,9679,101,1082.93
CMP0004,2026-08-12,1043,42,971.83
CMP0023,2026-01-17,778,26,602.91
CMP0021,2026-07-25,3088,17,1013.1
CMP0023,2026-04-14,1130,45,758.85
CMP0015,2026-03-14,25173,277,2221.81
CMP0033,2026-06-03,5460,115,1667.55
CMP0008,2026-01-28,36035,352,2454.55
CMP0003,2026-05-17,4968,34,1964.4
CMP0007,2026-02-01,7049,96,928.92
CMP0029,2026-04-17,10452,117,1042.14
CMP0025,2025-11-14,28105,280,2229.97
CMP0023,2026-04-05,573,27,549.05
CMP0028,2026-03-27,2576,121,2946.44
CMP0031,2026-07-15,22677,221,1653.35
CMP0013,2026-01-18,19021,238,2065.55
CMP0028,2026-02-20,2320,109,2669.17
CMP0033,2026-04-19,3725,77,1202.85
CMP0008,2026-05-27,43756,354,2583.46
CMP0014,2026-03-30,14444,127,1134.16
CMP0028,2026-07-22,2059,108,2933.44
CMP0029,2026-01-30,8044,90,982.38
CMP0008,2026-05-25,41051,330,2542.11
CMP0023,2026-01-27,731,35,843.22
CMP0025,2025-12-28,17918,257,1873.44
CMP0016,2026-03-07,2235,91,1468.66
CMP0023,2025-12-12,814,37,851.94
CMP0005,2026-04-02,28909,236,1800.45
CMP0001,2026-06-20,1126,26,479.02
CMP0007,2026-02-03,8139,113,1270.01
CMP0016,2025-12-09,4559,151,2099.44
CMP0012,2026-03-07,1575,71,968.46
CMP0008,2026-07-18,25216,225,1968.28
CMP0032,2025-11-13,5599,91,1469.84
CMP0011,2026-03-21,1452,52,988.55
CMP0016,2026-03-26,3594,128,1743.11
CMP0010,2026-05-30,1323,63,1633.82
CMP0020,2025-11-18,1027,47,1151.6
CMP0017,2026-02-04,14593,306,3270.89
CMP0012,2025-12-19,2282,89,1270.33
CMP0026,2026-03-26,2153,44,702.45
CMP0028,2026-02-23,2164,109,2778.7
CMP0001,2026-07-01,2061,42,799.61
CMP0003,2026-05-01,7120,51,2703.36
CMP0015,2026-04-27,42035,450,3465.8
CMP0032,2026-02-15,3333,71,1212.1
CMP0021,2026-03-24,5852,35,1265.63
CMP0015,2026-04-07,27805,391,2861.51
CMP0032,2025-11-04,4957,83,1668.17
CMP0028,2026-06-16,2154,108,2576.14
CMP0030,2026-05-15,12915,171,1788.35
CMP0014,2026-04-17,15394,140,1210.62
CMP0022,2026-06-27,4359,75,850.52
CMP0017,2026-05-20,12443,214,2888.44
CMP0013,2026-02-07,20126,281,2331.99
CMP0004,2026-06-13,1069,47,768.42
CMP0010,2026-06-13,1255,69,1505.36
CMP0028,2026-01-05,2060,104,2821.66
CMP0006,2026-02-14,31418,328,2217.48
CMP0010,2026-03-26,1998,94,2239.55
CMP0029,2026-01-25,5998,79,789.6
CMP0018,2026-05-25,10314,59,2431.88
CMP0023,2026-03-27,1040,49,877.36
CMP0026,2026-05-27,2375,40,663.15
CMP0033,2026-07-21,4819,94,1587.35
CMP0033,2026-04-08,5118,98,1416.35
CMP0020,2025-12-05,1032,61,1305.21
CMP0021,2026-06-05,5569,29,1229.55
CMP0012,2026-01-14,2421,85,1084.62
CMP0022,2026-04-22,5493,102,1180.53
CMP0005,2026-05-16,14745,165,1284.36
CMP0012,2026-02-05,1582,66,1033.63
CMP0028,2026-07-15,2339,113,2751.22
CMP0005,2026-01-11,12259,134,1095.11
CMP0017,2026-05-30,10272,231,2389.79
CMP0032,2025-11-21,3845,74,1387.51
CMP0027,2025-12-13,3056,22,1545.8
CMP0021,2026-05-15,5508,31,1180.07
CMP0033,2026-05-10,3712,81,1145.55
CMP0026,2026-04-07,2263,48,714.81
CMP0024,2026-02-17,6849,148,2887.82
CMP0011,2026-05-14,1774,68,1466.81
CMP0015,2026-05-25,34916,460,3493.63
CMP0008,2026-01-24,30851,276,2016.03
CMP0013,2026-01-24,21472,231,2090.91
CMP0003,2026-05-08,5870,38,2441.32
CMP0011,2026-01-07,2025,69,1495.34
CMP0027,2026-01-13,5383,34,2514.94
CMP0013,2026-03-04,25131,312,2814.5
CMP0006,2026-03-10,41027,411,3262.37
CMP0031,2026-05-05,16297,170,1511.75
CMP0018,2026-02-18,9610,52,2233.34
CMP0012,2025-11-19,2327,86,1072.51
CMP0014,2026-04-22,15457,162,1219.02
CMP0031,2026-07-27,14384,174,1437.84
CMP0008,2026-07-14,31886,309,2108.58
CMP0030,2026-03-12,14344,173,1794.97
CMP0015,2026-05-23,28294,318,2495.86
CMP0029,2025-12-28,6365,84,777.6
CMP0031,2026-04-19,12714,152,1220.3
CMP0032,2025-11-20,3616,81,1414.06
CMP0022,2026-04-13,6201,85,1101.39
CMP0010,2026-05-03,1034,55,1498.16
CMP0003,2026-05-27,8825,43,3087.37
CMP0024,2025-11-18,8320,164,3247.37
CMP0002,2026-05-19,3350,148,3305.12
CMP0032,2025-11-29,2885,63,1107.39
CMP0018,2026-02-09,8375,44,2626.59
CMP0022,2026-05-01,6893,118,1252.57
CMP0028,2026-05-29,1848,89,2746.84
CMP0006,2026-01-07,47898,429,3218.62
CMP0012,2026-02-17,2245,83,1123.26
CMP0015,2026-05-07,34005,394,2960.78
CMP0032,2026-03-15,3704,62,1303.0
CMP0027,2025-12-06,4288,24,1622.66
CMP0023,2026-02-08,685,26,551.52
CMP0021,2026-04-04,3194,20,1071.0
CMP0015,2026-02-18,44062,458,3326.93
CMP0027,2026-02-14,3648,26,1718.9
CMP0015,2026-06-06,25087,330,2564.46
CMP0008,2026-04-25,29872,260,1927.93
CMP0011,2026-04-25,858,39,913.88
CMP0025,2026-01-29,24632,292,2304.56
CMP0011,2025-12-14,1223,57,1128.43
CMP0004,2026-05-27,908,51,916.29
CMP0029,2026-05-21,6405,86,980.33
CMP0001,2026-07-27,1658,39,683.2
CMP0003,2026-04-05,5699,36,2073.27
CMP0008,2026-06-20,29115,284,1958.89
CMP0012,2026-02-02,2478,83,1259.96
CMP0008,2026-05-06,36639,337,2439.09
CMP0022,2026-05-17,5301,77,832.53
CMP0012,2025-11-12,1917,79,1169.42
CMP0014,2026-02-21,9482,107,906.58
CMP0026,2026-05-22,1381,30,652.24
CMP0020,2025-12-25,1374,69,1352.73
CMP0003,2026-07-25,3971,25,2151.37
CMP0016,2026-03-13,3257,108,1988.39
CMP0029,2026-03-24,7811,84,934.57
CMP0027,2025-12-08,8588,45,2373.31
CMP0022,2026-05-04,6947,116,1265.52
CMP0011,2026-04-22,1848,61,1390.34
CMP0027,2026-01-24,3881,20,1472.26
CMP0033,2026-06-16,4904,87,1390.37
CMP0027,2026-02-25,4459,26,1972.65
CMP0001,2026-03-25,2390,47,779.04
CMP0015,2026-03-21,35416,344,2395.13
CMP0028,2026-01-20,2201,100,2546.25
CMP0030,2026-05-04,13792,151,1486.02
CMP0004,2026-06-12,872,50,952.16
CMP0026,2026-04-21,1344,29,657.82
CMP0017,2026-05-31,7223,159,1942.76
CMP0030,2026-02-26,13764,167,1692.06
CMP0018,2026-04-06,9054,61,2369.98
CMP0022,2026-06-01,6409,92,1124.75
CMP0024,2025-11-19,9193,161,3122.79
CMP0030,2026-01-22,13164,176,1718.3
CMP0028,2026-07-11,1500,86,2163.62
CMP0019,2026-01-18,21141,230,1704.77
CMP0022,2026-08-20,7041,93,1234.16
CMP0030,2026-01-01,15057,192,1816.71
CMP0001,2026-04-08,2249,41,682.54
CMP0032,2026-01-20,4457,85,1402.28
CMP0006,2026-01-30,37375,394,2900.44
CMP0030,2026-03-09,14672,203,1700.66
CMP0021,2026-06-29,4540,29,1430.68
CMP0020,2025-11-24,847,44,1175.26
CMP0026,2026-07-20,2350,38,655.27
CMP0033,2026-05-25,6708,124,1695.06
CMP0018,2026-05-07,10055,57,2788.64
CMP0022,2026-04-28,6561,110,1284.41
CMP0032,2025-12-18,3401,80,1443.53
CMP0029,2026-05-19,8478,121,996.47
CMP0005,2026-06-24,22973,214,1835.56
CMP0031,2026-06-26,18587,187,1427.44
CMP0031,2026-06-08,15576,181,1420.08
CMP0014,2026-03-29,9886,99,749.13
CMP0033,2026-05-18,7220,120,1554.17
CMP0014,2026-03-15,10270,116,814.76
CMP0024,2025-12-10,7488,148,2673.27
CMP0003,2026-04-01,7155,43,2807.2
CMP0023,2025-11-22,615,28,622.58
CMP0032,2026-02-21,3468,81,1236.11
CMP0031,2026-06-02,15280,168,1358.97
CMP0011,2026-05-20,1688,78,1485.06
CMP0021,2026-06-10,4902,31,1447.75
CMP0030,2026-05-20,13955,174,1782.86
CMP0021,2026-05-18,4253,23,1286.39
CMP0021,2026-08-01,3489,17,943.05
CMP0002,2026-04-25,3198,107,2464.6
CMP0002,2026-05-16,2360,97,1993.75
CMP0009,2026-01-14,21711,284,1947.11
CMP0032,2026-01-25,3446,80,1186.22
CMP0025,2025-12-02,24426,292,2370.71
CMP0017,2026-05-19,12303,251,2604.79
CMP0011,2026-03-12,1633,77,1543.23
CMP0023,2026-04-01,840,30,781.95
CMP0011,2026-02-14,1434,49,1083.33
CMP0020,2026-01-13,1000,49,1254.27
CMP0022,2026-05-15,7162,112,1246.61
CMP0005,2026-03-16,19496,202,1731.61
CMP0006,2026-04-03,37607,391,2892.31
CMP0003,2026-05-21,5520,35,2989.72
CMP0031,2026-08-22,11455,130,1022.93
CMP0015,2026-03-01,29991,380,2548.23
CMP0022,2026-05-09,5109,84,874.52
CMP0031,2026-05-30,15324,149,1163.5
CMP0004,2026-04-28,619,35,831.53
CMP0001,2026-06-02,1462,35,750.51
CMP0031,2026-05-01,12981,176,1346.37
CMP0032,2025-12-13,3279,59,1039.24
CMP0014,2026-06-27,14071,117,814.23
CMP0008,2026-05-08,29713,309,2221.44
CMP0025,2026-01-08,24399,290,2511.94
CMP0030,2026-03-08,14095,138,1113.16
CMP0024,2025-11-17,6312,130,2845.52
CMP0007,2026-02-23,10443,133,1189.02
CMP0010,2026-03-29,1006,57,1846.34
CMP0031,2026-07-17,15847,203,1535.36
CMP0029,2026-01-18,6006,64,697.36
CMP0029,2026-06-12,9426,105,962.34
CMP0004,2026-08-21,1154,58,1039.96
CMP0003,2026-08-12,8502,46,2584.99
CMP0031,2026-05-15,18391,220,1606.62
CMP0013,2026-01-13,32922,403,3142.76
CMP0022,2026-08-25,7539,143,1334.64
CMP0025,2026-01-05,24485,262,2114.2
CMP0022,2026-05-16,6241,81,1029.98
CMP0018,2026-05-12,10576,51,2440.51
CMP0024,2025-11-25,8868,207,3374.1
CMP0014,2026-03-18,16454,156,1166.7
CMP0002,2026-05-13,3117,141,3197.95
CMP0024,2026-01-18,5853,129,2441.32
CMP0004,2026-06-29,963,52,1044.95
CMP0027,2026-04-17,7791,38,2431.13
CMP0024,2025-12-13,4162,96,2164.09
CMP0006,2026-02-17,40196,367,2908.4
CMP0026,2026-03-17,2791,47,674.3
CMP0025,2025-12-29,23083,266,2290.47
CMP0029,2026-03-26,5472,78,1056.26
CMP0008,2026-04-02,35319,379,2659.03
CMP0019,2025-12-19,29726,291,2211.69
CMP0026,2026-04-04,1986,37,561.27
CMP0003,2026-07-27,7988,45,2651.68
CMP0018,2026-07-02,7434,53,2273.23
CMP0010,2026-04-11,1309,59,1660.8
CMP0002,2026-05-12,4056,137,2979.13
CMP0003,2026-05-29,5696,37,2477.27
CMP0024,2026-02-12,7207,141,2764.27
CMP0001,2026-03-19,2096,42,696.64
CMP0032,2025-12-14,2852,65,1175.07
CMP0030,2026-04-21,17603,191,1663.16
CMP0026,2026-06-03,1940,44,785.73
CMP0023,2026-03-30,641,30,804.01
CMP0024,2025-12-20,5526,126,2159.98
CMP0029,2026-06-07,4964,61,671.39
CMP0012,2026-03-20,1977,89,1260.1
CMP0002,2026-04-30,3094,142,3290.61
CMP0022,2026-07-13,7234,119,1307.66
CMP0010,2026-05-09,1186,63,1661.75
CMP0012,2026-01-25,1391,50,785.81
CMP0027,2026-01-19,5439,39,2462.89
CMP0030,2026-02-12,13980,199,1791.22
CMP0020,2025-10-08,1210,65,1353.43
CMP0006,2026-03-13,56805,462,3359.14
CMP0026,2026-06-25,2499,47,681.57
CMP0001,2026-07-08,1791,40,752.12
CMP0033,2026-06-04,6680,112,1496.19
CMP0002,2026-05-25,2868,133,3057.33
CMP0029,2026-02-09,9199,104,922.9
CMP0029,2026-05-07,7883,88,1019.01
CMP0020,2026-01-19,1629,68,1273.85
CMP0006,2026-02-16,42087,344,2764.99
CMP0014,2026-03-05,19742,163,1141.38
CMP0024,2026-02-13,6754,160,3174.4
CMP0021,2026-04-05,3894,19,893.42
CMP0005,2026-03-20,20781,202,1712.35
CMP0032,2026-02-02,4056,84,1624.0
CMP0018,2026-05-02,10010,50,2008.26
CMP0033,2026-05-16,4455,80,1075.83
CMP0013,2026-01-20,28494,330,2844.47
CMP0011,2026-05-19,1707,79,1317.32
CMP0022,2026-07-24,5373,96,1177.35
CMP0014,2026-06-16,15926,137,1156.95
CMP0006,2026-03-21,37796,342,2463.61
CMP0013,2026-02-08,19033,245,2141.47
CMP0028,2026-07-08,2653,107,3213.74
CMP0022,2026-08-04,7622,112,1398.18
CMP0028,2026-04-26,1494,88,2319.67
CMP0022,2026-08-30,5684,81,904.79
CMP0026,2026-05-18,2107,45,712.64
CMP0029,2026-04-19,7569,81,666.03
CMP0028,2026-04-02,2041,118,2905.51
CMP0004,2026-08-04,747,40,944.49
CMP0021,2026-04-19,3261,20,943.65
CMP0001,2026-07-07,2514,53,804.44
CMP0024,2026-04-06,9464,158,3165.33
CMP0024,2026-01-04,7294,118,2355.3
CMP0023,2025-11-30,699,23,580.7
CMP0011,2025-12-30,2078,79,1472.73
CMP0003,2026-05-20,5300,32,2622.88
CMP0030,2026-01-05,14474,181,1671.76
CMP0025,2026-02-06,27098,325,2551.72
CMP0029,2026-04-08,7754,102,1045.71
CMP0014,2026-05-17,12212,104,853.08
CMP0001,2026-04-26,1987,32,581.6
CMP0020,2025-11-04,876,50,1225.6
CMP0015,2026-05-16,28424,296,2172.13
CMP0016,2025-12-21,2755,89,1366.62
CMP0027,2026-01-18,4393,22,1654.38
CMP0012,2026-02-28,1577,53,964.36
CMP0023,2025-12-25,1290,47,783.12
CMP0021,2026-06-18,6952,38,1438.56
CMP0026,2026-05-03,1507,36,531.81
CMP0016,2026-03-01,3158,103,1301.6
CMP0014,2026-04-11,11356,112,901.67
CMP0012,2025-12-10,1727,77,1064.66
CMP0016,2026-03-23,3147,131,2190.87
CMP0009,2026-02-26,30239,292,1933.76
CMP0020,2026-01-11,1019,41,888.14
CMP0030,2026-06-05,10343,147,1472.46
CMP0031,2026-08-21,16496,175,1413.18
CMP0005,2026-03-06,24839,213,1633.77
CMP0024,2025-11-09,5562,117,2011.8
CMP0026,2026-06-17,2108,50,711.52
CMP0008,2026-04-26,27252,290,1974.93
CMP0023,2026-03-15,692,30,614.18
CMP0032,2026-03-11,3763,86,1567.2
CMP0029,2026-01-18,6006,64,697.36
CMP0017,2026-03-22,9665,181,2227.67
CMP0026,2026-05-16,1924,45,585.3
CMP0024,2025-11-16,8267,139,2189.94
CMP0010,2026-04-05,1044,61,1518.27
CMP0005,2026-03-26,19113,191,1543.3
CMP0008,2026-06-06,32018,248,1754.07
CMP0018,2026-05-03,7011,38,2003.48
CMP0006,2026-02-19,43900,473,3443.22
CMP0030,2026-06-14,9133,117,1139.63
CMP0022,2026-04-27,6016,111,1395.32
CMP0031,2026-05-06,16982,194,1607.18
CMP0008,2026-07-01,32372,346,2142.62
CMP0013,2026-02-23,29776,303,2574.27
CMP0013,2026-01-07,28345,379,3065.43
CMP0001,2026-06-27,1704,29,509.16
CMP0030,2026-05-16,10855,156,1339.04
CMP0001,2026-05-04,1911,45,809.34
CMP0005,2026-05-13,16275,173,1587.2
CMP0031,2026-07-10,15745,200,1563.42
CMP0026,2026-05-29,1706,37,749.81
CMP0001,2026-05-07,2000,38,677.75
CMP0006,2026-03-29,34974,286,2128.4
CMP0032,2026-03-08,3173,71,1230.31
CMP0011,2026-03-29,1379,62,1113.1
CMP0029,2026-04-02,8169,103,986.38
CMP0018,2026-03-15,7517,49,2001.4
CMP0012,2025-12-16,2262,75,1233.71
CMP0018,2026-02-14,5156,35,2019.52
CMP0012,2025-11-14,2722,98,1279.1
CMP0029,2026-02-10,6223,88,1007.83
CMP0025,2025-11-13,25247,274,2083.05
CMP0008,2026-04-10,46597,370,2346.09
CMP0007,2026-01-07,7772,108,1158.13
CMP0028,2026-07-19,1519,89,2302.02
CMP0009,2026-01-25,16529,221,1326.8
CMP0018,2026-02-26,9089,54,2485.71
CMP0009,2025-12-17,16371,221,1672.62
CMP0001,2026-04-28,1750,33,666.44
CMP0017,2026-04-20,14834,240,2589.85
CMP0030,2026-04-15,18638,197,1823.41
CMP0032,2025-11-17,4016,79,1738.23
CMP0026,2026-06-07,1356,29,570.81
CMP0012,2026-02-21,1837,70,950.47
CMP0013,2026-03-01,20305,274,2335.99
CMP0012,2026-02-10,2043,77,1275.14
CMP0028,2026-03-30,2468,133,2811.31
CMP0027,2026-03-07,3182,19,1843.27
CMP0015,2026-03-19,44026,465,3381.3
CMP0024,2025-12-30,8376,164,3076.15
CMP0015,2026-02-28,22054,289,2140.97
CMP0022,2026-06-26,6279,98,1262.13
CMP0031,2026-04-25,13305,174,1245.08
CMP0027,2026-03-11,3560,25,1955.81
CMP0025,2025-12-05,19928,259,2007.57
CMP0022,2026-07-06,7647,103,1375.83
CMP0022,2026-07-12,5166,90,998.72
CMP0023,2026-01-24,787,28,649.23
CMP0014,2026-06-14,8822,100,792.7
CMP0029,2026-02-05,6821,90,895.26
CMP0021,2026-03-27,4529,27,1350.1
CMP0012,2026-01-10,1251,45,783.27
CMP0012,2026-02-16,1909,89,1082.65
CMP0003,2026-06-10,6815,36,2876.53
CMP0020,2025-10-17,1319,77,1472.32
CMP0026,2026-04-13,2134,44,738.83
CMP0019,2025-11-26,28411,281,2046.03
CMP0021,2026-06-02,3552,25,1343.35
CMP0009,2025-12-24,23135,268,1728.83
CMP0026,2026-06-09,2268,45,813.97
CMP0017,2026-04-23,10528,242,2622.16
CMP0011,2026-02-16,2286,83,1486.34
CMP0017,2026-01-07,13406,293,3028.61
CMP0011,2026-03-07,1116,44,908.25
CMP0022,2026-05-11,5802,104,1185.27
CMP0003,2026-08-30,5078,30,2202.33
CMP0003,2026-04-20,6707,33,2683.74
CMP0008,2026-06-16,31223,342,2367.19
CMP0018,2026-06-09,7278,47,2380.75
CMP0017,2026-01-27,15930,270,3078.36
CMP0014,2026-02-25,14128,117,997.62
CMP0008,2026-02-08,26250,241,1664.47
CMP0028,2026-04-14,1414,71,2592.52
CMP0029,2026-03-18,7632,94,886.93
CMP0029,2026-04-13,6603,88,1089.04
CMP0002,2026-05-31,2646,107,2184.72
CMP0033,2026-03-25,4699,101,1387.4
CMP0012,2025-11-28,2133,95,1196.44
CMP0008,2026-02-15,25491,291,1950.11
CMP0024,2026-02-07,5996,124,2314.99
CMP0025,2025-12-04,28435,282,2065.07
CMP0022,2026-07-29,8016,106,1304.7
CMP0008,2026-03-12,32106,318,2221.92
CMP0004,2026-06-26,865,38,927.89
CMP0014,2026-06-17,16383,128,1104.91
CMP0017,2026-03-18,12416,236,2789.58
CMP0003,2026-06-04,9279,45,3006.77
CMP0009,2026-01-31,15045,159,1297.95
CMP0017,2026-05-23,11059,217,2014.18
CMP0019,2026-02-24,19708,257,1971.38
CMP0029,2026-03-22,6954,89,812.72
CMP0017,2026-02-20,11006,264,2931.31
CMP0016,2026-01-12,2902,127,2044.91
CMP0019,2026-02-13,23329,247,2034.6
CMP0033,2026-06-18,5955,116,1501.22
CMP0014,2026-05-29,17470,148,1174.36
CMP0016,2025-12-27,3333,112,1443.62
CMP0022,2026-08-23,4929,87,1003.05
CMP0022,2026-05-07,8003,118,1372.15
CMP0022,2026-07-19,4827,91,961.12
CMP0018,2026-02-27,12924,67,2551.24
CMP0004,2026-04-25,832,40,736.63
CMP0032,2025-12-12,5840,101,1637.95
CMP0022,2026-05-06,5996,83,1112.98
CMP0028,2026-03-21,1917,90,2148.22
CMP0019,2026-02-26,22491,283,2146.62
CMP0024,2026-03-07,6975,124,2086.43
CMP0031,2026-04-03,18270,223,1603.66
CMP0027,2026-01-22,5128,29,2105.04
CMP0025,2025-12-08,18976,246,2118.34
CMP0015,2026-05-14,46666,455,3400.64
CMP0015,2026-03-25,47147,459,3499.74
CMP0027,2026-03-22,3557,18,1470.98
CMP0010,2026-05-29,2163,103,2193.74
CMP0031,2026-08-11,13688,186,1498.65
CMP0020,2025-12-11,884,42,1173.79
CMP0011,2026-04-08,1607,67,1451.04
CMP0010,2026-04-08,2277,98,2490.92
CMP0008,2026-03-09,29963,339,2507.57
CMP0010,2026-04-24,1677,90,2187.57
CMP0005,2026-02-25,16818,181,1716.19
CMP0001,2026-05-18,3100,54,776.2
CMP0005,2026-04-06,21338,222,1602.63
CMP0023,2026-04-15,1166,42,829.32
CMP0008,2026-05-01,31497,338,2378.62
CMP0001,2026-05-05,2395,41,709.13
CMP0022,2026-06-22,6122,113,1386.85
CMP0007,2026-03-03,9448,133,1256.95
CMP0017,2026-02-19,15208,268,2925.19
CMP0002,2026-05-15,3444,123,2887.0
CMP0024,2025-12-26,8199,149,2974.18
CMP0008,2026-02-13,34011,337,2275.85
CMP0010,2026-06-03,1853,94,2341.81
CMP0008,2026-02-09,31610,340,2378.51
CMP0024,2026-03-25,6345,139,3016.57
CMP0027,2026-02-02,5557,36,2365.09
CMP0015,2026-02-24,44369,457,3203.56
CMP0013,2026-03-10,25326,321,2876.36
CMP0001,2026-02-08,1728,36,476.91
CMP0031,2026-05-08,13554,154,1321.13
CMP0029,2026-02-25,6987,85,872.26
CMP0023,2026-01-30,1215,40,808.92
CMP0001,2026-02-21,1681,28,504.1
CMP0015,2026-06-12,35649,398,2941.7
CMP0021,2026-06-04,5545,30,1413.25
CMP0017,2026-05-12,10597,246,2851.84
CMP0006,2026-03-06,44087,370,2814.77
CMP0011,2025-12-19,1509,72,1516.72
CMP0033,2026-06-19,5969,102,1587.11
CMP0003,2026-03-19,7039,44,2878.9
CMP0014,2026-05-23,10974,116,794.05
CMP0012,2026-02-24,2293,75,1258.28
CMP0030,2026-06-24,12768,154,1512.24
CMP0019,2026-01-07,21340,265,1891.25
CMP0014,2026-03-23,12907,146,1183.5
CMP0013,2026-01-30,26524,340,2898.31
CMP0014,2026-02-24,11995,112,1063.64
CMP0004,2026-07-20,1024,45,825.03
CMP0029,2026-02-19,9272,94,925.72
CMP0026,2026-07-19,1978,44,595.02
CMP0013,2026-02-27,22558,318,2552.12
CMP0026,2026-07-09,2134,48,690.11
CMP0019,2026-01-28,27469,282,2116.83
CMP0029,2026-03-02,9444,102,977.29
CMP0029,2026-02-16,10639,106,1075.07
CMP0027,2026-05-07,6897,44,2102.0
CMP0006,2026-01-17,33509,276,2116.09
CMP0031,2026-04-21,16241,189,1606.88
CMP0031,2026-07-31,14222,178,1392.42
CMP0008,2026-07-12,26437,242,1736.34
CMP0027,2026-03-31,7487,51,2355.26
CMP0009,2025-12-15,21626,253,1851.11
CMP0032,2026-02-06,4384,83,1473.88
CMP0008,2026-03-01,29565,282,1740.5
CMP0005,2026-01-10,12067,120,1198.55
CMP0012,2026-01-04,842,33,819.03
CMP0033,2026-06-17,6253,131,1617.44
CMP0019,2026-02-06,26597,262,1827.13
CMP0003,2026-07-03,6534,45,3007.34
CMP0029,2026-01-14,8421,101,1054.86
CMP0015,2026-05-21,42426,426,3315.8
CMP0030,2026-03-01,8172,117,1104.07
CMP0012,2026-02-26,2936,115,1301.23
CMP0006,2026-03-03,42782,427,3333.9
CMP0024,2026-03-28,5573,126,2241.79
CMP0029,2026-02-28,6441,87,789.96
CMP0001,2026-02-14,1186,22,580.7
CMP0016,2026-01-27,3653,141,2116.88
CMP0001,2026-07-29,1581,37,645.64
CMP0019,2026-02-10,20326,262,1964.26
CMP0029,2025-12-30,7990,96,932.89
CMP0020,2025-11-13,1427,59,1300.67
CMP0027,2026-01-02,4786,33,2287.43
CMP0028,2026-03-26,1998,92,2700.79
CMP0025,2025-12-20,16687,172,1508.39
CMP0013,2026-03-05,24678,304,2941.82
CMP0017,2026-04-01,10718,242,2554.93
CMP0003,2026-07-17,6339,32,2623.67
CMP0026,2026-03-29,1808,29,510.25
CMP0021,2026-04-16,5124,32,1231.7
CMP0030,2026-05-27,17352,177,1753.16
CMP0027,2026-03-01,5750,31,1783.94
CMP0016,2026-02-17,2869,131,2055.2
CMP0020,2026-01-07,931,49,1217.81
CMP0026,2026-05-08,1941,40,675.11
CMP0009,2026-03-09,20909,286,2050.33
CMP0008,2026-04-18,23711,213,1704.36
CMP0027,2026-02-20,5565,31,2144.86
CMP0028,2026-03-03,2156,87,2550.41
CMP0016,2026-02-20,2341,106,1718.32
CMP0029,2026-05-04,6955,95,1021.99
CMP0003,2026-03-28,3834,27,1935.06
CMP0016,2025-12-26,3833,154,2169.26
CMP0003,2026-03-24,7725,45,2655.81
CMP0008,2026-01-16,40435,397,2675.82
CMP0018,2026-03-02,7724,51,2583.74
CMP0017,2026-05-11,11306,236,3007.23
CMP0003,2026-04-18,5038,30,2233.59
CMP0022,2026-08-03,7460,99,1124.82
CMP0016,2026-04-05,3360,118,1564.35
CMP0032,2026-02-20,4517,87,1409.49
CMP0013,2026-02-21,16339,231,2080.18
CMP0030,2026-02-05,16057,160,1490.21
CMP0030,2026-06-01,16186,173,1634.75
CMP0023,2026-02-25,1253,41,705.63
CMP0021,2026-05-03,2987,21,916.55
CMP0003,2026-04-16,4055,27,2604.88
CMP0024,2025-11-23,5165,122,2391.26
CMP0017,2026-03-23,11845,269,3243.69
CMP0005,2026-01-26,16358,181,1530.27
CMP0007,2026-01-04,5032,67,794.74
CMP0029,2025-12-27,5138,67,721.77
CMP0014,2026-03-02,14727,155,1082.21
CMP0029,2026-03-03,8131,108,937.64
CMP0008,2026-07-21,35758,386,2537.47
CMP0010,2026-04-01,2113,96,2404.32
CMP0014,2026-07-01,15995,135,1040.97
CMP0015,2026-02-10,36549,426,3122.58
CMP0019,2026-03-18,24278,264,2215.57
CMP0029,2026-03-01,5974,73,723.94
CMP0014,2026-02-02,20811,161,1241.04
CMP0030,2026-03-17,12777,162,1686.98
CMP0032,2026-02-14,3197,72,1079.28
CMP0029,2026-03-14,6645,85,658.65
CMP0002,2026-05-10,2563,101,2098.2
CMP0025,2026-02-08,17830,251,1883.26
CMP0021,2026-04-03,5551,27,1380.18
CMP0029,2026-06-03,6390,81,902.04
CMP0014,2026-02-19,12697,145,1130.6
CMP0001,2026-08-04,1634,35,640.49
CMP0012,2025-11-08,1918,65,917.87
CMP0001,2026-03-24,2388,42,752.87
CMP0033,2026-06-25,5083,5092,1583.25
CMP0032,2026-03-03,7070,120,1763.24
CMP0001,2026-05-20,3234,59,786.65
CMP0004,2026-05-04,1117,62,1036.83
CMP0015,2026-05-27,36463,422,3470.13
CMP0005,2026-06-26,16568,180,1550.6
CMP0017,2026-05-18,11152,236,2976.41
CMP0018,2026-04-23,5902,33,2750.27
CMP0030,2026-01-20,17141,178,1780.12
CMP0001,2026-07-22,2184,48,661.01
CMP0008,2026-04-13,31788,346,2244.94
CMP0025,2025-11-20,22682,260,2170.82
CMP0017,2026-02-17,14530,270,3191.03
CMP0002,2026-04-04,2815,99,2146.3
CMP0032,2026-03-12,4824,85,1516.16
CMP0028,2026-04-28,2642,132,3076.36
CMP0005,2026-04-08,18058,178,1561.92
CMP0023,2026-02-21,1225,43,655.99
CMP0030,2026-02-04,10647,145,1484.22
CMP0028,2026-02-27,2338,104,2679.71
CMP0021,2026-07-23,4739,26,1239.23
CMP0003,2026-07-10,6073,37,2670.49
CMP0005,2026-01-17,13960,144,1087.33
CMP0028,2026-02-14,2002,94,2367.59
CMP0022,2026-07-17,5946,110,1238.51
CMP0032,2026-02-05,2891,68,1459.99
CMP0026,2026-07-22,2418,47,775.61
CMP0009,2026-02-07,19071,200,1428.95
CMP0030,2026-01-30,10519,148,1444.85
CMP0008,2026-03-16,28740,323,2489.49
CMP0025,2025-12-25,19770,278,2060.18
CMP0027,2026-04-19,3892,25,1569.26
CMP0027,2026-04-30,7292,40,2160.63
CMP0014,2026-06-23,12668,136,1238.8
CMP0018,2026-04-01,8812,52,2614.17
CMP0014,2026-06-28,11108,114,948.91
CMP0016,2026-02-15,3271,111,1367.31
CMP0031,2026-07-09,13494,163,1389.83
CMP0031,2026-06-06,10821,138,1178.14
CMP0033,2026-07-03,5479,121,1623.23
CMP0007,2025-12-29,8587,106,1181.37
CMP0032,2025-11-30,3440,59,1040.75
CMP0017,2026-02-24,14984,246,3025.02
CMP0003,2026-06-16,5252,37,2912.57
CMP0006,2026-02-07,30201,331,2589.35
CMP0001,2026-03-22,1744,32,550.56
CMP0027,2026-05-13,5027,33,2190.66
CMP0032,2025-12-09,3604,78,1566.82
CMP0029,2026-05-11,7386,84,863.9
CMP0011,2026-05-07,1477,67,1428.01
CMP0015,2026-02-27,29547,415,3030.54
CMP0024,2026-02-19,8825,142,2753.5
CMP0001,2026-03-08,1774,30,590.62
CMP0006,2026-02-10,56272,484,3354.42
CMP0032,2026-02-26,4811,84,1430.15
CMP0020,2026-01-10,708,41,1048.1
CMP0008,2026-02-02,37119,317,2399.88
CMP0019,2025-11-18,29170,317,2296.2
CMP0014,2026-01-24,9622,95,948.5
CMP0010,2026-05-12,2251,95,2322.51
CMP0001,2026-05-06,2141,48,765.48
CMP0022,2026-06-03,7240,110,1410.19
CMP0021,2026-08-27,5365,26,1459.41
CMP0006,2026-01-18,35783,301,2122.62
CMP0023,2026-01-05,1096,37,732.67
CMP0019,2026-01-01,16982,235,1832.18
CMP0014,2026-03-08,10997,116,832.22
CMP0003,2026-03-16,8450,52,2783.89
CMP0010,2026-04-13,2191,103,2531.12
CMP0009,2026-02-13,23050,261,2061.54
CMP0006,2026-01-26,57095,457,3337.02
CMP0003,2026-05-10,6492,34,1918.59
CMP0031,2026-06-20,9743,137,992.41
CMP0029,2026-05-25,9488,95,933.51
CMP0023,2026-01-14,988,39,832.0
CMP0030,2026-06-23,15324,203,1758.9
CMP0009,2026-02-28,14724,188,1403.05
CMP0029,2026-01-09,10893,105,1001.5
CMP0011,2026-02-06,2056,90,1482.62
CMP0028,2026-04-10,1876,110,2807.8
CMP0024,2025-12-02,7968,171,3350.0
CMP0027,2025-12-29,6245,35,1964.46
CMP0018,2026-03-22,6254,41,1812.64
CMP0022,2026-06-23,5650,108,1320.52
CMP0003,2026-07-28,6984,48,2928.76
CMP0011,2026-05-24,1054,43,989.76
CMP0008,2026-07-13,39476,323,2170.12
CMP0024,2026-04-04,8516,142,2394.1
CMP0021,2026-08-12,5167,35,1440.69
CMP0032,2025-11-03,3947,82,1379.62
CMP0031,2026-08-14,16358,197,1484.54
CMP0027,2026-05-18,4335,24,2152.69
CMP0020,2025-11-27,1293,54,1187.99
CMP0025,2025-11-25,24021,279,2378.17
CMP0011,2026-03-01,1606,64,1136.79
CMP0008,2026-01-21,27544,317,2143.02
CMP0031,2026-04-02,15191,211,1671.02
CMP0020,2025-10-25,864,50,940.51
CMP0004,2026-08-06,1246,58,900.88
CMP0010,2026-04-14,1520,76,2202.4
CMP0030,2026-06-15,13387,187,1689.55
