lead_id,campaign_id,created_date,stage,deal_value_zar,closed_date
LD000001,CMP0001,2026-02-03,qualified,,
LD000002,CMP0001,2026-02-04,New,,
LD000003,CMP0001,2026-02-05,LOST,,2026-02-28
LD000004,CMP0001,2026-02-05,new,,
LD000005,CMP0001,2026-02-06,NEW ,,
LD000006,CMP0001,2026-02-06,New,,
LD000007,CMP0001,2026-02-07,Lost,,2026-03-13
LD000008,CMP0001,2026-02-08,lost,,2026-03-04
LD000009,CMP0001,2026-02-09,qualified,,
LD000010,CMP0001,2026-02-09,Lost,,2026-02-18
LD000011,CMP0001,2026-02-10,NEW ,,
LD000012,CMP0001,2026-02-10,LOST,,2026-03-20
LD000013,CMP0001,2026-02-10,Proposal,,
LD000014,CMP0001,2026-02-11,Proposal,,
LD000015,CMP0001,2026-02-13,qualified,,
LD000016,CMP0001,2026-02-13,proposal ,,
LD000017,CMP0001,2026-02-15,qualified,,
LD000018,CMP0001,2026-02-15,NEW ,,
LD000019,CMP0001,2026-02-17,New,,
LD000020,CMP0001,2026-02-19,NEW ,,
LD000021,CMP0001,2026-02-20,lost,,2026-03-10
LD000022,CMP0001,2026-02-20,Lost,,2026-03-10
LD000023,CMP0001,2026-02-21,Lost,,2026-04-02
LD000024,CMP0001,2026-02-23,Lost,,2026-04-03
LD000025,CMP0001,2026-02-23,LOST,,2026-03-08
LD000026,CMP0001,2026-02-23,LOST,,2026-03-13
LD000027,CMP0001,2026-02-24,Lost,,2026-03-30
LD000028,CMP0001,2026-02-24,LOST,,2026-04-07
LD000029,CMP0001,2026-02-25,qualified,,
LD000030,CMP0001,2026-02-25,New,,
LD000031,CMP0001,2026-02-26,New,,
LD000032,CMP0001,2026-02-27,lost,,2026-03-13
LD000033,CMP0001,2026-02-28,Lost,,2026-03-08
LD000034,CMP0001,2026-02-28,NEW ,,
LD000035,CMP0001,2026-03-04,Proposal,,
LD000036,CMP0001,2026-03-05,New,,
LD000037,CMP0001,2026-03-05,new,,
LD000038,CMP0001,2026-03-05,LOST,,2026-03-21
LD000039,CMP0001,2026-03-05,Qualified,,
LD000040,CMP0001,2026-03-05,proposal ,,
LD000041,CMP0001,2026-03-07,LOST,,2026-04-02
LD000042,CMP0001,2026-03-08,NEW ,,
LD000043,CMP0001,2026-03-08,qualified,,
LD000044,CMP0001,2026-03-08,qualified,,
LD000045,CMP0001,2026-03-09,Lost,,2026-04-22
LD000046,CMP0001,2026-03-10,NEW ,,
LD000047,CMP0001,2026-03-10,NEW ,,
LD000048,CMP0001,2026-03-11,Qualified,,
LD000049,CMP0001,2026-03-11,LOST,,2026-04-21
LD000050,CMP0001,2026-03-12,lost,,2026-03-31
LD000051,CMP0001,2026-03-12,qualified,,
LD000052,CMP0001,2026-03-12,new,,
LD000053,CMP0001,2026-03-12,NEW ,,
LD000054,CMP0001,2026-03-13,LOST,,2026-04-06
LD000055,CMP0001,2026-03-13,Qualified,,
LD000056,CMP0001,2026-03-13,new,,
LD000057,CMP0001,2026-03-14,LOST,,2026-03-23
LD000058,CMP0001,2026-03-15,new,,
LD000059,CMP0001,2026-03-16,Qualified,,
LD000060,CMP0001,2026-03-17,New,,
LD000061,CMP0001,2026-03-17,new,,
LD000062,CMP0001,2026-03-18,lost,,2026-03-28
LD000063,CMP0001,2026-03-18,LOST,,2026-03-31
LD000064,CMP0001,2026-03-19,NEW ,,
LD000065,CMP0001,2026-03-21,new,,
LD000066,CMP0001,2026-03-23,NEW ,,
LD000067,CMP0001,2026-03-23,Qualified,,
LD000068,CMP0001,2026-03-23,New,,
LD000069,CMP0001,2026-03-24,new,,
LD000070,CMP0001,2026-03-25,Lost,,2026-04-12
LD000071,CMP0001,2026-03-26,new,,
LD000072,CMP0001,2026-03-26,Proposal,,
LD000073,CMP0001,2026-03-27,Qualified,,
LD000074,CMP0001,2026-03-29,new,,
LD000075,CMP0001,2026-03-30,New,,
LD000076,CMP0001,2026-03-31,Lost,,2026-05-01
LD000077,CMP0001,2026-04-02,Qualified,,
LD000078,CMP0001,2026-04-03,LOST,,2026-04-27
LD000079,CMP0001,2026-04-04,NEW ,,
LD000080,CMP0001,2026-04-06,New,,
LD000081,CMP0001,2026-04-06,lost,,2026-05-12
LD000082,CMP0001,2026-04-07,Lost,,2026-05-04
LD000083,CMP0001,2026-04-07,qualified,,
LD000084,CMP0001,2026-04-08,New,,
LD000085,CMP0001,2026-04-08,New,,
LD000086,CMP0001,2026-04-08,Won ,1002600.0,2026-05-10
LD000087,CMP0001,2026-04-09,New,,
LD000088,CMP0001,2026-04-11,Lost,,2026-05-22
LD000089,CMP0001,2026-04-11,lost,,2026-05-01
LD000090,CMP0001,2026-04-12,LOST,,2026-05-07
LD000091,CMP0001,2026-04-13,qualified,,
LD000092,CMP0001,2026-04-13,qualified,,
LD000093,CMP0001,2026-04-14,qualified,,
LD000094,CMP0001,2026-04-16,Qualified,,
LD000095,CMP0001,2026-04-16,qualified,,
LD000096,CMP0001,2026-04-17,NEW ,,
LD000097,CMP0001,2026-04-17,won,971600.0,2026-05-11
LD000098,CMP0001,2026-04-17,NEW ,,
LD000099,CMP0001,2026-04-18,lost,,2026-04-27
LD000100,CMP0001,2026-04-18,Lost,,2026-04-26
LD000101,CMP0001,2026-04-18,Qualified,,
LD000102,CMP0001,2026-04-19,LOST,,2026-05-22
LD000103,CMP0001,2026-04-20,Lost,,2026-05-03
LD000104,CMP0001,2026-04-20,LOST,,2026-05-30
LD000105,CMP0001,2026-04-23,New,,
LD000106,CMP0001,2026-04-24,qualified,,
LD000107,CMP0001,2026-04-24,Qualified,,
LD000108,CMP0001,2026-04-24,lost,,2026-05-19
LD000109,CMP0001,2026-04-25,qualified,,
LD000110,CMP0001,2026-04-26,Qualified,,
LD000111,CMP0001,2026-04-26,new,,
LD000112,CMP0001,2026-04-28,Qualified,,
LD000113,CMP0001,2026-04-29,Lost,,2026-05-07
LD000114,CMP0001,2026-04-29,NEW ,,
LD000115,CMP0001,2026-04-30,LOST,,2026-06-06
LD000116,CMP0001,2026-05-01,New,,
LD000117,CMP0001,2026-05-01,New,,
LD000118,CMP0001,2026-05-01,qualified,,
LD000119,CMP0001,2026-05-01,Lost,,2026-05-11
LD000120,CMP0001,2026-05-02,LOST,,2026-06-13
LD000121,CMP0001,2026-05-03,new,,
LD000122,CMP0001,2026-05-04,LOST,,2026-05-26
LD000123,CMP0001,2026-05-04,lost,,2026-06-08
LD000124,CMP0001,2026-05-04,New,,
LD000125,CMP0001,2026-05-06,Qualified,,
LD000126,CMP0001,2026-05-07,Lost,,2026-06-12
LD000127,CMP0001,2026-05-08,proposal ,,
LD000128,CMP0001,2026-05-08,LOST,,2026-05-30
LD000129,CMP0001,2026-05-09,Qualified,,
LD000130,CMP0001,2026-05-10,Qualified,,
LD000131,CMP0001,2026-05-10,new,,
LD000132,CMP0001,2026-05-10,NEW ,,
LD000133,CMP0001,2026-05-10,LOST,,2026-05-18
LD000134,CMP0001,2026-05-13,proposal ,,
LD000135,CMP0001,2026-05-13,Qualified,,
LD000136,CMP0001,2026-05-15,lost,,2026-06-27
LD000137,CMP0001,2026-05-15,Qualified,,
LD000138,CMP0001,2026-05-15,new,,
LD000139,CMP0001,2026-05-16,NEW ,,
LD000140,CMP0001,2026-05-17,Proposal,,
LD000141,CMP0001,2026-05-17,New,,
LD000142,CMP0001,2026-05-19,Won,1547100.0,2026-07-09
LD000143,CMP0001,2026-05-19,NEW ,,
LD000144,CMP0001,2026-05-20,Lost,,2026-06-15
LD000145,CMP0001,2026-05-20,Proposal,,
LD000146,CMP0001,2026-05-20,NEW ,,
LD000147,CMP0001,2026-05-20,proposal ,,
LD000148,CMP0001,2026-05-21,qualified,,
LD000149,CMP0001,2026-05-21,LOST,,2026-06-02
LD000150,CMP0001,2026-05-21,LOST,,2026-06-28
LD000151,CMP0001,2026-05-22,qualified,,
LD000152,CMP0001,2026-05-22,LOST,,2026-06-16
LD000153,CMP0001,2026-05-24,qualified,,
LD000154,CMP0001,2026-05-25,NEW ,,
LD000155,CMP0001,2026-05-26,Proposal,,
LD000156,CMP0001,2026-05-26,lost,,2026-07-02
LD000157,CMP0001,2026-05-26,LOST,,2026-06-16
LD000158,CMP0001,2026-05-27,New,,
LD000159,CMP0001,2026-05-27,new,,
LD000160,CMP0001,2026-05-27,qualified,,
LD000161,CMP0001,2026-05-27,new,,
LD000162,CMP0001,2026-05-28,LOST,,2026-06-11
LD000163,CMP0001,2026-05-30,Lost,,2026-06-17
LD000164,CMP0001,2026-05-31,new,,
LD000165,CMP0001,2026-06-01,LOST,,2026-06-19
LD000166,CMP0001,2026-06-03,qualified,,
LD000167,CMP0001,2026-06-04,lost,,2026-06-28
LD000168,CMP0001,2026-06-04,Lost,,2026-06-16
LD000169,CMP0001,2026-06-06,new,,
LD000170,CMP0001,2026-06-06,lost,,2026-07-13
LD000171,CMP0001,2026-06-06,new,,
LD000172,CMP0001,2026-06-06,New,,
LD000173,CMP0001,2026-06-07,qualified,,
LD000174,CMP0001,2026-06-08,proposal ,,
LD000175,CMP0001,2026-06-08,new,,
LD000176,CMP0001,2026-06-08,qualified,,
LD000177,CMP0001,2026-06-09,new,,
LD000178,CMP0001,2026-06-10,qualified,,
LD000179,CMP0001,2026-06-10,NEW ,,
LD000180,CMP0001,2026-06-10,Lost,,2026-07-11
LD000181,CMP0001,2026-06-10,Lost,,2026-07-16
LD000182,CMP0001,2026-06-12,proposal ,,
LD000183,CMP0001,2026-06-12,LOST,,2026-06-28
LD000184,CMP0001,2026-06-13,NEW ,,
LD000185,CMP0001,2026-06-16,NEW ,,
LD000186,CMP0001,2026-06-17,Lost,,2026-07-14
LD000187,CMP0001,2026-06-17,lost,,2026-07-10
LD000188,CMP0001,2026-06-17,lost,,2026-07-08
LD000189,CMP0001,2026-06-18,NEW ,,
LD000190,CMP0001,2026-06-18,new,,
LD000191,CMP0001,2026-06-18,LOST,,2026-06-26
LD000192,CMP0001,2026-06-19,lost,,2026-07-18
LD000193,CMP0001,2026-06-19,Qualified,,
LD000194,CMP0001,2026-06-20,qualified,,
LD000195,CMP0001,2026-06-21,New,,
LD000196,CMP0001,2026-06-21,LOST,,2026-07-04
LD000197,CMP0001,2026-06-22,Qualified,,
LD000198,CMP0001,2026-06-24,New,,
LD000199,CMP0001,2026-06-24,Won ,874500.0,2026-07-19
LD000200,CMP0001,2026-06-24,NEW ,,
LD000201,CMP0001,2026-06-26,LOST,,2026-08-03
LD000202,CMP0001,2026-06-27,Qualified,,
LD000203,CMP0001,2026-06-27,New,,
LD000204,CMP0001,2026-06-29,Lost,,2026-08-01
LD000205,CMP0001,2026-07-01,new,,
LD000206,CMP0001,2026-07-01,LOST,,2026-08-04
LD000207,CMP0001,2026-07-02,lost,,2026-07-11
LD000208,CMP0001,2026-07-03,qualified,,
LD000209,CMP0001,2026-07-04,qualified,,
LD000210,CMP0001,2026-07-07,qualified,,
LD000211,CMP0001,2026-07-07,New,,
LD000212,CMP0001,2026-07-07,Qualified,,
LD000213,CMP0001,2026-07-08,New,,
LD000214,CMP0001,2026-07-08,New,,
LD000215,CMP0001,2026-07-09,qualified,,
LD000216,CMP0001,2026-07-10,qualified,,
LD000217,CMP0001,2026-07-11,new,,
LD000218,CMP0001,2026-07-12,new,,
LD000219,CMP0001,2026-07-13,qualified,,
LD000220,CMP0001,2026-07-14,New,,
LD000221,CMP0001,2026-07-15,Qualified,,
LD000222,CMP0001,2026-07-15,Qualified,,
LD000223,CMP0001,2026-07-16,qualified,,
LD000224,CMP0001,2026-07-16,qualified,,
LD000225,CMP0001,2026-07-16,Qualified,,
LD000226,CMP0001,2026-07-16,Qualified,,
LD000227,CMP0001,2026-07-17,New,,
LD000228,CMP0001,2026-07-17,new,,
LD000229,CMP0001,2026-07-17,NEW ,,
LD000230,CMP0001,2026-07-18,qualified,,
LD000231,CMP0001,2026-07-18,qualified,,
LD000232,CMP0001,2026-07-19,New,,
LD000233,CMP0001,2026-07-21,NEW ,,
LD000234,CMP0001,2026-07-21,NEW ,,
LD000235,CMP0001,2026-07-22,new,,
LD000236,CMP0001,2026-07-22,New,,
LD000237,CMP0001,2026-07-23,qualified,,
LD000238,CMP0001,2026-07-24,Qualified,,
LD000239,CMP0001,2026-07-25,NEW ,,
LD000240,CMP0001,2026-07-28,qualified,,
LD000241,CMP0001,2026-07-29,New,,
LD000242,CMP0001,2026-07-30,qualified,,
LD000243,CMP0001,2026-07-30,qualified,,
LD000244,CMP0001,2026-07-30,New,,
LD000245,CMP0001,2026-07-31,Qualified,,
LD000246,CMP0001,2026-08-02,NEW ,,
LD000247,CMP0001,2026-08-03,Qualified,,
LD000248,CMP0001,2026-08-04,NEW ,,
LD000249,CMP0001,2026-08-05,New,,
LD000250,CMP0001,2026-08-05,proposal ,,
LD000251,CMP0001,2026-08-06,New,,
LD000252,CMP0001,2026-08-06,Qualified,,
LD000253,CMP0001,2026-08-07,qualified,,
LD000254,CMP0001,2026-08-07,new,,
LD000255,CMP0001,2026-08-07,new,,
LD000256,CMP0001,2026-08-07,Qualified,,
LD000257,CMP0001,2026-08-08,Qualified,,
LD000258,CMP0001,2026-08-08,qualified,,
LD000259,CMP0001,2026-08-08,qualified,,
LD000260,CMP0001,2026-08-10,Qualified,,
LD000261,CMP0001,2026-08-10,qualified,,
LD000262,CMP0001,2026-08-11,Proposal,,
LD000263,CMP0001,2026-08-12,NEW ,,
LD000264,CMP0001,2026-08-12,new,,
LD000265,CMP0001,2026-08-13,New,,
LD000266,CMP0001,2026-08-13,Qualified,,
LD000267,CMP0001,2026-08-14,New,,
LD000268,CMP0001,2026-08-14,qualified,,
LD000269,CMP0001,2026-08-14,Qualified,,
LD000270,CMP0001,2026-08-14,New,,
LD000271,CMP0001,2026-08-15,Qualified,,
LD000272,CMP0002,2026-04-04,lost,,2026-04-19
LD000273,CMP0002,2026-04-05,new,,
LD000274,CMP0002,2026-04-07,new,,
LD000275,CMP0002,2026-04-10,LOST,,2026-04-18
LD000276,CMP0002,2026-04-10,lost,,2026-04-27
LD000277,CMP0002,2026-04-11,lost,,2026-05-07
LD000278,CMP0002,2026-04-13,Qualified,,
LD000279,CMP0002,2026-04-13,lost,,2026-05-16
LD000280,CMP0002,2026-04-14,proposal ,,
LD000281,CMP0002,2026-04-15,Proposal,,
LD000282,CMP0002,2026-04-16,qualified,,
LD000283,CMP0002,2026-04-24,qualified,,
LD000284,CMP0002,2026-04-25,qualified,,
LD000285,CMP0002,2026-04-28,Lost,,2026-05-19
LD000286,CMP0002,2026-04-29,lost,,2026-06-06
LD000287,CMP0002,2026-04-30,qualified,,
LD000288,CMP0002,2026-05-03,qualified,,
LD000289,CMP0002,2026-05-07,new,,
LD000290,CMP0002,2026-05-10,LOST,,2026-05-24
LD000291,CMP0002,2026-05-11,NEW ,,
LD000292,CMP0002,2026-05-12,New,,
LD000293,CMP0002,2026-05-12,Proposal,,
LD000294,CMP0002,2026-05-12,Lost,,2026-06-23
LD000295,CMP0002,2026-05-13,Proposal,,
LD000296,CMP0002,2026-05-14,New,,
LD000297,CMP0002,2026-05-18,Qualified,,
LD000298,CMP0002,2026-05-19,LOST,,2026-06-07
LD000299,CMP0002,2026-05-20,lost,,2026-06-02
LD000300,CMP0002,2026-05-21,NEW ,,
LD000301,CMP0002,2026-05-23,Qualified,,
LD000302,CMP0002,2026-05-24,Qualified,,
LD000303,CMP0002,2026-05-27,qualified,,
LD000304,CMP0002,2026-05-30,new,,
LD000305,CMP0002,2026-05-30,new,,
LD000306,CMP0002,2026-05-31,lost,,2026-07-06
LD000307,CMP0002,2026-05-31,new,,
LD000308,CMP0003,2026-03-16,New,,
LD000309,CMP0003,2026-03-17,LOST,,2026-03-29
LD000310,CMP0003,2026-03-18,LOST,,2026-03-29
LD000311,CMP0003,2026-03-20,Qualified,,
LD000312,CMP0003,2026-03-22,lost,,2026-03-29
LD000313,CMP0003,2026-03-22,Qualified,,
LD000314,CMP0003,2026-03-22,qualified,,
LD000315,CMP0003,2026-03-23,New,,
LD000316,CMP0003,2026-03-26,Qualified,,
LD000317,CMP0003,2026-03-27,LOST,,2026-04-13
LD000318,CMP0003,2026-03-31,Qualified,,
LD000319,CMP0003,2026-04-01,lost,,2026-04-09
LD000320,CMP0003,2026-04-01,Proposal,,
LD000321,CMP0003,2026-04-01,New,,
LD000322,CMP0003,2026-04-02,New,,
LD000323,CMP0003,2026-04-04,LOST,,2026-04-23
LD000324,CMP0003,2026-04-07,LOST,,2026-04-17
LD000325,CMP0003,2026-04-08,lost,,2026-05-03
LD000326,CMP0003,2026-04-08,NEW ,,
LD000327,CMP0003,2026-04-10,NEW ,,
LD000328,CMP0003,2026-04-13,New,,
LD000329,CMP0003,2026-04-14,New,,
LD000330,CMP0003,2026-04-14,New,,
LD000331,CMP0003,2026-04-17,new,,
LD000332,CMP0003,2026-04-17,qualified,,
LD000333,CMP0003,2026-04-18,NEW ,,
LD000334,CMP0003,2026-04-18,Proposal,,
LD000335,CMP0003,2026-04-22,New,,
LD000336,CMP0003,2026-04-22,new,,
LD000337,CMP0003,2026-04-22,Qualified,,
LD000338,CMP0003,2026-04-29,qualified,,
LD000339,CMP0003,2026-04-30,LOST,,2026-05-12
LD000340,CMP0003,2026-05-04,Qualified,,
LD000341,CMP0003,2026-05-05,lost,,2026-05-14
LD000342,CMP0003,2026-05-06,New,,
LD000343,CMP0003,2026-05-06,new,,
LD000344,CMP0003,2026-05-08,new,,
LD000345,CMP0003,2026-05-09,proposal ,,
LD000346,CMP0003,2026-05-09,LOST,,2026-05-26
LD000347,CMP0003,2026-05-10,Qualified,,
LD000348,CMP0003,2026-05-11,NEW ,,
LD000349,CMP0003,2026-05-11,New,,
LD000350,CMP0003,2026-05-11,LOST,,2026-06-20
LD000351,CMP0003,2026-05-12,NEW ,,
LD000352,CMP0003,2026-05-13,Lost,,2026-06-14
LD000353,CMP0003,2026-05-13,NEW ,,
LD000354,CMP0003,2026-05-13,New,,
LD000355,CMP0003,2026-05-16,New,,
LD000356,CMP0003,2026-05-16,New,,
LD000357,CMP0003,2026-05-22,Qualified,,
LD000358,CMP0003,2026-05-24,LOST,,2026-07-06
LD000359,CMP0003,2026-05-25,lost,,2026-06-23
LD000360,CMP0003,2026-05-27,lost,,2026-06-29
LD000361,CMP0003,2026-05-28,New,,
LD000362,CMP0003,2026-05-29,LOST,,2026-06-14
LD000363,CMP0003,2026-06-01,new,,
LD000364,CMP0003,2026-06-01,Qualified,,
LD000365,CMP0003,2026-06-02,New,,
LD000366,CMP0003,2026-06-03,qualified,,
LD000367,CMP0003,2026-06-06,qualified,,
LD000368,CMP0003,2026-06-09,New,,
LD000369,CMP0003,2026-06-09,Qualified,,
LD000370,CMP0003,2026-06-09,NEW ,,
LD000371,CMP0003,2026-06-12,LOST,,2026-06-27
LD000372,CMP0003,2026-06-12,Lost,,2026-06-25
LD000373,CMP0003,2026-06-12,lost,,2026-06-29
LD000374,CMP0003,2026-06-12,LOST,,2026-07-06
LD000375,CMP0003,2026-06-13,LOST,,2026-07-25
LD000376,CMP0003,2026-06-16,NEW ,,
LD000377,CMP0003,2026-06-17,LOST,,2026-07-21
LD000378,CMP0003,2026-06-17,Qualified,,
LD000379,CMP0003,2026-06-17,New,,
LD000380,CMP0003,2026-06-18,Lost,,2026-07-15
LD000381,CMP0003,2026-06-18,qualified,,
LD000382,CMP0003,2026-06-18,LOST,,2026-07-14
LD000383,CMP0003,2026-06-19,Lost,,2026-07-29
LD000384,CMP0003,2026-06-22,new,,
LD000385,CMP0003,2026-06-24,Lost,,2026-07-29
LD000386,CMP0003,2026-06-26,LOST,,2026-07-06
LD000387,CMP0003,2026-06-29,NEW ,,
LD000388,CMP0003,2026-07-03,NEW ,,
LD000389,CMP0003,2026-07-04,qualified,,
LD000390,CMP0003,2026-07-04,Qualified,,
LD000391,CMP0003,2026-07-06,qualified,,
LD000392,CMP0003,2026-07-07,Qualified,,
LD000393,CMP0003,2026-07-07,Proposal,,
LD000394,CMP0003,2026-07-07,New,,
LD000395,CMP0003,2026-07-09,Qualified,,
LD000396,CMP0003,2026-07-10,Qualified,,
LD000397,CMP0003,2026-07-11,qualified,,
LD000398,CMP0003,2026-07-12,Qualified,,
LD000399,CMP0003,2026-07-13,proposal ,,
LD000400,CMP0003,2026-07-15,New,,
LD000401,CMP0003,2026-07-15,new,,
LD000402,CMP0003,2026-07-17,Qualified,,
LD000403,CMP0003,2026-07-18,new,,
LD000404,CMP0003,2026-07-21,new,,
LD000405,CMP0003,2026-07-22,Qualified,,
LD000406,CMP0003,2026-07-22,proposal ,,
LD000407,CMP0003,2026-07-24,Proposal,,
LD000408,CMP0003,2026-07-28,Qualified,,
LD000409,CMP0003,2026-07-31,Qualified,,
LD000410,CMP0003,2026-08-02,qualified,,
LD000411,CMP0003,2026-08-03,qualified,,
LD000412,CMP0003,2026-08-04,Qualified,,
LD000413,CMP0003,2026-08-05,Qualified,,
LD000414,CMP0003,2026-08-06,Proposal,,
LD000415,CMP0003,2026-08-07,new,,
LD000416,CMP0003,2026-08-13,NEW ,,
LD000417,CMP0003,2026-08-14,Qualified,,
LD000418,CMP0003,2026-08-15,qualified,,
LD000419,CMP0003,2026-08-15,NEW ,,
LD000420,CMP0003,2026-08-17,Qualified,,
LD000421,CMP0003,2026-08-17,NEW ,,
LD000422,CMP0003,2026-08-17,Qualified,,
LD000423,CMP0003,2026-08-20,Qualified,,
LD000424,CMP0003,2026-08-22,new,,
LD000425,CMP0003,2026-08-22,qualified,,
LD000426,CMP0003,2026-08-22,qualified,,
LD000427,CMP0003,2026-08-25,qualified,,
LD000428,CMP0003,2026-08-26,Qualified,,
LD000429,CMP0003,2026-08-26,Qualified,,
LD000430,CMP0003,2026-08-27,NEW ,,
LD000431,CMP0004,2026-04-17,new,,
LD000432,CMP0004,2026-04-17,new,,
LD000433,CMP0004,2026-04-17,Proposal,,
LD000434,CMP0004,2026-04-17,New,,
LD000435,CMP0004,2026-04-18,Proposal,,
LD000436,CMP0004,2026-04-19,lost,,2026-04-27
LD000437,CMP0004,2026-04-19,LOST,,2026-05-29
LD000438,CMP0004,2026-04-19,lost,,2026-05-19
LD000439,CMP0004,2026-04-20,LOST,,2026-05-22
LD000440,CMP0004,2026-04-21,NEW ,,
LD000441,CMP0004,2026-04-22,new,,
LD000442,CMP0004,2026-04-22,Qualified,,
LD000443,CMP0004,2026-04-22,qualified,,
LD000444,CMP0004,2026-04-24,Qualified,,
LD000445,CMP0004,2026-04-25,new,,
LD000446,CMP0004,2026-04-26,qualified,,
LD000447,CMP0004,2026-04-27,new,,
LD000448,CMP0004,2026-04-27,new,,
LD000449,CMP0004,2026-04-27,Qualified,,
LD000450,CMP0004,2026-04-29,qualified,,
LD000451,CMP0004,2026-04-29,lost,,2026-05-06
LD000452,CMP0004,2026-05-01,NEW ,,
LD000453,CMP0004,2026-05-01,WON,1609800.0,2026-06-14
LD000454,CMP0004,2026-05-01,Qualified,,
LD000455,CMP0004,2026-05-02,LOST,,2026-05-24
LD000456,CMP0004,2026-05-02,Lost,,2026-05-22
LD000457,CMP0004,2026-05-02,proposal ,,
LD000458,CMP0004,2026-05-03,qualified,,
LD000459,CMP0004,2026-05-04,LOST,,2026-06-09
LD000460,CMP0004,2026-05-04,NEW ,,
LD000461,CMP0004,2026-05-06,LOST,,2026-05-20
LD000462,CMP0004,2026-05-06,New,,
LD000463,CMP0004,2026-05-06,Qualified,,
LD000464,CMP0004,2026-05-07,lost,,2026-05-29
LD000465,CMP0004,2026-05-07,LOST,,2026-06-14
LD000466,CMP0004,2026-05-08,New,,
LD000467,CMP0004,2026-05-08,lost,,2026-06-12
LD000468,CMP0004,2026-05-09,Qualified,,
LD000469,CMP0004,2026-05-11,qualified,,
LD000470,CMP0004,2026-05-12,New,,
LD000471,CMP0004,2026-05-12,New,,
LD000472,CMP0004,2026-05-13,NEW ,,
LD000473,CMP0004,2026-05-14,NEW ,,
LD000474,CMP0004,2026-05-15,proposal ,,
LD000475,CMP0004,2026-05-15,qualified,,
LD000476,CMP0004,2026-05-15,NEW ,,
LD000477,CMP0004,2026-05-15,New,,
LD000478,CMP0004,2026-05-15,lost,,2026-06-14
LD000479,CMP0004,2026-05-16,Qualified,,
LD000480,CMP0004,2026-05-16,New,,
LD000481,CMP0004,2026-05-17,lost,,2026-06-23
LD000482,CMP0004,2026-05-17,New,,
LD000483,CMP0004,2026-05-18,Proposal,,
LD000484,CMP0004,2026-05-18,Proposal,,
LD000485,CMP0004,2026-05-19,Qualified,,
LD000486,CMP0004,2026-05-19,WON,956500.0,2026-06-13
LD000487,CMP0004,2026-05-20,NEW ,,
LD000488,CMP0004,2026-05-22,Lost,,2026-06-03
LD000489,CMP0004,2026-05-22,NEW ,,
LD000490,CMP0004,2026-05-23,new,,
LD000491,CMP0004,2026-05-24,lost,,2026-06-15
LD000492,CMP0004,2026-05-24,lost,,2026-06-29
LD000493,CMP0004,2026-05-27,Qualified,,
LD000494,CMP0004,2026-05-27,New,,
LD000495,CMP0004,2026-05-27,Qualified,,
LD000496,CMP0004,2026-05-27,lost,,2026-07-03
LD000497,CMP0004,2026-05-28,lost,,2026-06-05
LD000498,CMP0004,2026-05-28,LOST,,2026-06-05
LD000499,CMP0004,2026-05-28,lost,,2026-06-11
LD000500,CMP0004,2026-05-28,qualified,,
LD000501,CMP0004,2026-05-28,qualified,,
LD000502,CMP0004,2026-05-28,Qualified,,
LD000503,CMP0004,2026-05-29,new,,
LD000504,CMP0004,2026-05-29,Qualified,,
LD000505,CMP0004,2026-05-31,proposal ,,
LD000506,CMP0004,2026-06-01,NEW ,,
LD000507,CMP0004,2026-06-01,new,,
LD000508,CMP0004,2026-06-01,New,,
LD000509,CMP0004,2026-06-01,New,,
LD000510,CMP0004,2026-06-03,Qualified,,
LD000511,CMP0004,2026-06-03,Lost,,2026-07-12
LD000512,CMP0004,2026-06-03,NEW ,,
LD000513,CMP0004,2026-06-03,qualified,,
LD000514,CMP0004,2026-06-03,qualified,,
LD000515,CMP0004,2026-06-04,Qualified,,
LD000516,CMP0004,2026-06-04,Proposal,,
LD000517,CMP0004,2026-06-04,lost,,2026-07-12
LD000518,CMP0004,2026-06-04,Lost,,2026-07-12
LD000519,CMP0004,2026-06-05,qualified,,
LD000520,CMP0004,2026-06-05,qualified,,
LD000521,CMP0004,2026-06-06,lost,,2026-06-30
LD000522,CMP0004,2026-06-09,new,,
LD000523,CMP0004,2026-06-09,NEW ,,
LD000524,CMP0004,2026-06-10,New,,
LD000525,CMP0004,2026-06-10,qualified,,
LD000526,CMP0004,2026-06-10,Qualified,,
LD000527,CMP0004,2026-06-11,Proposal,,
LD000528,CMP0004,2026-06-11,Lost,,2026-06-29
LD000529,CMP0004,2026-06-12,LOST,,2026-07-07
LD000530,CMP0004,2026-06-13,New,,
LD000531,CMP0004,2026-06-14,new,,
LD000532,CMP0004,2026-06-14,Lost,,2026-07-13
LD000533,CMP0004,2026-06-15,new,,
LD000534,CMP0004,2026-06-15,lost,,2026-07-13
LD000535,CMP0004,2026-06-15,new,,
LD000536,CMP0004,2026-06-16,new,,
LD000537,CMP0004,2026-06-16,qualified,,
LD000538,CMP0004,2026-06-17,Qualified,,
LD000539,CMP0004,2026-06-17,LOST,,2026-07-31
LD000540,CMP0004,2026-06-18,Qualified,,
LD000541,CMP0004,2026-06-19,Lost,,2026-06-27
LD000542,CMP0004,2026-06-19,NEW ,,
LD000543,CMP0004,2026-06-19,lost,,2026-07-03
LD000544,CMP0004,2026-06-20,qualified,,
LD000545,CMP0004,2026-06-21,LOST,,2026-07-17
LD000546,CMP0004,2026-06-23,new,,
LD000547,CMP0004,2026-06-23,qualified,,
LD000548,CMP0004,2026-06-24,Qualified,,
LD000549,CMP0004,2026-06-24,Qualified,,
LD000550,CMP0004,2026-06-24,Lost,,2026-07-29
LD000551,CMP0004,2026-06-24,LOST,,2026-07-06
LD000552,CMP0004,2026-06-24,lost,,2026-07-01
LD000553,CMP0004,2026-06-24,Qualified,,
LD000554,CMP0004,2026-06-25,New,,
LD000555,CMP0004,2026-06-25,Qualified,,
LD000556,CMP0004,2026-06-26,Lost,,2026-07-05
LD000557,CMP0004,2026-06-27,LOST,,2026-07-15
LD000558,CMP0004,2026-06-27,Won ,814900.0,2026-08-22
LD000559,CMP0004,2026-06-27,New,,
LD000560,CMP0004,2026-06-27,LOST,,2026-07-08
LD000561,CMP0004,2026-06-27,New,,
LD000562,CMP0004,2026-06-29,New,,
LD000563,CMP0004,2026-06-30,lost,,2026-08-12
LD000564,CMP0004,2026-06-30,New,,
LD000565,CMP0004,2026-06-30,qualified,,
LD000566,CMP0004,2026-07-01,LOST,,2026-07-25
LD000567,CMP0004,2026-07-01,new,,
LD000568,CMP0004,2026-07-02,New,,
LD000569,CMP0004,2026-07-03,new,,
LD000570,CMP0004,2026-07-03,New,,
LD000571,CMP0004,2026-07-03,qualified,,
LD000572,CMP0004,2026-07-03,NEW ,,
LD000573,CMP0004,2026-07-04,qualified,,
LD000574,CMP0004,2026-07-05,New,,
LD000575,CMP0004,2026-07-06,qualified,,
LD000576,CMP0004,2026-07-07,Qualified,,
LD000577,CMP0004,2026-07-09,Qualified,,
LD000578,CMP0004,2026-07-10,Qualified,,
LD000579,CMP0004,2026-07-11,Qualified,,
LD000580,CMP0004,2026-07-11,NEW ,,
LD000581,CMP0004,2026-07-13,NEW ,,
LD000582,CMP0004,2026-07-13,New,,
LD000583,CMP0004,2026-07-14,NEW ,,
LD000584,CMP0004,2026-07-16,New,,
LD000585,CMP0004,2026-07-16,New,,
LD000586,CMP0004,2026-07-18,new,,
LD000587,CMP0004,2026-07-21,qualified,,
LD000588,CMP0004,2026-07-21,qualified,,
LD000589,CMP0004,2026-07-21,qualified,,
LD000590,CMP0004,2026-07-25,qualified,,
LD000591,CMP0004,2026-07-28,New,,
LD000592,CMP0004,2026-07-28,qualified,,
LD000593,CMP0004,2026-07-29,Qualified,,
LD000594,CMP0004,2026-07-29,Qualified,,
LD000595,CMP0004,2026-07-29,qualified,,
LD000596,CMP0004,2026-07-30,new,,
LD000597,CMP0004,2026-08-01,new,,
LD000598,CMP0004,2026-08-02,new,,
LD000599,CMP0004,2026-08-02,qualified,,
LD000600,CMP0004,2026-08-05,Qualified,,
LD000601,CMP0004,2026-08-05,Qualified,,
LD000602,CMP0004,2026-08-06,qualified,,
LD000603,CMP0004,2026-08-06,NEW ,,
LD000604,CMP0004,2026-08-07,Qualified,,
LD000605,CMP0004,2026-08-08,qualified,,
LD000606,CMP0004,2026-08-08,new,,
LD000607,CMP0004,2026-08-10,Proposal,,
LD000608,CMP0004,2026-08-11,qualified,,
LD000609,CMP0004,2026-08-11,Qualified,,
LD000610,CMP0004,2026-08-11,qualified,,
LD000611,CMP0004,2026-08-12,Qualified,,
LD000612,CMP0004,2026-08-12,Qualified,,
LD000613,CMP0004,2026-08-13,qualified,,
LD000614,CMP0004,2026-08-15,New,,
LD000615,CMP0004,2026-08-20,qualified,,
LD000616,CMP0004,2026-08-21,Qualified,,
LD000617,CMP0004,2026-08-23,new,,
LD000618,CMP0004,2026-08-24,Qualified,,
LD000619,CMP0004,2026-08-25,new,,
LD000620,CMP0004,2026-08-25,qualified,,
LD000621,CMP0004,2026-08-26,new,,
LD000622,CMP0005,2026-01-11,new,,
LD000623,CMP0005,2026-01-18,proposal ,,
LD000624,CMP0005,2026-01-19,new,,
LD000625,CMP0005,2026-01-22,Qualified,,
LD000626,CMP0005,2026-01-22,won,700400.0,2026-03-15
LD000627,CMP0005,2026-01-28,lost,,2026-02-22
LD000628,CMP0005,2026-01-29,Qualified,,
LD000629,CMP0005,2026-01-29,Qualified,,
LD000630,CMP0005,2026-01-29,LOST,,2026-02-09
LD000631,CMP0005,2026-01-31,Proposal,,
LD000632,CMP0005,2026-02-03,NEW ,,
LD000633,CMP0005,2026-02-05,Qualified,,
LD000634,CMP0005,2026-02-06,LOST,,2026-02-15
LD000635,CMP0005,2026-02-08,new,,
LD000636,CMP0005,2026-02-11,Won,649000.0,2026-02-28
LD000637,CMP0005,2026-02-13,NEW ,,
LD000638,CMP0005,2026-02-14,Qualified,,
LD000639,CMP0005,2026-02-17,Proposal,,
LD000640,CMP0005,2026-02-28,lost,,2026-03-15
LD000641,CMP0005,2026-02-28,qualified,,
LD000642,CMP0005,2026-03-01,new,,
LD000643,CMP0005,2026-03-03,LOST,,2026-04-05
LD000644,CMP0005,2026-03-06,Proposal,,
LD000645,CMP0005,2026-03-07,qualified,,
LD000646,CMP0005,2026-03-07,won,698300.0,2026-03-26
LD000647,CMP0005,2026-03-08,new,,
LD000648,CMP0005,2026-03-10,new,,
LD000649,CMP0005,2026-03-11,Qualified,,
LD000650,CMP0005,2026-03-12,LOST,,2026-03-30
LD000651,CMP0005,2026-03-14,Lost,,2026-04-15
LD000652,CMP0005,2026-03-14,lost,,2026-04-25
LD000653,CMP0005,2026-03-18,New,,
LD000654,CMP0005,2026-03-20,NEW ,,
LD000655,CMP0005,2026-03-22,qualified,,
LD000656,CMP0005,2026-03-24,LOST,,2026-05-02
LD000657,CMP0005,2026-03-25,Qualified,,
LD000658,CMP0005,2026-03-25,NEW ,,
LD000659,CMP0005,2026-03-26,New,,
LD000660,CMP0005,2026-03-28,NEW ,,
LD000661,CMP0005,2026-03-29,LOST,,2026-04-28
LD000662,CMP0005,2026-03-30,qualified,,
LD000663,CMP0005,2026-04-03,New,,
LD000664,CMP0005,2026-04-09,qualified,,
LD000665,CMP0005,2026-04-09,Qualified,,
LD000666,CMP0005,2026-04-09,New,,
LD000667,CMP0005,2026-04-11,Lost,,2026-05-19
LD000668,CMP0005,2026-04-12,qualified,,
LD000669,CMP0005,2026-04-12,Lost,,2026-04-30
LD000670,CMP0005,2026-04-17,qualified,,
LD000671,CMP0005,2026-04-17,qualified,,
LD000672,CMP0005,2026-04-18,NEW ,,
LD000673,CMP0005,2026-04-19,new,,
LD000674,CMP0005,2026-04-23,lost,,2026-04-30
LD000675,CMP0005,2026-04-26,lost,,2026-06-08
LD000676,CMP0005,2026-04-27,lost,,2026-05-15
LD000677,CMP0005,2026-04-28,lost,,2026-05-26
LD000678,CMP0005,2026-05-02,lost,,2026-06-11
LD000679,CMP0005,2026-05-02,lost,,2026-05-09
LD000680,CMP0005,2026-05-03,lost,,2026-05-24
LD000681,CMP0005,2026-05-06,won,956300.0,2026-05-25
LD000682,CMP0005,2026-05-06,Lost,,2026-06-07
LD000683,CMP0005,2026-05-09,New,,
LD000684,CMP0005,2026-05-10,LOST,,2026-06-12
LD000685,CMP0005,2026-05-13,new,,
LD000686,CMP0005,2026-05-13,qualified,,
LD000687,CMP0005,2026-05-13,lost,,2026-06-04
LD000688,CMP0005,2026-05-13,NEW ,,
LD000689,CMP0005,2026-05-14,NEW ,,
LD000690,CMP0005,2026-05-17,Lost,,2026-06-30
LD000691,CMP0005,2026-05-22,lost,,2026-06-04
LD000692,CMP0005,2026-05-23,Qualified,,
LD000693,CMP0005,2026-05-25,lost,,2026-06-25
LD000694,CMP0005,2026-05-29,new,,
LD000695,CMP0005,2026-06-02,proposal ,,
LD000696,CMP0005,2026-06-05,NEW ,,
LD000697,CMP0005,2026-06-07,LOST,,2026-06-18
LD000698,CMP0005,2026-06-08,NEW ,,
LD000699,CMP0005,2026-06-11,LOST,,2026-07-23
LD000700,CMP0005,2026-06-11,Qualified,,
LD000701,CMP0005,2026-06-14,Lost,,2026-06-22
LD000702,CMP0005,2026-06-17,LOST,,2026-06-27
LD000703,CMP0005,2026-06-18,lost,,2026-07-24
LD000704,CMP0005,2026-06-21,proposal ,,
LD000705,CMP0005,2026-06-22,new,,
LD000706,CMP0005,2026-06-22,New,,
LD000707,CMP0005,2026-06-26,Qualified,,
LD000708,CMP0005,2026-06-28,lost,,2026-08-02
LD000709,CMP0005,2026-06-29,New,,
LD000710,CMP0005,2026-07-02,Proposal,,
LD000711,CMP0005,2026-07-02,NEW ,,
LD000712,CMP0005,2026-07-02,Lost,,2026-08-01
LD000713,CMP0005,2026-07-03,qualified,,
LD000714,CMP0005,2026-07-04,qualified,,
LD000715,CMP0005,2026-07-05,Qualified,,
LD000716,CMP0005,2026-07-05,qualified,,
LD000717,CMP0005,2026-07-06,qualified,,
LD000718,CMP0005,2026-07-07,Proposal,,
LD000719,CMP0005,2026-07-09,NEW ,,
LD000720,CMP0005,2026-07-10,qualified,,
LD000721,CMP0005,2026-07-12,qualified,,
LD000722,CMP0005,2026-07-13,New,,
LD000723,CMP0005,2026-07-15,NEW ,,
LD000724,CMP0005,2026-07-15,NEW ,,
LD000725,CMP0005,2026-07-16,Qualified,,
LD000726,CMP0005,2026-07-16,Qualified,,
LD000727,CMP0006,2026-01-02,lost,,2026-02-01
LD000728,CMP0006,2026-01-02,NEW ,,
LD000729,CMP0006,2026-01-02,new,,
LD000730,CMP0006,2026-01-05,won,464100.0,2026-01-28
LD000731,CMP0006,2026-01-05,qualified,,
LD000732,CMP0006,2026-01-06,New,,
LD000733,CMP0006,2026-01-06,new,,
LD000734,CMP0006,2026-01-11,New,,
LD000735,CMP0006,2026-01-12,Lost,,2026-01-25
LD000736,CMP0006,2026-01-13,NEW ,,
LD000737,CMP0006,2026-01-14,qualified,,
LD000738,CMP0006,2026-01-17,Proposal,,
LD000739,CMP0006,2026-01-18,Lost,,2026-02-19
LD000740,CMP0006,2026-01-19,new,,
LD000741,CMP0006,2026-01-19,LOST,,2026-02-09
LD000742,CMP0006,2026-01-19,qualified,,
LD000743,CMP0006,2026-01-20,NEW ,,
LD000744,CMP0006,2026-01-20,Qualified,,
LD000745,CMP0006,2026-01-22,qualified,,
LD000746,CMP0006,2026-01-23,Lost,,2026-02-10
LD000747,CMP0006,2026-01-23,Lost,,2026-02-23
LD000748,CMP0006,2026-01-23,Lost,,2026-03-05
LD000749,CMP0006,2026-01-24,new,,
LD000750,CMP0006,2026-01-25,LOST,,2026-02-22
LD000751,CMP0006,2026-01-25,Qualified,,
LD000752,CMP0006,2026-01-27,Lost,,2026-02-16
LD000753,CMP0006,2026-01-29,qualified,,
LD000754,CMP0006,2026-01-30,Qualified,,
LD000755,CMP0006,2026-01-30,NEW ,,
LD000756,CMP0006,2026-01-31,new,,
LD000757,CMP0006,2026-01-31,qualified,,
LD000758,CMP0006,2026-01-31,Qualified,,
LD000759,CMP0006,2026-02-01,LOST,,2026-02-10
LD000760,CMP0006,2026-02-02,qualified,,
LD000761,CMP0006,2026-02-04,lost,,2026-03-01
LD000762,CMP0006,2026-02-06,Lost,,2026-03-05
LD000763,CMP0006,2026-02-07,Qualified,,
LD000764,CMP0006,2026-02-07,qualified,,
LD000765,CMP0006,2026-02-07,Lost,,2026-02-17
LD000766,CMP0006,2026-02-08,won,640900.0,2026-04-04
LD000767,CMP0006,2026-02-09,New,,
LD000768,CMP0006,2026-02-10,LOST,,2026-02-24
LD000769,CMP0006,2026-02-11,Proposal,,
LD000770,CMP0006,2026-02-12,NEW ,,
LD000771,CMP0006,2026-02-13,new,,
LD000772,CMP0006,2026-02-17,NEW ,,
LD000773,CMP0006,2026-02-18,new,,
LD000774,CMP0006,2026-02-18,lost,,2026-03-10
LD000775,CMP0006,2026-02-18,Qualified,,
LD000776,CMP0006,2026-02-18,new,,
LD000777,CMP0006,2026-02-19,new,,
LD000778,CMP0006,2026-02-20,NEW ,,
LD000779,CMP0006,2026-02-20,Lost,,2026-03-30
LD000780,CMP0006,2026-02-20,Lost,,2026-03-16
LD000781,CMP0006,2026-02-20,Qualified,,
LD000782,CMP0006,2026-02-23,NEW ,,
LD000783,CMP0006,2026-02-23,proposal ,,
LD000784,CMP0006,2026-02-24,NEW ,,
LD000785,CMP0006,2026-02-25,qualified,,
LD000786,CMP0006,2026-02-25,Qualified,,
LD000787,CMP0006,2026-02-27,Lost,,2026-03-06
LD000788,CMP0006,2026-02-27,lost,,2026-03-07
LD000789,CMP0006,2026-02-27,qualified,,
LD000790,CMP0006,2026-03-03,Qualified,,
LD000791,CMP0006,2026-03-03,New,,
LD000792,CMP0006,2026-03-04,Qualified,,
LD000793,CMP0006,2026-03-04,New,,
LD000794,CMP0006,2026-03-04,qualified,,
LD000795,CMP0006,2026-03-06,LOST,,2026-04-11
LD000796,CMP0006,2026-03-07,qualified,,
LD000797,CMP0006,2026-03-08,lost,,2026-03-26
LD000798,CMP0006,2026-03-09,New,,
LD000799,CMP0006,2026-03-10,new,,
LD000800,CMP0006,2026-03-10,Lost,,2026-04-09
LD000801,CMP0006,2026-03-11,new,,
LD000802,CMP0006,2026-03-13,Lost,,2026-04-16
LD000803,CMP0006,2026-03-13,New,,
LD000804,CMP0006,2026-03-13,NEW ,,
LD000805,CMP0006,2026-03-14,proposal ,,
LD000806,CMP0006,2026-03-16,lost,,2026-03-28
LD000807,CMP0006,2026-03-16,Lost,,2026-03-26
LD000808,CMP0006,2026-03-16,LOST,,2026-04-15
LD000809,CMP0006,2026-03-17,Qualified,,
LD000810,CMP0006,2026-03-18,New,,
LD000811,CMP0006,2026-03-18,lost,,2026-04-19
LD000812,CMP0006,2026-03-19,new,,
LD000813,CMP0006,2026-03-19,New,,
LD000814,CMP0006,2026-03-19,Qualified,,
LD000815,CMP0006,2026-03-21,qualified,,
LD000816,CMP0006,2026-03-22,Qualified,,
LD000817,CMP0006,2026-03-22,Won,715100.0,2026-04-06
LD000818,CMP0006,2026-03-23,LOST,,2026-03-30
LD000819,CMP0006,2026-03-25,Qualified,,
LD000820,CMP0006,2026-03-26,new,,
LD000821,CMP0006,2026-03-26,Qualified,,
LD000822,CMP0006,2026-03-27,proposal ,,
LD000823,CMP0006,2026-03-28,lost,,2026-05-06
LD000824,CMP0006,2026-03-28,NEW ,,
LD000825,CMP0006,2026-03-28,NEW ,,
LD000826,CMP0006,2026-03-30,new,,
LD000827,CMP0006,2026-03-31,LOST,,2026-04-11
LD000828,CMP0006,2026-04-01,New,,
LD000829,CMP0006,2026-04-01,new,,
LD000830,CMP0006,2026-04-06,LOST,,2026-04-16
LD000831,CMP0006,2026-04-06,NEW ,,
LD000832,CMP0006,2026-04-06,new,,
LD000833,CMP0007,2025-12-28,Lost,,2026-01-28
LD000834,CMP0007,2025-12-29,NEW ,,
LD000835,CMP0007,2025-12-29,lost,,2026-02-09
LD000836,CMP0007,2025-12-30,lost,,2026-01-15
LD000837,CMP0007,2025-12-30,NEW ,,
LD000838,CMP0007,2025-12-30,LOST,,2026-01-26
LD000839,CMP0007,2025-12-31,new,,
LD000840,CMP0007,2025-12-31,NEW ,,
LD000841,CMP0007,2026-01-01,NEW ,,
LD000842,CMP0007,2026-01-01,Lost,,2026-02-04
LD000843,CMP0007,2026-01-01,new,,
LD000844,CMP0007,2026-01-02,Lost,,2026-01-22
LD000845,CMP0007,2026-01-02,qualified,,
LD000846,CMP0007,2026-01-03,new,,
LD000847,CMP0007,2026-01-05,Lost,,2026-01-22
LD000848,CMP0007,2026-01-05,New,,
LD000849,CMP0007,2026-01-08,New,,
LD000850,CMP0007,2026-01-09,Won ,525000.0,2026-03-01
LD000851,CMP0007,2026-01-09,New,,
LD000852,CMP0007,2026-01-11,Lost,,2026-01-25
LD000853,CMP0007,2026-01-11,Lost,,2026-02-06
LD000854,CMP0007,2026-01-11,Lost,,2026-02-02
LD000855,CMP0007,2026-01-12,qualified,,
LD000856,CMP0007,2026-01-12,lost,,2026-02-08
LD000857,CMP0007,2026-01-14,NEW ,,
LD000858,CMP0007,2026-01-14,Lost,,2026-02-11
LD000859,CMP0007,2026-01-17,New,,
LD000860,CMP0007,2026-01-17,new,,
LD000861,CMP0007,2026-01-17,lost,,2026-02-22
LD000862,CMP0007,2026-01-18,NEW ,,
LD000863,CMP0007,2026-01-18,qualified,,
LD000864,CMP0007,2026-01-18,Qualified,,
LD000865,CMP0007,2026-01-20,qualified,,
LD000866,CMP0007,2026-01-20,lost,,2026-02-03
LD000867,CMP0007,2026-01-21,proposal ,,
LD000868,CMP0007,2026-01-21,LOST,,2026-02-27
LD000869,CMP0007,2026-01-22,qualified,,
LD000870,CMP0007,2026-01-22,Lost,,2026-03-06
LD000871,CMP0007,2026-01-22,new,,
LD000872,CMP0007,2026-01-23,Proposal,,
LD000873,CMP0007,2026-01-23,new,,
LD000874,CMP0007,2026-01-24,Lost,,2026-02-25
LD000875,CMP0007,2026-01-24,qualified,,
LD000876,CMP0007,2026-01-24,New,,
LD000877,CMP0007,2026-01-25,New,,
LD000878,CMP0007,2026-01-26,qualified,,
LD000879,CMP0007,2026-01-27,Qualified,,
LD000880,CMP0007,2026-01-28,Lost,,2026-02-18
LD000881,CMP0007,2026-01-28,Qualified,,
LD000882,CMP0007,2026-01-30,Qualified,,
LD000883,CMP0007,2026-01-30,new,,
LD000884,CMP0007,2026-01-30,lost,,2026-03-10
LD000885,CMP0007,2026-01-30,Lost,,2026-02-16
LD000886,CMP0007,2026-01-31,qualified,,
LD000887,CMP0007,2026-01-31,New,,
LD000888,CMP0007,2026-01-31,lost,,2026-02-24
LD000889,CMP0007,2026-01-31,LOST,,2026-03-15
LD000890,CMP0007,2026-02-02,Qualified,,
LD000891,CMP0007,2026-02-02,lost,,2026-03-14
LD000892,CMP0007,2026-02-04,lost,,2026-02-28
LD000893,CMP0007,2026-02-04,Lost,,2026-02-26
LD000894,CMP0007,2026-02-05,LOST,,2026-03-08
LD000895,CMP0007,2026-02-06,NEW ,,
LD000896,CMP0007,2026-02-06,qualified,,
LD000897,CMP0007,2026-02-07,lost,,2026-03-07
LD000898,CMP0007,2026-02-07,new,,
LD000899,CMP0007,2026-02-07,Lost,,2026-03-09
LD000900,CMP0007,2026-02-08,Qualified,,
LD000901,CMP0007,2026-02-09,LOST,,2026-03-19
LD000902,CMP0007,2026-02-09,qualified,,
LD000903,CMP0007,2026-02-09,New,,
LD000904,CMP0007,2026-02-09,Lost,,2026-03-15
LD000905,CMP0007,2026-02-11,NEW ,,
LD000906,CMP0007,2026-02-11,Lost,,2026-02-24
LD000907,CMP0007,2026-02-13,NEW ,,
LD000908,CMP0007,2026-02-14,proposal ,,
LD000909,CMP0007,2026-02-14,Qualified,,
LD000910,CMP0007,2026-02-15,new,,
LD000911,CMP0007,2026-02-15,qualified,,
LD000912,CMP0007,2026-02-16,NEW ,,
LD000913,CMP0007,2026-02-17,Qualified,,
LD000914,CMP0007,2026-02-17,New,,
LD000915,CMP0007,2026-02-18,NEW ,,
LD000916,CMP0007,2026-02-18,new,,
LD000917,CMP0007,2026-02-18,New,,
LD000918,CMP0007,2026-02-18,lost,,2026-03-02
LD000919,CMP0007,2026-02-19,New,,
LD000920,CMP0007,2026-02-19,lost,,2026-03-31
LD000921,CMP0007,2026-02-21,lost,,2026-03-10
LD000922,CMP0007,2026-02-23,New,,
LD000923,CMP0007,2026-02-26,new,,
LD000924,CMP0007,2026-02-27,new,,
LD000925,CMP0007,2026-02-27,qualified,,
LD000926,CMP0007,2026-02-28,Lost,,2026-04-09
LD000927,CMP0007,2026-03-01,Qualified,,
LD000928,CMP0007,2026-03-02,qualified,,
LD000929,CMP0007,2026-03-02,New,,
LD000930,CMP0007,2026-03-03,qualified,,
LD000931,CMP0007,2026-03-03,LOST,,2026-03-13
LD000932,CMP0008,2026-01-12,Qualified,,
LD000933,CMP0008,2026-01-12,LOST,,2026-02-17
LD000934,CMP0008,2026-01-12,New,,
LD000935,CMP0008,2026-01-13,Qualified,,
LD000936,CMP0008,2026-01-13,qualified,,
LD000937,CMP0008,2026-01-14,Lost,,2026-01-23
LD000938,CMP0008,2026-01-15,lost,,2026-02-16
LD000939,CMP0008,2026-01-16,Qualified,,
LD000940,CMP0008,2026-01-16,NEW ,,
LD000941,CMP0008,2026-01-16,New,,
LD000942,CMP0008,2026-01-16,new,,
LD000943,CMP0008,2026-01-17,New,,
LD000944,CMP0008,2026-01-20,lost,,2026-03-02
LD000945,CMP0008,2026-01-20,Lost,,2026-03-02
LD000946,CMP0008,2026-01-20,NEW ,,
LD000947,CMP0008,2026-01-22,Qualified,,
LD000948,CMP0008,2026-01-22,NEW ,,
LD000949,CMP0008,2026-01-23,Qualified,,
LD000950,CMP0008,2026-01-23,lost,,2026-03-04
LD000951,CMP0008,2026-01-24,New,,
LD000952,CMP0008,2026-01-24,lost,,2026-02-14
LD000953,CMP0008,2026-01-25,lost,,2026-03-10
LD000954,CMP0008,2026-01-25,new,,
LD000955,CMP0008,2026-01-25,LOST,,2026-02-16
LD000956,CMP0008,2026-01-26,NEW ,,
LD000957,CMP0008,2026-01-27,New,,
LD000958,CMP0008,2026-01-28,Qualified,,
LD000959,CMP0008,2026-01-28,LOST,,2026-02-12
LD000960,CMP0008,2026-01-28,Lost,,2026-03-12
LD000961,CMP0008,2026-01-29,LOST,,2026-02-28
LD000962,CMP0008,2026-01-29,NEW ,,
LD000963,CMP0008,2026-01-31,New,,
LD000964,CMP0008,2026-02-01,New,,
LD000965,CMP0008,2026-02-01,Qualified,,
LD000966,CMP0008,2026-02-02,new,,
LD000967,CMP0008,2026-02-02,new,,
LD000968,CMP0008,2026-02-02,New,,
LD000969,CMP0008,2026-02-03,New,,
LD000970,CMP0008,2026-02-03,qualified,,
LD000971,CMP0008,2026-02-05,new,,
LD000972,CMP0008,2026-02-08,new,,
LD000973,CMP0008,2026-02-09,new,,
LD000974,CMP0008,2026-02-10,New,,
LD000975,CMP0008,2026-02-11,New,,
LD000976,CMP0008,2026-02-11,lost,,2026-02-22
LD000977,CMP0008,2026-02-12,qualified,,
LD000978,CMP0008,2026-02-12,lost,,2026-03-18
LD000979,CMP0008,2026-02-12,new,,
LD000980,CMP0008,2026-02-13,LOST,,2026-03-15
LD000981,CMP0008,2026-02-14,lost,,2026-02-24
LD000982,CMP0008,2026-02-14,NEW ,,
LD000983,CMP0008,2026-02-15,new,,
LD000984,CMP0008,2026-02-16,Qualified,,
LD000985,CMP0008,2026-02-17,new,,
LD000986,CMP0008,2026-02-17,new,,
LD000987,CMP0008,2026-02-17,Lost,,2026-03-23
LD000988,CMP0008,2026-02-17,new,,
LD000989,CMP0008,2026-02-18,lost,,2026-03-05
LD000990,CMP0008,2026-02-18,Qualified,,
LD000991,CMP0008,2026-02-18,Qualified,,
LD000992,CMP0008,2026-02-18,LOST,,2026-03-30
LD000993,CMP0008,2026-02-20,NEW ,,
LD000994,CMP0008,2026-02-20,qualified,,
LD000995,CMP0008,2026-02-22,LOST,,2026-03-21
LD000996,CMP0008,2026-02-23,Qualified,,
LD000997,CMP0008,2026-02-23,NEW ,,
LD000998,CMP0008,2026-02-27,NEW ,,
LD000999,CMP0008,2026-02-27,NEW ,,
LD001000,CMP0008,2026-02-27,Qualified,,
LD001001,CMP0008,2026-02-28,qualified,,
LD001002,CMP0008,2026-02-28,Lost,,2026-04-01
LD001003,CMP0008,2026-02-28,Qualified,,
LD001004,CMP0008,2026-03-05,Lost,,2026-03-24
LD001005,CMP0008,2026-03-05,LOST,,2026-03-26
LD001006,CMP0008,2026-03-06,new,,
LD001007,CMP0008,2026-03-07,New,,
LD001008,CMP0008,2026-03-07,new,,
LD001009,CMP0008,2026-03-08,new,,
LD001010,CMP0008,2026-03-08,LOST,,2026-03-28
LD001011,CMP0008,2026-03-09,proposal ,,
LD001012,CMP0008,2026-03-10,qualified,,
LD001013,CMP0008,2026-03-11,lost,,2026-03-27
LD001014,CMP0008,2026-03-14,NEW ,,
LD001015,CMP0008,2026-03-15,NEW ,,
LD001016,CMP0008,2026-03-16,Lost,,2026-03-29
LD001017,CMP0008,2026-03-17,lost,,2026-04-01
LD001018,CMP0008,2026-03-17,lost,,2026-04-05
LD001019,CMP0008,2026-03-18,LOST,,2026-05-01
LD001020,CMP0008,2026-03-21,qualified,,
LD001021,CMP0008,2026-03-21,Qualified,,
LD001022,CMP0008,2026-03-21,new,,
LD001023,CMP0008,2026-03-23,NEW ,,
LD001024,CMP0008,2026-03-24,LOST,,2026-04-01
LD001025,CMP0008,2026-03-24,Qualified,,
LD001026,CMP0008,2026-03-27,qualified,,
LD001027,CMP0008,2026-03-28,lost,,2026-04-24
LD001028,CMP0008,2026-03-31,NEW ,,
LD001029,CMP0008,2026-04-01,lost,,2026-04-13
LD001030,CMP0008,2026-04-05,NEW ,,
LD001031,CMP0008,2026-04-05,Lost,,2026-05-18
LD001032,CMP0008,2026-04-06,LOST,,2026-04-25
LD001033,CMP0008,2026-04-07,New,,
LD001034,CMP0008,2026-04-07,LOST,,2026-04-19
LD001035,CMP0008,2026-04-07,qualified,,
LD001036,CMP0008,2026-04-10,Qualified,,
LD001037,CMP0008,2026-04-11,Lost,,2026-04-30
LD001038,CMP0008,2026-04-13,Proposal,,
LD001039,CMP0008,2026-04-14,New,,
LD001040,CMP0008,2026-04-14,new,,
LD001041,CMP0008,2026-04-14,qualified,,
LD001042,CMP0008,2026-04-15,New,,
LD001043,CMP0008,2026-04-15,NEW ,,
LD001044,CMP0008,2026-04-17,LOST,,2026-05-09
LD001045,CMP0008,2026-04-17,Lost,,2026-05-09
LD001046,CMP0008,2026-04-20,qualified,,
LD001047,CMP0008,2026-04-21,Lost,,2026-05-30
LD001048,CMP0008,2026-04-22,NEW ,,
LD001049,CMP0008,2026-04-23,Lost,,2026-06-01
LD001050,CMP0008,2026-04-24,New,,
LD001051,CMP0008,2026-04-26,New,,
LD001052,CMP0008,2026-04-26,New,,
LD001053,CMP0008,2026-04-26,New,,
LD001054,CMP0008,2026-04-27,NEW ,,
LD001055,CMP0008,2026-04-27,Qualified,,
LD001056,CMP0008,2026-04-27,Proposal,,
LD001057,CMP0008,2026-04-29,proposal ,,
LD001058,CMP0008,2026-04-29,Lost,,2026-05-24
LD001059,CMP0008,2026-04-29,New,,
LD001060,CMP0008,2026-04-30,lost,,2026-06-04
LD001061,CMP0008,2026-05-01,new,,
LD001062,CMP0008,2026-05-01,qualified,,
LD001063,CMP0008,2026-05-02,New,,
LD001064,CMP0008,2026-05-04,Qualified,,
LD001065,CMP0008,2026-05-04,LOST,,2026-06-05
LD001066,CMP0008,2026-05-04,Proposal,,
LD001067,CMP0008,2026-05-05,New,,
LD001068,CMP0008,2026-05-06,Qualified,,
LD001069,CMP0008,2026-05-06,NEW ,,
LD001070,CMP0008,2026-05-07,Qualified,,
LD001071,CMP0008,2026-05-10,New,,
LD001072,CMP0008,2026-05-11,New,,
LD001073,CMP0008,2026-05-12,qualified,,
LD001074,CMP0008,2026-05-15,Lost,,2026-06-17
LD001075,CMP0008,2026-05-15,new,,
LD001076,CMP0008,2026-05-16,qualified,,
LD001077,CMP0008,2026-05-17,Qualified,,
LD001078,CMP0008,2026-05-18,proposal ,,
LD001079,CMP0008,2026-05-18,lost,,2026-06-30
LD001080,CMP0008,2026-05-21,New,,
LD001081,CMP0008,2026-05-21,Qualified,,
LD001082,CMP0008,2026-05-22,Qualified,,
LD001083,CMP0008,2026-05-24,new,,
LD001084,CMP0008,2026-05-24,Lost,,2026-06-28
LD001085,CMP0008,2026-05-24,new,,
LD001086,CMP0008,2026-05-24,LOST,,2026-06-03
LD001087,CMP0008,2026-05-28,Qualified,,
LD001088,CMP0008,2026-05-28,New,,
LD001089,CMP0008,2026-05-30,new,,
LD001090,CMP0008,2026-05-31,Qualified,,
LD001091,CMP0008,2026-05-31,LOST,,2026-06-27
LD001092,CMP0008,2026-05-31,New,,
LD001093,CMP0008,2026-06-01,LOST,,2026-07-01
LD001094,CMP0008,2026-06-03,Lost,,2026-07-09
LD001095,CMP0008,2026-06-03,Qualified,,
LD001096,CMP0008,2026-06-04,LOST,,2026-06-13
LD001097,CMP0008,2026-06-04,Proposal,,
LD001098,CMP0008,2026-06-05,LOST,,2026-07-11
LD001099,CMP0008,2026-06-05,Qualified,,
LD001100,CMP0008,2026-06-08,Qualified,,
LD001101,CMP0008,2026-06-10,qualified,,
LD001102,CMP0008,2026-06-11,NEW ,,
LD001103,CMP0008,2026-06-12,Qualified,,
LD001104,CMP0008,2026-06-13,Qualified,,
LD001105,CMP0008,2026-06-15,new,,
LD001106,CMP0008,2026-06-15,LOST,,2026-07-27
LD001107,CMP0008,2026-06-16,NEW ,,
LD001108,CMP0008,2026-06-16,New,,
LD001109,CMP0008,2026-06-18,Lost,,2026-07-05
LD001110,CMP0008,2026-06-19,new,,
LD001111,CMP0008,2026-06-23,lost,,2026-08-02
LD001112,CMP0008,2026-06-24,Qualified,,
LD001113,CMP0008,2026-06-26,new,,
LD001114,CMP0008,2026-06-26,new,,
LD001115,CMP0008,2026-06-26,Lost,,2026-07-18
LD001116,CMP0008,2026-06-27,proposal ,,
LD001117,CMP0008,2026-06-27,Qualified,,
LD001118,CMP0008,2026-06-29,New,,
LD001119,CMP0008,2026-06-30,Lost,,2026-07-28
LD001120,CMP0008,2026-06-30,New,,
LD001121,CMP0008,2026-06-30,Lost,,2026-08-07
LD001122,CMP0008,2026-07-02,NEW ,,
LD001123,CMP0008,2026-07-03,proposal ,,
LD001124,CMP0008,2026-07-04,Qualified,,
LD001125,CMP0008,2026-07-06,new,,
LD001126,CMP0008,2026-07-07,Qualified,,
LD001127,CMP0008,2026-07-08,qualified,,
LD001128,CMP0008,2026-07-08,qualified,,
LD001129,CMP0008,2026-07-09,Qualified,,
LD001130,CMP0008,2026-07-10,Qualified,,
LD001131,CMP0008,2026-07-11,qualified,,
LD001132,CMP0008,2026-07-11,new,,
LD001133,CMP0008,2026-07-11,NEW ,,
LD001134,CMP0008,2026-07-14,NEW ,,
LD001135,CMP0008,2026-07-15,Qualified,,
LD001136,CMP0008,2026-07-15,New,,
LD001137,CMP0008,2026-07-16,NEW ,,
LD001138,CMP0008,2026-07-16,qualified,,
LD001139,CMP0008,2026-07-17,New,,
LD001140,CMP0008,2026-07-17,Proposal,,
LD001141,CMP0008,2026-07-17,qualified,,
LD001142,CMP0008,2026-07-19,Qualified,,
LD001143,CMP0008,2026-07-21,NEW ,,
LD001144,CMP0009,2025-12-15,New,,
LD001145,CMP0009,2025-12-15,NEW ,,
LD001146,CMP0009,2025-12-15,NEW ,,
LD001147,CMP0009,2025-12-15,LOST,,2026-01-04
LD001148,CMP0009,2025-12-15,qualified,,
LD001149,CMP0009,2025-12-16,qualified,,
LD001150,CMP0009,2025-12-16,New,,
LD001151,CMP0009,2025-12-16,new,,
LD001152,CMP0009,2025-12-16,new,,
LD001153,CMP0009,2025-12-16,Qualified,,
LD001154,CMP0009,2025-12-16,LOST,,2026-01-09
LD001155,CMP0009,2025-12-16,qualified,,
LD001156,CMP0009,2025-12-17,New,,
LD001157,CMP0009,2025-12-17,Lost,,2026-01-07
LD001158,CMP0009,2025-12-17,LOST,,2025-12-30
LD001159,CMP0009,2025-12-18,new,,
LD001160,CMP0009,2025-12-18,Qualified,,
LD001161,CMP0009,2025-12-18,NEW ,,
LD001162,CMP0009,2025-12-18,NEW ,,
LD001163,CMP0009,2025-12-19,Lost,,2026-01-07
LD001164,CMP0009,2025-12-19,qualified,,
LD001165,CMP0009,2025-12-19,Lost,,2026-01-17
LD001166,CMP0009,2025-12-19,NEW ,,
LD001167,CMP0009,2025-12-19,Lost,,2025-12-28
LD001168,CMP0009,2025-12-19,qualified,,
LD001169,CMP0009,2025-12-19,NEW ,,
LD001170,CMP0009,2025-12-20,LOST,,2026-02-02
LD001171,CMP0009,2025-12-20,NEW ,,
LD001172,CMP0009,2025-12-20,LOST,,2026-01-10
LD001173,CMP0009,2025-12-20,LOST,,2025-12-29
LD001174,CMP0009,2025-12-21,new,,
LD001175,CMP0009,2025-12-21,NEW ,,
LD001176,CMP0009,2025-12-21,New,,
LD001177,CMP0009,2025-12-21,Lost,,2026-01-09
LD001178,CMP0009,2025-12-21,LOST,,2026-01-07
LD001179,CMP0009,2025-12-22,lost,,2026-01-15
LD001180,CMP0009,2025-12-22,Qualified,,
LD001181,CMP0009,2025-12-22,qualified,,
LD001182,CMP0009,2025-12-22,qualified,,
LD001183,CMP0009,2025-12-23,lost,,2026-01-20
LD001184,CMP0009,2025-12-23,Qualified,,
LD001185,CMP0009,2025-12-23,qualified,,
LD001186,CMP0009,2025-12-23,NEW ,,
LD001187,CMP0009,2025-12-23,new,,
LD001188,CMP0009,2025-12-24,Qualified,,
LD001189,CMP0009,2025-12-24,NEW ,,
LD001190,CMP0009,2025-12-24,LOST,,2026-02-02
LD001191,CMP0009,2025-12-24,New,,
LD001192,CMP0009,2025-12-25,Lost,,2026-01-19
LD001193,CMP0009,2025-12-25,New,,
LD001194,CMP0009,2025-12-25,qualified,,
LD001195,CMP0009,2025-12-25,NEW ,,
LD001196,CMP0009,2025-12-25,LOST,,2026-01-30
LD001197,CMP0009,2025-12-26,new,,
LD001198,CMP0009,2025-12-26,proposal ,,
LD001199,CMP0009,2025-12-26,lost,,2026-01-08
LD001200,CMP0009,2025-12-26,new,,
LD001201,CMP0009,2025-12-26,lost,,2026-01-22
LD001202,CMP0009,2025-12-27,Lost,,2026-01-03
LD001203,CMP0009,2025-12-27,lost,,2026-02-04
LD001204,CMP0009,2025-12-27,lost,,2026-01-19
LD001205,CMP0009,2025-12-27,LOST,,2026-02-06
LD001206,CMP0009,2025-12-27,Won,624200.0,2026-02-23
LD001207,CMP0009,2025-12-28,Qualified,,
LD001208,CMP0009,2025-12-28,Qualified,,
LD001209,CMP0009,2025-12-28,Lost,,2026-01-27
LD001210,CMP0009,2025-12-28,Qualified,,
LD001211,CMP0009,2025-12-29,new,,
LD001212,CMP0009,2025-12-29,New,,
LD001213,CMP0009,2025-12-29,new,,
LD001214,CMP0009,2025-12-29,NEW ,,
LD001215,CMP0009,2025-12-29,LOST,,2026-01-14
LD001216,CMP0009,2025-12-30,Qualified,,
LD001217,CMP0009,2025-12-30,New,,
LD001218,CMP0009,2025-12-30,LOST,,2026-01-23
LD001219,CMP0009,2025-12-30,Qualified,,
LD001220,CMP0009,2025-12-30,Lost,,2026-02-05
LD001221,CMP0009,2025-12-31,New,,
LD001222,CMP0009,2025-12-31,lost,,2026-01-27
LD001223,CMP0009,2025-12-31,NEW ,,
LD001224,CMP0009,2025-12-31,New,,
LD001225,CMP0009,2026-01-01,lost,,2026-01-26
LD001226,CMP0009,2026-01-01,proposal ,,
LD001227,CMP0009,2026-01-02,NEW ,,
LD001228,CMP0009,2026-01-02,New,,
LD001229,CMP0009,2026-01-02,Lost,,2026-01-11
LD001230,CMP0009,2026-01-02,New,,
LD001231,CMP0009,2026-01-03,NEW ,,
LD001232,CMP0009,2026-01-03,LOST,,2026-01-12
LD001233,CMP0009,2026-01-03,Qualified,,
LD001234,CMP0009,2026-01-03,Qualified,,
LD001235,CMP0009,2026-01-03,New,,
LD001236,CMP0009,2026-01-04,LOST,,2026-01-18
LD001237,CMP0009,2026-01-04,LOST,,2026-01-16
LD001238,CMP0009,2026-01-04,NEW ,,
LD001239,CMP0009,2026-01-05,NEW ,,
LD001240,CMP0009,2026-01-05,proposal ,,
LD001241,CMP0009,2026-01-05,Lost,,2026-02-11
LD001242,CMP0009,2026-01-05,Lost,,2026-02-12
LD001243,CMP0009,2026-01-06,NEW ,,
LD001244,CMP0009,2026-01-06,lost,,2026-02-18
LD001245,CMP0009,2026-01-06,NEW ,,
LD001246,CMP0009,2026-01-06,new,,
LD001247,CMP0009,2026-01-06,Proposal,,
LD001248,CMP0009,2026-01-06,new,,
LD001249,CMP0009,2026-01-06,Lost,,2026-02-16
LD001250,CMP0009,2026-01-07,New,,
LD001251,CMP0009,2026-01-07,NEW ,,
LD001252,CMP0009,2026-01-07,qualified,,
LD001253,CMP0009,2026-01-07,LOST,,2026-02-06
LD001254,CMP0009,2026-01-07,Lost,,2026-01-28
LD001255,CMP0009,2026-01-07,NEW ,,
LD001256,CMP0009,2026-01-07,lost,,2026-02-02
LD001257,CMP0009,2026-01-07,lost,,2026-01-19
LD001258,CMP0009,2026-01-07,lost,,2026-02-19
LD001259,CMP0009,2026-01-08,New,,
LD001260,CMP0009,2026-01-08,new,,
LD001261,CMP0009,2026-01-08,NEW ,,
LD001262,CMP0009,2026-01-08,Qualified,,
LD001263,CMP0009,2026-01-08,NEW ,,
LD001264,CMP0009,2026-01-08,New,,
LD001265,CMP0009,2026-01-09,New,,
LD001266,CMP0009,2026-01-09,New,,
LD001267,CMP0009,2026-01-09,lost,,2026-02-18
LD001268,CMP0009,2026-01-09,new,,
LD001269,CMP0009,2026-01-09,Lost,,2026-02-15
LD001270,CMP0009,2026-01-09,proposal ,,
LD001271,CMP0009,2026-01-09,new,,
LD001272,CMP0009,2026-01-10,new,,
LD001273,CMP0009,2026-01-10,Qualified,,
LD001274,CMP0009,2026-01-10,new,,
LD001275,CMP0009,2026-01-10,qualified,,
LD001276,CMP0009,2026-01-10,Lost,,2026-02-12
LD001277,CMP0009,2026-01-10,Lost,,2026-02-20
LD001278,CMP0009,2026-01-10,proposal ,,
LD001279,CMP0009,2026-01-11,lost,,2026-01-25
LD001280,CMP0009,2026-01-11,Qualified,,
LD001281,CMP0009,2026-01-11,LOST,,2026-02-06
LD001282,CMP0009,2026-01-11,NEW ,,
LD001283,CMP0009,2026-01-11,lost,,2026-02-02
LD001284,CMP0009,2026-01-11,lost,,2026-02-04
LD001285,CMP0009,2026-01-12,NEW ,,
LD001286,CMP0009,2026-01-12,Qualified,,
LD001287,CMP0009,2026-01-12,lost,,2026-02-10
LD001288,CMP0009,2026-01-12,New,,
LD001289,CMP0009,2026-01-12,new,,
LD001290,CMP0009,2026-01-12,New,,
LD001291,CMP0009,2026-01-12,LOST,,2026-02-21
LD001292,CMP0009,2026-01-12,LOST,,2026-02-02
LD001293,CMP0009,2026-01-12,NEW ,,
LD001294,CMP0009,2026-01-12,new,,
LD001295,CMP0009,2026-01-12,New,,
LD001296,CMP0009,2026-01-13,Qualified,,
LD001297,CMP0009,2026-01-13,lost,,2026-01-29
LD001298,CMP0009,2026-01-13,new,,
LD001299,CMP0009,2026-01-13,New,,
LD001300,CMP0009,2026-01-13,qualified,,
LD001301,CMP0009,2026-01-13,New,,
LD001302,CMP0009,2026-01-13,qualified,,
LD001303,CMP0009,2026-01-14,lost,,2026-02-02
LD001304,CMP0009,2026-01-15,Lost,,2026-02-21
LD001305,CMP0009,2026-01-15,Lost,,2026-01-27
LD001306,CMP0009,2026-01-16,lost,,2026-02-13
LD001307,CMP0009,2026-01-16,LOST,,2026-02-20
LD001308,CMP0009,2026-01-16,proposal ,,
LD001309,CMP0009,2026-01-16,New,,
LD001310,CMP0009,2026-01-17,qualified,,
LD001311,CMP0009,2026-01-17,NEW ,,
LD001312,CMP0009,2026-01-17,NEW ,,
LD001313,CMP0009,2026-01-17,qualified,,
LD001314,CMP0009,2026-01-17,proposal ,,
LD001315,CMP0009,2026-01-17,LOST,,2026-02-08
LD001316,CMP0009,2026-01-18,new,,
LD001317,CMP0009,2026-01-18,Qualified,,
LD001318,CMP0009,2026-01-18,LOST,,2026-01-25
LD001319,CMP0009,2026-01-18,lost,,2026-02-27
LD001320,CMP0009,2026-01-18,Qualified,,
LD001321,CMP0009,2026-01-18,qualified,,
LD001322,CMP0009,2026-01-19,NEW ,,
LD001323,CMP0009,2026-01-20,New,,
LD001324,CMP0009,2026-01-20,LOST,,2026-02-03
LD001325,CMP0009,2026-01-20,Lost,,2026-02-01
LD001326,CMP0009,2026-01-20,NEW ,,
LD001327,CMP0009,2026-01-20,Proposal,,
LD001328,CMP0009,2026-01-21,NEW ,,
LD001329,CMP0009,2026-01-21,LOST,,2026-02-13
LD001330,CMP0009,2026-01-21,Lost,,2026-03-04
LD001331,CMP0009,2026-01-21,lost,,2026-02-08
LD001332,CMP0009,2026-01-22,Lost,,2026-02-01
LD001333,CMP0009,2026-01-22,New,,
LD001334,CMP0009,2026-01-22,NEW ,,
LD001335,CMP0009,2026-01-22,New,,
LD001336,CMP0009,2026-01-22,lost,,2026-03-01
LD001337,CMP0009,2026-01-22,New,,
LD001338,CMP0009,2026-01-23,new,,
LD001339,CMP0009,2026-01-23,Lost,,2026-02-22
LD001340,CMP0009,2026-01-23,Lost,,2026-01-30
LD001341,CMP0009,2026-01-23,lost,,2026-02-03
LD001342,CMP0009,2026-01-24,lost,,2026-02-14
LD001343,CMP0009,2026-01-24,lost,,2026-02-05
LD001344,CMP0009,2026-01-24,LOST,,2026-03-05
LD001345,CMP0009,2026-01-24,NEW ,,
LD001346,CMP0009,2026-01-24,Qualified,,
LD001347,CMP0009,2026-01-24,Qualified,,
LD001348,CMP0009,2026-01-24,LOST,,2026-02-21
LD001349,CMP0009,2026-01-25,new,,
LD001350,CMP0009,2026-01-25,New,,
LD001351,CMP0009,2026-01-25,Lost,,2026-02-12
LD001352,CMP0009,2026-01-26,qualified,,
LD001353,CMP0009,2026-01-26,proposal ,,
LD001354,CMP0009,2026-01-26,Qualified,,
LD001355,CMP0009,2026-01-26,LOST,,2026-02-25
LD001356,CMP0009,2026-01-26,NEW ,,
LD001357,CMP0009,2026-01-26,Qualified,,
LD001358,CMP0009,2026-01-26,new,,
LD001359,CMP0009,2026-01-26,New,,
LD001360,CMP0009,2026-01-26,LOST,,2026-02-23
LD001361,CMP0009,2026-01-27,LOST,,2026-02-24
LD001362,CMP0009,2026-01-27,qualified,,
LD001363,CMP0009,2026-01-27,LOST,,2026-02-16
LD001364,CMP0009,2026-01-27,LOST,,2026-02-23
LD001365,CMP0009,2026-01-27,Lost,,2026-02-05
LD001366,CMP0009,2026-01-28,new,,
LD001367,CMP0009,2026-01-28,NEW ,,
LD001368,CMP0009,2026-01-28,NEW ,,
LD001369,CMP0009,2026-01-28,NEW ,,
LD001370,CMP0009,2026-01-29,qualified,,
LD001371,CMP0009,2026-01-29,NEW ,,
LD001372,CMP0009,2026-01-29,Won ,719800.0,2026-03-16
LD001373,CMP0009,2026-01-29,lost,,2026-02-15
LD001374,CMP0009,2026-01-29,lost,,2026-03-02
LD001375,CMP0009,2026-01-29,LOST,,2026-02-23
LD001376,CMP0009,2026-01-29,New,,
LD001377,CMP0009,2026-01-29,Qualified,,
LD001378,CMP0009,2026-01-30,Lost,,2026-03-11
LD001379,CMP0009,2026-01-30,new,,
LD001380,CMP0009,2026-01-30,LOST,,2026-02-13
LD001381,CMP0009,2026-02-01,new,,
LD001382,CMP0009,2026-02-01,Lost,,2026-02-24
LD001383,CMP0009,2026-02-01,NEW ,,
LD001384,CMP0009,2026-02-01,new,,
LD001385,CMP0009,2026-02-01,Lost,,2026-02-25
LD001386,CMP0009,2026-02-02,new,,
LD001387,CMP0009,2026-02-02,New,,
LD001388,CMP0009,2026-02-02,lost,,2026-02-14
LD001389,CMP0009,2026-02-02,new,,
LD001390,CMP0009,2026-02-03,proposal ,,
LD001391,CMP0009,2026-02-03,qualified,,
LD001392,CMP0009,2026-02-03,NEW ,,
LD001393,CMP0009,2026-02-03,new,,
LD001394,CMP0009,2026-02-03,New,,
LD001395,CMP0009,2026-02-03,Lost,,2026-02-14
LD001396,CMP0009,2026-02-03,lost,,2026-03-17
LD001397,CMP0009,2026-02-03,Proposal,,
LD001398,CMP0009,2026-02-04,Lost,,2026-03-15
LD001399,CMP0009,2026-02-04,LOST,,2026-02-20
LD001400,CMP0009,2026-02-04,New,,
LD001401,CMP0009,2026-02-04,Qualified,,
LD001402,CMP0009,2026-02-04,New,,
LD001403,CMP0009,2026-02-05,Lost,,2026-02-19
LD001404,CMP0009,2026-02-05,qualified,,
LD001405,CMP0009,2026-02-05,qualified,,
LD001406,CMP0009,2026-02-05,new,,
LD001407,CMP0009,2026-02-05,new,,
LD001408,CMP0009,2026-02-05,Qualified,,
LD001409,CMP0009,2026-02-05,NEW ,,
LD001410,CMP0009,2026-02-05,NEW ,,
LD001411,CMP0009,2026-02-05,New,,
LD001412,CMP0009,2026-02-06,Lost,,2026-03-01
LD001413,CMP0009,2026-02-06,LOST,,2026-02-16
LD001414,CMP0009,2026-02-06,Qualified,,
LD001415,CMP0009,2026-02-06,qualified,,
LD001416,CMP0009,2026-02-06,lost,,2026-03-16
LD001417,CMP0009,2026-02-06,qualified,,
LD001418,CMP0009,2026-02-07,Proposal,,
LD001419,CMP0009,2026-02-07,Qualified,,
LD001420,CMP0009,2026-02-07,qualified,,
LD001421,CMP0009,2026-02-07,Qualified,,
LD001422,CMP0009,2026-02-07,new,,
LD001423,CMP0009,2026-02-07,NEW ,,
LD001424,CMP0009,2026-02-07,New,,
LD001425,CMP0009,2026-02-07,proposal ,,
LD001426,CMP0009,2026-02-07,NEW ,,
LD001427,CMP0009,2026-02-07,New,,
LD001428,CMP0009,2026-02-08,New,,
LD001429,CMP0009,2026-02-08,Qualified,,
LD001430,CMP0009,2026-02-08,LOST,,2026-03-16
LD001431,CMP0009,2026-02-08,Qualified,,
LD001432,CMP0009,2026-02-08,new,,
LD001433,CMP0009,2026-02-08,Qualified,,
LD001434,CMP0009,2026-02-09,NEW ,,
LD001435,CMP0009,2026-02-09,NEW ,,
LD001436,CMP0009,2026-02-09,qualified,,
LD001437,CMP0009,2026-02-09,Lost,,2026-03-01
LD001438,CMP0009,2026-02-09,Qualified,,
LD001439,CMP0009,2026-02-09,new,,
LD001440,CMP0009,2026-02-09,lost,,2026-02-26
LD001441,CMP0009,2026-02-10,LOST,,2026-03-06
LD001442,CMP0009,2026-02-10,Lost,,2026-02-17
LD001443,CMP0009,2026-02-10,Qualified,,
LD001444,CMP0009,2026-02-10,Lost,,2026-03-08
LD001445,CMP0009,2026-02-10,new,,
LD001446,CMP0009,2026-02-10,new,,
LD001447,CMP0009,2026-02-10,lost,,2026-03-07
LD001448,CMP0009,2026-02-10,lost,,2026-02-20
LD001449,CMP0009,2026-02-10,new,,
LD001450,CMP0009,2026-02-11,new,,
LD001451,CMP0009,2026-02-11,new,,
LD001452,CMP0009,2026-02-11,Lost,,2026-02-21
LD001453,CMP0009,2026-02-11,Qualified,,
LD001454,CMP0009,2026-02-11,LOST,,2026-02-20
LD001455,CMP0009,2026-02-12,Qualified,,
LD001456,CMP0009,2026-02-12,qualified,,
LD001457,CMP0009,2026-02-12,qualified,,
LD001458,CMP0009,2026-02-12,lost,,2026-03-16
LD001459,CMP0009,2026-02-12,NEW ,,
LD001460,CMP0009,2026-02-12,new,,
LD001461,CMP0009,2026-02-13,Proposal,,
LD001462,CMP0009,2026-02-13,Lost,,2026-03-23
LD001463,CMP0009,2026-02-13,lost,,2026-02-23
LD001464,CMP0009,2026-02-13,Qualified,,
LD001465,CMP0009,2026-02-13,Lost,,2026-03-18
LD001466,CMP0009,2026-02-13,Lost,,2026-02-28
LD001467,CMP0009,2026-02-13,Proposal,,
LD001468,CMP0009,2026-02-13,NEW ,,
LD001469,CMP0009,2026-02-13,NEW ,,
LD001470,CMP0009,2026-02-14,New,,
LD001471,CMP0009,2026-02-14,LOST,,2026-03-03
LD001472,CMP0009,2026-02-15,qualified,,
LD001473,CMP0009,2026-02-15,NEW ,,
LD001474,CMP0009,2026-02-15,NEW ,,
LD001475,CMP0009,2026-02-15,New,,
LD001476,CMP0009,2026-02-15,NEW ,,
LD001477,CMP0009,2026-02-16,lost,,2026-03-06
LD001478,CMP0009,2026-02-16,lost,,2026-03-26
LD001479,CMP0009,2026-02-16,NEW ,,
LD001480,CMP0009,2026-02-16,qualified,,
LD001481,CMP0009,2026-02-16,Qualified,,
LD001482,CMP0009,2026-02-17,Qualified,,
LD001483,CMP0009,2026-02-17,New,,
LD001484,CMP0009,2026-02-17,Lost,,2026-03-29
LD001485,CMP0009,2026-02-17,qualified,,
LD001486,CMP0009,2026-02-17,lost,,2026-02-27
LD001487,CMP0009,2026-02-17,Lost,,2026-03-23
LD001488,CMP0009,2026-02-17,new,,
LD001489,CMP0009,2026-02-17,LOST,,2026-03-26
LD001490,CMP0009,2026-02-17,lost,,2026-03-16
LD001491,CMP0009,2026-02-17,lost,,2026-04-01
LD001492,CMP0009,2026-02-18,NEW ,,
LD001493,CMP0009,2026-02-18,qualified,,
LD001494,CMP0009,2026-02-18,qualified,,
LD001495,CMP0009,2026-02-18,NEW ,,
LD001496,CMP0009,2026-02-18,LOST,,2026-03-26
LD001497,CMP0009,2026-02-18,lost,,2026-03-19
LD001498,CMP0009,2026-02-18,LOST,,2026-04-01
LD001499,CMP0009,2026-02-18,Lost,,2026-02-27
LD001500,CMP0009,2026-02-19,Lost,,2026-02-26
LD001501,CMP0009,2026-02-19,Lost,,2026-03-08
LD001502,CMP0009,2026-02-19,Proposal,,
LD001503,CMP0009,2026-02-19,qualified,,
LD001504,CMP0009,2026-02-20,NEW ,,
LD001505,CMP0009,2026-02-20,NEW ,,
LD001506,CMP0009,2026-02-20,LOST,,2026-03-08
LD001507,CMP0009,2026-02-20,Proposal,,
LD001508,CMP0009,2026-02-20,Lost,,2026-03-11
LD001509,CMP0009,2026-02-20,new,,
LD001510,CMP0009,2026-02-20,new,,
LD001511,CMP0009,2026-02-20,proposal ,,
LD001512,CMP0009,2026-02-20,NEW ,,
LD001513,CMP0009,2026-02-21,LOST,,2026-03-18
LD001514,CMP0009,2026-02-21,NEW ,,
LD001515,CMP0009,2026-02-21,New,,
LD001516,CMP0009,2026-02-21,Proposal,,
LD001517,CMP0009,2026-02-22,NEW ,,
LD001518,CMP0009,2026-02-22,LOST,,2026-03-12
LD001519,CMP0009,2026-02-23,Qualified,,
LD001520,CMP0009,2026-02-23,Qualified,,
LD001521,CMP0009,2026-02-23,qualified,,
LD001522,CMP0009,2026-02-23,lost,,2026-03-27
LD001523,CMP0009,2026-02-23,qualified,,
LD001524,CMP0009,2026-02-23,new,,
LD001525,CMP0009,2026-02-24,Qualified,,
LD001526,CMP0009,2026-02-24,qualified,,
LD001527,CMP0009,2026-02-24,New,,
LD001528,CMP0009,2026-02-24,qualified,,
LD001529,CMP0009,2026-02-24,new,,
LD001530,CMP0009,2026-02-24,Lost,,2026-03-14
LD001531,CMP0009,2026-02-24,qualified,,
LD001532,CMP0009,2026-02-25,NEW ,,
LD001533,CMP0009,2026-02-25,LOST,,2026-03-25
LD001534,CMP0009,2026-02-25,Qualified,,
LD001535,CMP0009,2026-02-25,Lost,,2026-04-06
LD001536,CMP0009,2026-02-25,lost,,2026-04-08
LD001537,CMP0009,2026-02-25,new,,
LD001538,CMP0009,2026-02-25,Lost,,2026-03-14
LD001539,CMP0009,2026-02-25,Lost,,2026-03-11
LD001540,CMP0009,2026-02-26,proposal ,,
LD001541,CMP0009,2026-02-26,Qualified,,
LD001542,CMP0009,2026-02-26,lost,,2026-03-24
LD001543,CMP0009,2026-02-27,lost,,2026-03-07
LD001544,CMP0009,2026-02-27,Qualified,,
LD001545,CMP0009,2026-02-27,New,,
LD001546,CMP0009,2026-02-27,qualified,,
LD001547,CMP0009,2026-02-27,LOST,,2026-04-07
LD001548,CMP0009,2026-02-27,New,,
LD001549,CMP0009,2026-02-27,NEW ,,
LD001550,CMP0009,2026-02-27,lost,,2026-04-12
LD001551,CMP0009,2026-02-28,NEW ,,
LD001552,CMP0009,2026-02-28,new,,
LD001553,CMP0009,2026-02-28,Lost,,2026-03-27
LD001554,CMP0009,2026-02-28,new,,
LD001555,CMP0009,2026-02-28,Lost,,2026-03-24
LD001556,CMP0009,2026-02-28,lost,,2026-03-28
LD001557,CMP0009,2026-02-28,new,,
LD001558,CMP0009,2026-03-01,NEW ,,
LD001559,CMP0009,2026-03-01,New,,
LD001560,CMP0009,2026-03-01,Qualified,,
LD001561,CMP0009,2026-03-01,NEW ,,
LD001562,CMP0009,2026-03-01,qualified,,
LD001563,CMP0009,2026-03-02,Qualified,,
LD001564,CMP0009,2026-03-02,lost,,2026-03-12
LD001565,CMP0009,2026-03-02,lost,,2026-03-12
LD001566,CMP0009,2026-03-02,New,,
LD001567,CMP0009,2026-03-02,NEW ,,
LD001568,CMP0009,2026-03-03,Lost,,2026-04-12
LD001569,CMP0009,2026-03-03,qualified,,
LD001570,CMP0009,2026-03-03,Lost,,2026-03-14
LD001571,CMP0009,2026-03-03,new,,
LD001572,CMP0009,2026-03-03,Qualified,,
LD001573,CMP0009,2026-03-03,New,,
LD001574,CMP0009,2026-03-03,new,,
LD001575,CMP0009,2026-03-04,Lost,,2026-04-11
LD001576,CMP0009,2026-03-04,LOST,,2026-03-28
LD001577,CMP0009,2026-03-04,NEW ,,
LD001578,CMP0009,2026-03-05,NEW ,,
LD001579,CMP0009,2026-03-05,New,,
LD001580,CMP0009,2026-03-05,LOST,,2026-03-31
LD001581,CMP0009,2026-03-05,LOST,,2026-04-15
LD001582,CMP0009,2026-03-05,LOST,,2026-03-24
LD001583,CMP0009,2026-03-05,lost,,2026-03-17
LD001584,CMP0009,2026-03-05,LOST,,2026-03-17
LD001585,CMP0009,2026-03-05,NEW ,,
LD001586,CMP0009,2026-03-06,Qualified,,
LD001587,CMP0009,2026-03-06,Qualified,,
LD001588,CMP0009,2026-03-06,Lost,,2026-03-29
LD001589,CMP0009,2026-03-06,NEW ,,
LD001590,CMP0009,2026-03-06,New,,
LD001591,CMP0009,2026-03-06,LOST,,2026-03-17
LD001592,CMP0009,2026-03-06,new,,
LD001593,CMP0009,2026-03-06,lost,,2026-04-11
LD001594,CMP0009,2026-03-06,qualified,,
LD001595,CMP0009,2026-03-06,Lost,,2026-04-07
LD001596,CMP0009,2026-03-07,lost,,2026-04-08
LD001597,CMP0009,2026-03-07,lost,,2026-03-28
LD001598,CMP0009,2026-03-07,lost,,2026-03-25
LD001599,CMP0009,2026-03-07,Proposal,,
LD001600,CMP0009,2026-03-07,qualified,,
LD001601,CMP0009,2026-03-08,qualified,,
LD001602,CMP0009,2026-03-08,new,,
LD001603,CMP0009,2026-03-08,NEW ,,
LD001604,CMP0009,2026-03-08,LOST,,2026-03-29
LD001605,CMP0009,2026-03-08,qualified,,
LD001606,CMP0009,2026-03-08,qualified,,
LD001607,CMP0009,2026-03-08,LOST,,2026-04-05
LD001608,CMP0009,2026-03-08,new,,
LD001609,CMP0009,2026-03-09,New,,
LD001610,CMP0009,2026-03-09,NEW ,,
LD001611,CMP0009,2026-03-09,new,,
LD001612,CMP0009,2026-03-09,New,,
LD001613,CMP0009,2026-03-09,Lost,,2026-04-03
LD001614,CMP0009,2026-03-10,New,,
LD001615,CMP0009,2026-03-10,lost,,2026-04-23
LD001616,CMP0009,2026-03-10,proposal ,,
LD001617,CMP0009,2026-03-10,Qualified,,
LD001618,CMP0009,2026-03-10,lost,,2026-04-15
LD001619,CMP0009,2026-03-10,new,,
LD001620,CMP0009,2026-03-10,NEW ,,
LD001621,CMP0009,2026-03-11,LOST,,2026-04-13
LD001622,CMP0009,2026-03-11,proposal ,,
LD001623,CMP0009,2026-03-11,lost,,2026-03-22
LD001624,CMP0009,2026-03-11,New,,
LD001625,CMP0009,2026-03-11,proposal ,,
LD001626,CMP0009,2026-03-11,Qualified,,
LD001627,CMP0009,2026-03-11,new,,
LD001628,CMP0009,2026-03-11,Qualified,,
LD001629,CMP0009,2026-03-11,lost,,2026-04-16
LD001630,CMP0009,2026-03-12,lost,,2026-04-21
LD001631,CMP0009,2026-03-12,new,,
LD001632,CMP0009,2026-03-12,NEW ,,
LD001633,CMP0009,2026-03-12,New,,
LD001634,CMP0009,2026-03-12,New,,
LD001635,CMP0009,2026-03-12,Qualified,,
LD001636,CMP0009,2026-03-12,New,,
LD001637,CMP0009,2026-03-13,lost,,2026-04-08
LD001638,CMP0009,2026-03-13,NEW ,,
LD001639,CMP0009,2026-03-13,qualified,,
LD001640,CMP0009,2026-03-13,Lost,,2026-04-09
LD001641,CMP0009,2026-03-13,Lost,,2026-03-30
LD001642,CMP0009,2026-03-14,qualified,,
LD001643,CMP0009,2026-03-14,LOST,,2026-04-15
LD001644,CMP0009,2026-03-14,new,,
LD001645,CMP0009,2026-03-15,Qualified,,
LD001646,CMP0009,2026-03-15,NEW ,,
LD001647,CMP0009,2026-03-15,Proposal,,
LD001648,CMP0009,2026-03-15,Qualified,,
LD001649,CMP0009,2026-03-16,lost,,2026-04-17
LD001650,CMP0009,2026-03-16,lost,,2026-04-24
LD001651,CMP0009,2026-03-16,New,,
LD001652,CMP0009,2026-03-16,lost,,2026-04-13
LD001653,CMP0009,2026-03-16,lost,,2026-04-08
LD001654,CMP0009,2026-03-16,LOST,,2026-04-14
LD001655,CMP0009,2026-03-16,LOST,,2026-04-20
LD001656,CMP0009,2026-03-16,qualified,,
LD001657,CMP0009,2026-03-17,Lost,,2026-04-23
LD001658,CMP0009,2026-03-17,lost,,2026-04-04
LD001659,CMP0009,2026-03-17,NEW ,,
LD001660,CMP0009,2026-03-17,Proposal,,
LD001661,CMP0009,2026-03-18,NEW ,,
LD001662,CMP0009,2026-03-18,New,,
LD001663,CMP0009,2026-03-18,NEW ,,
LD001664,CMP0009,2026-03-18,qualified,,
LD001665,CMP0009,2026-03-18,qualified,,
LD001666,CMP0009,2026-03-18,Qualified,,
LD001667,CMP0009,2026-03-19,Lost,,2026-04-09
LD001668,CMP0009,2026-03-19,lost,,2026-04-19
LD001669,CMP0009,2026-03-19,new,,
LD001670,CMP0009,2026-03-19,Qualified,,
LD001671,CMP0009,2026-03-20,new,,
LD001672,CMP0009,2026-03-20,lost,,2026-04-16
LD001673,CMP0009,2026-03-20,qualified,,
LD001674,CMP0009,2026-03-20,lost,,2026-04-06
LD001675,CMP0009,2026-03-20,Lost,,2026-04-29
LD001676,CMP0009,2026-03-21,lost,,2026-04-27
LD001677,CMP0009,2026-03-21,LOST,,2026-04-12
LD001678,CMP0009,2026-03-21,Qualified,,
LD001679,CMP0009,2026-03-21,Lost,,2026-04-10
LD001680,CMP0009,2026-03-21,qualified,,
LD001681,CMP0009,2026-03-21,NEW ,,
LD001682,CMP0009,2026-03-22,LOST,,2026-04-07
LD001683,CMP0009,2026-03-22,Lost,,2026-04-04
LD001684,CMP0009,2026-03-22,new,,
LD001685,CMP0009,2026-03-22,NEW ,,
LD001686,CMP0009,2026-03-22,new,,
LD001687,CMP0009,2026-03-23,Lost,,2026-04-06
LD001688,CMP0009,2026-03-23,new,,
LD001689,CMP0009,2026-03-23,NEW ,,
LD001690,CMP0009,2026-03-23,lost,,2026-04-26
LD001691,CMP0009,2026-03-24,lost,,2026-04-15
LD001692,CMP0009,2026-03-24,new,,
LD001693,CMP0009,2026-03-24,proposal ,,
LD001694,CMP0009,2026-03-24,qualified,,
LD001695,CMP0010,2026-03-26,Qualified,,
LD001696,CMP0010,2026-03-26,Proposal,,
LD001697,CMP0010,2026-03-27,lost,,2026-04-16
LD001698,CMP0010,2026-03-27,new,,
LD001699,CMP0010,2026-03-27,New,,
LD001700,CMP0010,2026-03-28,New,,
LD001701,CMP0010,2026-03-28,Qualified,,
LD001702,CMP0010,2026-03-28,Qualified,,
LD001703,CMP0010,2026-03-28,New,,
LD001704,CMP0010,2026-03-29,LOST,,2026-05-04
LD001705,CMP0010,2026-03-29,Lost,,2026-04-06
LD001706,CMP0010,2026-04-01,qualified,,
LD001707,CMP0010,2026-04-01,Lost,,2026-04-26
LD001708,CMP0010,2026-04-03,Lost,,2026-04-18
LD001709,CMP0010,2026-04-04,New,,
LD001710,CMP0010,2026-04-04,qualified,,
LD001711,CMP0010,2026-04-05,Qualified,,
LD001712,CMP0010,2026-04-06,qualified,,
LD001713,CMP0010,2026-04-06,NEW ,,
LD001714,CMP0010,2026-04-06,New,,
LD001715,CMP0010,2026-04-07,LOST,,2026-04-20
LD001716,CMP0010,2026-04-07,Lost,,2026-04-21
LD001717,CMP0010,2026-04-07,NEW ,,
LD001718,CMP0010,2026-04-08,LOST,,2026-05-10
LD001719,CMP0010,2026-04-08,LOST,,2026-04-26
LD001720,CMP0010,2026-04-09,LOST,,2026-05-13
LD001721,CMP0010,2026-04-09,proposal ,,
LD001722,CMP0010,2026-04-09,qualified,,
LD001723,CMP0010,2026-04-09,lost,,2026-05-19
LD001724,CMP0010,2026-04-10,New,,
LD001725,CMP0010,2026-04-10,qualified,,
LD001726,CMP0010,2026-04-10,qualified,,
LD001727,CMP0010,2026-04-10,Qualified,,
LD001728,CMP0010,2026-04-10,new,,
LD001729,CMP0010,2026-04-10,Qualified,,
LD001730,CMP0010,2026-04-11,Qualified,,
LD001731,CMP0010,2026-04-12,New,,
LD001732,CMP0010,2026-04-12,Lost,,2026-04-27
LD001733,CMP0010,2026-04-12,NEW ,,
LD001734,CMP0010,2026-04-12,Lost,,2026-04-19
LD001735,CMP0010,2026-04-12,NEW ,,
LD001736,CMP0010,2026-04-13,LOST,,2026-05-06
LD001737,CMP0010,2026-04-13,NEW ,,
LD001738,CMP0010,2026-04-14,LOST,,2026-05-03
LD001739,CMP0010,2026-04-15,Qualified,,
LD001740,CMP0010,2026-04-16,qualified,,
LD001741,CMP0010,2026-04-16,LOST,,2026-05-29
LD001742,CMP0010,2026-04-16,Lost,,2026-05-22
LD001743,CMP0010,2026-04-16,NEW ,,
LD001744,CMP0010,2026-04-16,Won,653400.0,2026-05-07
LD001745,CMP0010,2026-04-17,New,,
LD001746,CMP0010,2026-04-17,new,,
LD001747,CMP0010,2026-04-17,LOST,,2026-05-27
LD001748,CMP0010,2026-04-19,qualified,,
LD001749,CMP0010,2026-04-19,New,,
LD001750,CMP0010,2026-04-19,LOST,,2026-05-15
LD001751,CMP0010,2026-04-20,Qualified,,
LD001752,CMP0010,2026-04-20,proposal ,,
LD001753,CMP0010,2026-04-20,New,,
LD001754,CMP0010,2026-04-20,Lost,,2026-05-20
LD001755,CMP0010,2026-04-22,new,,
LD001756,CMP0010,2026-04-23,New,,
LD001757,CMP0010,2026-04-23,lost,,2026-05-29
LD001758,CMP0010,2026-04-23,new,,
LD001759,CMP0010,2026-04-23,qualified,,
LD001760,CMP0010,2026-04-23,new,,
LD001761,CMP0010,2026-04-24,Qualified,,
LD001762,CMP0010,2026-04-25,New,,
LD001763,CMP0010,2026-04-25,qualified,,
LD001764,CMP0010,2026-04-25,Lost,,2026-05-14
LD001765,CMP0010,2026-04-25,lost,,2026-05-09
LD001766,CMP0010,2026-04-26,qualified,,
LD001767,CMP0010,2026-04-27,WON,239800.0,2026-06-13
LD001768,CMP0010,2026-04-27,New,,
LD001769,CMP0010,2026-04-27,Lost,,2026-05-12
LD001770,CMP0010,2026-04-27,New,,
LD001771,CMP0010,2026-04-27,proposal ,,
LD001772,CMP0010,2026-04-28,Qualified,,
LD001773,CMP0010,2026-04-28,Qualified,,
LD001774,CMP0010,2026-04-28,qualified,,
LD001775,CMP0010,2026-04-29,LOST,,2026-05-10
LD001776,CMP0010,2026-04-29,Lost,,2026-05-12
LD001777,CMP0010,2026-04-30,lost,,2026-05-07
LD001778,CMP0010,2026-05-01,Qualified,,
LD001779,CMP0010,2026-05-03,qualified,,
LD001780,CMP0010,2026-05-04,Proposal,,
LD001781,CMP0010,2026-05-04,lost,,2026-05-16
LD001782,CMP0010,2026-05-05,Lost,,2026-06-15
LD001783,CMP0010,2026-05-05,Lost,,2026-05-22
LD001784,CMP0010,2026-05-05,NEW ,,
LD001785,CMP0010,2026-05-05,lost,,2026-05-28
LD001786,CMP0010,2026-05-05,Lost,,2026-05-24
LD001787,CMP0010,2026-05-06,New,,
LD001788,CMP0010,2026-05-06,Lost,,2026-06-06
LD001789,CMP0010,2026-05-06,lost,,2026-06-04
LD001790,CMP0010,2026-05-06,Lost,,2026-06-15
LD001791,CMP0010,2026-05-06,NEW ,,
LD001792,CMP0010,2026-05-07,Lost,,2026-06-13
LD001793,CMP0010,2026-05-07,Qualified,,
LD001794,CMP0010,2026-05-07,LOST,,2026-06-15
LD001795,CMP0010,2026-05-07,Lost,,2026-05-14
LD001796,CMP0010,2026-05-08,lost,,2026-06-16
LD001797,CMP0010,2026-05-08,New,,
LD001798,CMP0010,2026-05-08,New,,
LD001799,CMP0010,2026-05-09,proposal ,,
LD001800,CMP0010,2026-05-09,qualified,,
LD001801,CMP0010,2026-05-10,lost,,2026-06-15
LD001802,CMP0010,2026-05-10,qualified,,
LD001803,CMP0010,2026-05-11,Qualified,,
LD001804,CMP0010,2026-05-11,qualified,,
LD001805,CMP0010,2026-05-11,Qualified,,
LD001806,CMP0010,2026-05-12,Lost,,2026-05-29
LD001807,CMP0010,2026-05-12,NEW ,,
LD001808,CMP0010,2026-05-13,LOST,,2026-06-10
LD001809,CMP0010,2026-05-13,LOST,,2026-06-01
LD001810,CMP0010,2026-05-13,qualified,,
LD001811,CMP0010,2026-05-14,Proposal,,
LD001812,CMP0010,2026-05-14,new,,
LD001813,CMP0010,2026-05-14,qualified,,
LD001814,CMP0010,2026-05-14,qualified,,
LD001815,CMP0010,2026-05-14,LOST,,2026-06-08
LD001816,CMP0010,2026-05-15,Qualified,,
LD001817,CMP0010,2026-05-16,Won,351200.0,2026-06-09
LD001818,CMP0010,2026-05-16,qualified,,
LD001819,CMP0010,2026-05-16,new,,
LD001820,CMP0010,2026-05-17,lost,,2026-06-12
LD001821,CMP0010,2026-05-18,lost,,2026-05-28
LD001822,CMP0010,2026-05-19,LOST,,2026-06-29
LD001823,CMP0010,2026-05-19,LOST,,2026-05-26
LD001824,CMP0010,2026-05-19,Qualified,,
LD001825,CMP0010,2026-05-19,Lost,,2026-06-24
LD001826,CMP0010,2026-05-19,lost,,2026-06-03
LD001827,CMP0010,2026-05-20,Qualified,,
LD001828,CMP0010,2026-05-21,new,,
LD001829,CMP0010,2026-05-21,NEW ,,
LD001830,CMP0010,2026-05-22,LOST,,2026-06-04
LD001831,CMP0010,2026-05-23,Qualified,,
LD001832,CMP0010,2026-05-23,Qualified,,
LD001833,CMP0010,2026-05-23,Qualified,,
LD001834,CMP0010,2026-05-24,New,,
LD001835,CMP0010,2026-05-24,NEW ,,
LD001836,CMP0010,2026-05-24,New,,
LD001837,CMP0010,2026-05-25,new,,
LD001838,CMP0010,2026-05-25,lost,,2026-06-25
LD001839,CMP0010,2026-05-25,qualified,,
LD001840,CMP0010,2026-05-25,New,,
LD001841,CMP0010,2026-05-26,proposal ,,
LD001842,CMP0010,2026-05-27,New,,
LD001843,CMP0010,2026-05-28,Lost,,2026-07-08
LD001844,CMP0010,2026-05-28,Lost,,2026-06-05
LD001845,CMP0010,2026-05-28,new,,
LD001846,CMP0010,2026-05-29,Proposal,,
LD001847,CMP0010,2026-05-29,lost,,2026-07-02
LD001848,CMP0010,2026-05-30,Lost,,2026-07-08
LD001849,CMP0010,2026-05-30,qualified,,
LD001850,CMP0010,2026-05-30,proposal ,,
LD001851,CMP0010,2026-05-30,New,,
LD001852,CMP0010,2026-05-30,LOST,,2026-07-02
LD001853,CMP0010,2026-05-31,LOST,,2026-06-26
LD001854,CMP0010,2026-06-01,new,,
LD001855,CMP0010,2026-06-01,NEW ,,
LD001856,CMP0010,2026-06-01,Lost,,2026-06-13
LD001857,CMP0010,2026-06-01,Lost,,2026-06-30
LD001858,CMP0010,2026-06-02,LOST,,2026-06-15
LD001859,CMP0010,2026-06-02,New,,
LD001860,CMP0010,2026-06-02,Lost,,2026-06-29
LD001861,CMP0010,2026-06-02,lost,,2026-06-26
LD001862,CMP0010,2026-06-03,NEW ,,
LD001863,CMP0010,2026-06-04,New,,
LD001864,CMP0010,2026-06-05,NEW ,,
LD001865,CMP0010,2026-06-05,Lost,,2026-06-15
LD001866,CMP0010,2026-06-05,NEW ,,
LD001867,CMP0010,2026-06-07,Proposal,,
LD001868,CMP0010,2026-06-08,LOST,,2026-06-28
LD001869,CMP0010,2026-06-09,new,,
LD001870,CMP0010,2026-06-09,Lost,,2026-07-15
LD001871,CMP0010,2026-06-10,LOST,,2026-07-21
LD001872,CMP0010,2026-06-11,Proposal,,
LD001873,CMP0010,2026-06-11,Qualified,,
LD001874,CMP0010,2026-06-11,lost,,2026-07-11
LD001875,CMP0010,2026-06-11,lost,,2026-07-16
LD001876,CMP0010,2026-06-11,Lost,,2026-06-22
LD001877,CMP0010,2026-06-12,LOST,,2026-07-20
LD001878,CMP0010,2026-06-13,NEW ,,
LD001879,CMP0010,2026-06-14,proposal ,,
LD001880,CMP0010,2026-06-14,Lost,,2026-07-15
LD001881,CMP0010,2026-06-15,qualified,,
LD001882,CMP0010,2026-06-15,NEW ,,
LD001883,CMP0010,2026-06-15,LOST,,2026-07-03
LD001884,CMP0010,2026-06-15,Qualified,,
LD001885,CMP0010,2026-06-16,Lost,,2026-06-28
LD001886,CMP0010,2026-06-16,LOST,,2026-07-27
LD001887,CMP0010,2026-06-16,New,,
LD001888,CMP0010,2026-06-17,won,136500.0,2026-07-05
LD001889,CMP0010,2026-06-17,New,,
LD001890,CMP0010,2026-06-17,NEW ,,
LD001891,CMP0010,2026-06-17,lost,,2026-07-25
LD001892,CMP0010,2026-06-18,lost,,2026-07-19
LD001893,CMP0010,2026-06-18,NEW ,,
LD001894,CMP0010,2026-06-18,lost,,2026-06-25
LD001895,CMP0010,2026-06-19,Lost,,2026-07-29
LD001896,CMP0010,2026-06-19,New,,
LD001897,CMP0010,2026-06-19,Lost,,2026-07-01
LD001898,CMP0010,2026-06-20,New,,
LD001899,CMP0010,2026-06-20,LOST,,2026-07-26
LD001900,CMP0010,2026-06-21,new,,
LD001901,CMP0010,2026-06-23,NEW ,,
LD001902,CMP0010,2026-06-23,won,185200.0,2026-07-11
LD001903,CMP0010,2026-06-23,qualified,,
LD001904,CMP0010,2026-06-23,new,,
LD001905,CMP0010,2026-06-23,Lost,,2026-07-12
LD001906,CMP0010,2026-06-23,Qualified,,
LD001907,CMP0010,2026-06-23,Qualified,,
LD001908,CMP0010,2026-06-24,Proposal,,
LD001909,CMP0010,2026-06-26,New,,
LD001910,CMP0010,2026-06-26,lost,,2026-07-15
LD001911,CMP0011,2025-12-15,Lost,,2026-01-24
LD001912,CMP0011,2025-12-17,Lost,,2026-01-26
LD001913,CMP0011,2025-12-18,New,,
LD001914,CMP0011,2025-12-19,NEW ,,
LD001915,CMP0011,2025-12-23,New,,
LD001916,CMP0011,2025-12-23,Qualified,,
LD001917,CMP0011,2025-12-27,Qualified,,
LD001918,CMP0011,2025-12-30,New,,
LD001919,CMP0011,2026-01-03,new,,
LD001920,CMP0011,2026-01-04,NEW ,,
LD001921,CMP0011,2026-01-09,NEW ,,
LD001922,CMP0011,2026-01-11,lost,,2026-02-24
LD001923,CMP0011,2026-01-17,LOST,,2026-02-16
LD001924,CMP0011,2026-01-21,new,,
LD001925,CMP0011,2026-01-25,qualified,,
LD001926,CMP0011,2026-01-26,Qualified,,
LD001927,CMP0011,2026-01-29,new,,
LD001928,CMP0011,2026-01-30,Lost,,2026-02-12
LD001929,CMP0011,2026-01-31,NEW ,,
LD001930,CMP0011,2026-02-05,LOST,,2026-02-19
LD001931,CMP0011,2026-02-08,lost,,2026-03-11
LD001932,CMP0011,2026-02-09,qualified,,
LD001933,CMP0011,2026-02-12,qualified,,
LD001934,CMP0011,2026-02-12,New,,
LD001935,CMP0011,2026-02-13,Lost,,2026-03-04
LD001936,CMP0011,2026-02-13,New,,
LD001937,CMP0011,2026-02-13,proposal ,,
LD001938,CMP0011,2026-02-16,new,,
LD001939,CMP0011,2026-02-19,Lost,,2026-03-24
LD001940,CMP0011,2026-02-20,NEW ,,
LD001941,CMP0011,2026-02-22,LOST,,2026-03-01
LD001942,CMP0011,2026-02-25,LOST,,2026-03-27
LD001943,CMP0011,2026-02-27,LOST,,2026-03-08
LD001944,CMP0011,2026-02-28,NEW ,,
LD001945,CMP0011,2026-02-28,Qualified,,
LD001946,CMP0011,2026-03-01,Proposal,,
LD001947,CMP0011,2026-03-06,Qualified,,
LD001948,CMP0011,2026-03-07,lost,,2026-03-20
LD001949,CMP0011,2026-03-09,qualified,,
LD001950,CMP0011,2026-03-09,qualified,,
LD001951,CMP0011,2026-03-12,Qualified,,
LD001952,CMP0011,2026-03-19,LOST,,2026-04-08
LD001953,CMP0011,2026-03-25,qualified,,
LD001954,CMP0011,2026-03-30,Qualified,,
LD001955,CMP0011,2026-04-03,lost,,2026-05-14
LD001956,CMP0011,2026-04-05,Lost,,2026-05-15
LD001957,CMP0011,2026-04-05,Proposal,,
LD001958,CMP0011,2026-04-06,NEW ,,
LD001959,CMP0011,2026-04-12,Qualified,,
LD001960,CMP0011,2026-04-27,LOST,,2026-06-10
LD001961,CMP0011,2026-05-01,Qualified,,
LD001962,CMP0011,2026-05-01,Won ,229800.0,2026-05-30
LD001963,CMP0011,2026-05-05,NEW ,,
LD001964,CMP0011,2026-05-06,WON,299100.0,2026-06-21
LD001965,CMP0011,2026-05-07,qualified,,
LD001966,CMP0011,2026-05-09,Lost,,2026-05-29
LD001967,CMP0011,2026-05-12,new,,
LD001968,CMP0011,2026-05-12,qualified,,
LD001969,CMP0011,2026-05-27,qualified,,
LD001970,CMP0012,2025-11-07,Lost,,2025-11-30
LD001971,CMP0012,2025-11-12,NEW ,,
LD001972,CMP0012,2025-11-14,lost,,2025-12-18
LD001973,CMP0012,2025-11-14,Qualified,,
LD001974,CMP0012,2025-11-17,qualified,,
LD001975,CMP0012,2025-11-18,Lost,,2025-12-26
LD001976,CMP0012,2025-11-20,new,,
LD001977,CMP0012,2025-11-20,Lost,,2025-12-01
LD001978,CMP0012,2025-11-21,Lost,,2026-01-01
LD001979,CMP0012,2025-11-26,New,,
LD001980,CMP0012,2025-11-27,Proposal,,
LD001981,CMP0012,2025-12-01,lost,,2025-12-30
LD001982,CMP0012,2025-12-05,qualified,,
LD001983,CMP0012,2025-12-11,Qualified,,
LD001984,CMP0012,2025-12-17,NEW ,,
LD001985,CMP0012,2025-12-18,NEW ,,
LD001986,CMP0012,2025-12-22,lost,,2026-01-01
LD001987,CMP0012,2025-12-22,new,,
LD001988,CMP0012,2025-12-24,lost,,2026-01-13
LD001989,CMP0012,2025-12-25,NEW ,,
LD001990,CMP0012,2025-12-26,lost,,2026-01-03
LD001991,CMP0012,2025-12-27,Qualified,,
LD001992,CMP0012,2025-12-29,Qualified,,
LD001993,CMP0012,2025-12-30,LOST,,2026-01-26
LD001994,CMP0012,2026-01-02,lost,,2026-02-06
LD001995,CMP0012,2026-01-06,Qualified,,
LD001996,CMP0012,2026-01-07,New,,
LD001997,CMP0012,2026-01-11,NEW ,,
LD001998,CMP0012,2026-01-17,qualified,,
LD001999,CMP0012,2026-01-20,LOST,,2026-02-03
LD002000,CMP0012,2026-01-21,Lost,,2026-02-26
LD002001,CMP0012,2026-01-23,NEW ,,
LD002002,CMP0012,2026-01-25,Proposal,,
LD002003,CMP0012,2026-01-27,LOST,,2026-02-16
LD002004,CMP0012,2026-01-30,NEW ,,
LD002005,CMP0012,2026-01-31,Qualified,,
LD002006,CMP0012,2026-02-02,qualified,,
LD002007,CMP0012,2026-02-03,lost,,2026-03-10
LD002008,CMP0012,2026-02-04,new,,
LD002009,CMP0012,2026-02-06,New,,
LD002010,CMP0012,2026-02-07,lost,,2026-03-19
LD002011,CMP0012,2026-02-11,lost,,2026-02-19
LD002012,CMP0012,2026-02-17,LOST,,2026-02-25
LD002013,CMP0012,2026-02-17,LOST,,2026-04-01
LD002014,CMP0012,2026-02-17,LOST,,2026-03-04
LD002015,CMP0012,2026-02-22,new,,
LD002016,CMP0012,2026-02-22,qualified,,
LD002017,CMP0012,2026-02-22,Lost,,2026-03-28
LD002018,CMP0012,2026-02-24,new,,
LD002019,CMP0012,2026-03-01,Qualified,,
LD002020,CMP0012,2026-03-02,Lost,,2026-04-07
LD002021,CMP0012,2026-03-03,LOST,,2026-04-16
LD002022,CMP0012,2026-03-04,LOST,,2026-03-21
LD002023,CMP0012,2026-03-09,New,,
LD002024,CMP0012,2026-03-10,qualified,,
LD002025,CMP0012,2026-03-14,new,,
LD002026,CMP0012,2026-03-15,new,,
LD002027,CMP0012,2026-03-16,Lost,,2026-03-24
LD002028,CMP0012,2026-03-18,Qualified,,
LD002029,CMP0012,2026-03-22,Lost,,2026-04-04
LD002030,CMP0012,2026-03-22,qualified,,
LD002031,CMP0012,2026-03-24,LOST,,2026-04-23
LD002032,CMP0012,2026-03-24,lost,,2026-04-27
LD002033,CMP0012,2026-03-26,LOST,,2026-04-02
LD002034,CMP0012,2026-03-28,Lost,,2026-04-11
LD002035,CMP0012,2026-03-28,new,,
LD002036,CMP0013,2026-01-03,NEW ,,
LD002037,CMP0013,2026-01-03,Qualified,,
LD002038,CMP0013,2026-01-03,Qualified,,
LD002039,CMP0013,2026-01-03,new,,
LD002040,CMP0013,2026-01-04,Lost,,2026-01-18
LD002041,CMP0013,2026-01-04,NEW ,,
LD002042,CMP0013,2026-01-04,NEW ,,
LD002043,CMP0013,2026-01-04,New,,
LD002044,CMP0013,2026-01-04,LOST,,2026-02-11
LD002045,CMP0013,2026-01-04,new,,
LD002046,CMP0013,2026-01-05,Lost,,2026-01-15
LD002047,CMP0013,2026-01-05,Qualified,,
LD002048,CMP0013,2026-01-06,New,,
LD002049,CMP0013,2026-01-06,NEW ,,
LD002050,CMP0013,2026-01-06,LOST,,2026-02-03
LD002051,CMP0013,2026-01-06,Lost,,2026-02-12
LD002052,CMP0013,2026-01-06,Lost,,2026-02-16
LD002053,CMP0013,2026-01-06,New,,
LD002054,CMP0013,2026-01-06,new,,
LD002055,CMP0013,2026-01-07,proposal ,,
LD002056,CMP0013,2026-01-07,New,,
LD002057,CMP0013,2026-01-07,LOST,,2026-02-05
LD002058,CMP0013,2026-01-07,LOST,,2026-01-16
LD002059,CMP0013,2026-01-07,Qualified,,
LD002060,CMP0013,2026-01-07,new,,
LD002061,CMP0013,2026-01-08,new,,
LD002062,CMP0013,2026-01-08,New,,
LD002063,CMP0013,2026-01-09,lost,,2026-02-07
LD002064,CMP0013,2026-01-09,new,,
LD002065,CMP0013,2026-01-09,lost,,2026-01-23
LD002066,CMP0013,2026-01-09,lost,,2026-01-20
LD002067,CMP0013,2026-01-09,Proposal,,
LD002068,CMP0013,2026-01-09,NEW ,,
LD002069,CMP0013,2026-01-09,proposal ,,
LD002070,CMP0013,2026-01-10,Lost,,2026-01-25
LD002071,CMP0013,2026-01-10,lost,,2026-02-07
LD002072,CMP0013,2026-01-10,LOST,,2026-02-12
LD002073,CMP0013,2026-01-11,qualified,,
LD002074,CMP0013,2026-01-11,NEW ,,
LD002075,CMP0013,2026-01-11,qualified,,
LD002076,CMP0013,2026-01-11,lost,,2026-02-05
LD002077,CMP0013,2026-01-11,Qualified,,
LD002078,CMP0013,2026-01-12,LOST,,2026-02-17
LD002079,CMP0013,2026-01-12,LOST,,2026-01-19
LD002080,CMP0013,2026-01-12,NEW ,,
LD002081,CMP0013,2026-01-12,lost,,2026-02-20
LD002082,CMP0013,2026-01-12,Lost,,2026-01-30
LD002083,CMP0013,2026-01-12,NEW ,,
LD002084,CMP0013,2026-01-12,LOST,,2026-02-14
LD002085,CMP0013,2026-01-12,Lost,,2026-02-15
LD002086,CMP0013,2026-01-13,new,,
LD002087,CMP0013,2026-01-13,Lost,,2026-02-02
LD002088,CMP0013,2026-01-14,lost,,2026-01-26
LD002089,CMP0013,2026-01-14,qualified,,
LD002090,CMP0013,2026-01-14,lost,,2026-01-28
LD002091,CMP0013,2026-01-14,Qualified,,
LD002092,CMP0013,2026-01-14,Qualified,,
LD002093,CMP0013,2026-01-14,proposal ,,
LD002094,CMP0013,2026-01-14,LOST,,2026-02-07
LD002095,CMP0013,2026-01-15,proposal ,,
LD002096,CMP0013,2026-01-16,NEW ,,
LD002097,CMP0013,2026-01-16,NEW ,,
LD002098,CMP0013,2026-01-16,LOST,,2026-02-15
LD002099,CMP0013,2026-01-16,Proposal,,
LD002100,CMP0013,2026-01-16,new,,
LD002101,CMP0013,2026-01-16,qualified,,
LD002102,CMP0013,2026-01-17,LOST,,2026-02-17
LD002103,CMP0013,2026-01-17,NEW ,,
LD002104,CMP0013,2026-01-17,NEW ,,
LD002105,CMP0013,2026-01-17,NEW ,,
LD002106,CMP0013,2026-01-17,LOST,,2026-02-25
LD002107,CMP0013,2026-01-17,New,,
LD002108,CMP0013,2026-01-17,WON,192100.0,2026-03-11
LD002109,CMP0013,2026-01-17,new,,
LD002110,CMP0013,2026-01-18,Lost,,2026-02-24
LD002111,CMP0013,2026-01-18,lost,,2026-01-29
LD002112,CMP0013,2026-01-18,Lost,,2026-02-16
LD002113,CMP0013,2026-01-18,New,,
LD002114,CMP0013,2026-01-18,New,,
LD002115,CMP0013,2026-01-18,won,252900.0,2026-03-13
LD002116,CMP0013,2026-01-18,lost,,2026-02-18
LD002117,CMP0013,2026-01-18,Qualified,,
LD002118,CMP0013,2026-01-19,New,,
LD002119,CMP0013,2026-01-19,new,,
LD002120,CMP0013,2026-01-19,new,,
LD002121,CMP0013,2026-01-19,NEW ,,
LD002122,CMP0013,2026-01-19,Lost,,2026-02-23
LD002123,CMP0013,2026-01-19,LOST,,2026-02-06
LD002124,CMP0013,2026-01-19,Qualified,,
LD002125,CMP0013,2026-01-19,LOST,,2026-02-07
LD002126,CMP0013,2026-01-19,lost,,2026-02-09
LD002127,CMP0013,2026-01-19,new,,
LD002128,CMP0013,2026-01-19,LOST,,2026-01-29
LD002129,CMP0013,2026-01-19,new,,
LD002130,CMP0013,2026-01-19,NEW ,,
LD002131,CMP0013,2026-01-20,Lost,,2026-01-27
LD002132,CMP0013,2026-01-20,lost,,2026-02-05
LD002133,CMP0013,2026-01-20,lost,,2026-02-04
LD002134,CMP0013,2026-01-20,proposal ,,
LD002135,CMP0013,2026-01-20,New,,
LD002136,CMP0013,2026-01-21,Qualified,,
LD002137,CMP0013,2026-01-21,LOST,,2026-02-16
LD002138,CMP0013,2026-01-21,NEW ,,
LD002139,CMP0013,2026-01-21,Qualified,,
LD002140,CMP0013,2026-01-21,Lost,,2026-02-16
LD002141,CMP0013,2026-01-21,Qualified,,
LD002142,CMP0013,2026-01-21,NEW ,,
LD002143,CMP0013,2026-01-22,qualified,,
LD002144,CMP0013,2026-01-22,qualified,,
LD002145,CMP0013,2026-01-22,New,,
LD002146,CMP0013,2026-01-22,lost,,2026-02-08
LD002147,CMP0013,2026-01-22,New,,
LD002148,CMP0013,2026-01-23,qualified,,
LD002149,CMP0013,2026-01-23,LOST,,2026-02-19
LD002150,CMP0013,2026-01-23,LOST,,2026-03-05
LD002151,CMP0013,2026-01-23,LOST,,2026-02-04
LD002152,CMP0013,2026-01-23,won,281400.0,2026-03-14
LD002153,CMP0013,2026-01-23,Lost,,2026-03-08
LD002154,CMP0013,2026-01-24,qualified,,
LD002155,CMP0013,2026-01-24,NEW ,,
LD002156,CMP0013,2026-01-24,new,,
LD002157,CMP0013,2026-01-24,Qualified,,
LD002158,CMP0013,2026-01-25,lost,,2026-02-24
LD002159,CMP0013,2026-01-25,proposal ,,
LD002160,CMP0013,2026-01-25,LOST,,2026-02-06
LD002161,CMP0013,2026-01-25,Lost,,2026-02-14
LD002162,CMP0013,2026-01-26,LOST,,2026-03-08
LD002163,CMP0013,2026-01-26,Qualified,,
LD002164,CMP0013,2026-01-26,qualified,,
LD002165,CMP0013,2026-01-26,NEW ,,
LD002166,CMP0013,2026-01-26,lost,,2026-02-27
LD002167,CMP0013,2026-01-26,Qualified,,
LD002168,CMP0013,2026-01-26,New,,
LD002169,CMP0013,2026-01-26,New,,
LD002170,CMP0013,2026-01-26,new,,
LD002171,CMP0013,2026-01-27,New,,
LD002172,CMP0013,2026-01-27,LOST,,2026-02-21
LD002173,CMP0013,2026-01-27,NEW ,,
LD002174,CMP0013,2026-01-27,New,,
LD002175,CMP0013,2026-01-27,new,,
LD002176,CMP0013,2026-01-27,qualified,,
LD002177,CMP0013,2026-01-27,new,,
LD002178,CMP0013,2026-01-27,LOST,,2026-03-03
LD002179,CMP0013,2026-01-28,New,,
LD002180,CMP0013,2026-01-28,Qualified,,
LD002181,CMP0013,2026-01-28,Qualified,,
LD002182,CMP0013,2026-01-28,Lost,,2026-03-01
LD002183,CMP0013,2026-01-28,new,,
LD002184,CMP0013,2026-01-28,lost,,2026-03-05
LD002185,CMP0013,2026-01-28,Qualified,,
LD002186,CMP0013,2026-01-28,LOST,,2026-02-24
LD002187,CMP0013,2026-01-29,LOST,,2026-02-13
LD002188,CMP0013,2026-01-29,qualified,,
LD002189,CMP0013,2026-01-29,LOST,,2026-02-15
LD002190,CMP0013,2026-01-29,New,,
LD002191,CMP0013,2026-01-29,Lost,,2026-02-28
LD002192,CMP0013,2026-01-29,LOST,,2026-02-26
LD002193,CMP0013,2026-01-29,Lost,,2026-03-02
LD002194,CMP0013,2026-01-29,NEW ,,
LD002195,CMP0013,2026-01-30,lost,,2026-03-01
LD002196,CMP0013,2026-01-30,NEW ,,
LD002197,CMP0013,2026-01-30,qualified,,
LD002198,CMP0013,2026-01-30,Qualified,,
LD002199,CMP0013,2026-01-30,new,,
LD002200,CMP0013,2026-01-30,lost,,2026-03-01
LD002201,CMP0013,2026-01-30,NEW ,,
LD002202,CMP0013,2026-01-31,New,,
LD002203,CMP0013,2026-01-31,New,,
LD002204,CMP0013,2026-01-31,qualified,,
LD002205,CMP0013,2026-01-31,LOST,,2026-02-14
LD002206,CMP0013,2026-01-31,lost,,2026-02-09
LD002207,CMP0013,2026-01-31,New,,
LD002208,CMP0013,2026-01-31,New,,
LD002209,CMP0013,2026-02-01,New,,
LD002210,CMP0013,2026-02-01,NEW ,,
LD002211,CMP0013,2026-02-01,proposal ,,
LD002212,CMP0013,2026-02-02,qualified,,
LD002213,CMP0013,2026-02-02,New,,
LD002214,CMP0013,2026-02-02,Lost,,2026-02-14
LD002215,CMP0013,2026-02-02,qualified,,
LD002216,CMP0013,2026-02-03,LOST,,2026-03-06
LD002217,CMP0013,2026-02-03,Lost,,2026-02-13
LD002218,CMP0013,2026-02-03,Proposal,,
LD002219,CMP0013,2026-02-03,NEW ,,
LD002220,CMP0013,2026-02-04,LOST,,2026-03-11
LD002221,CMP0013,2026-02-04,qualified,,
LD002222,CMP0013,2026-02-04,New,,
LD002223,CMP0013,2026-02-04,LOST,,2026-02-28
LD002224,CMP0013,2026-02-04,new,,
LD002225,CMP0013,2026-02-04,NEW ,,
LD002226,CMP0013,2026-02-04,Qualified,,
LD002227,CMP0013,2026-02-05,Qualified,,
LD002228,CMP0013,2026-02-06,Lost,,2026-03-15
LD002229,CMP0013,2026-02-06,LOST,,2026-02-24
LD002230,CMP0013,2026-02-06,proposal ,,
LD002231,CMP0013,2026-02-06,New,,
LD002232,CMP0013,2026-02-06,new,,
LD002233,CMP0013,2026-02-06,New,,
LD002234,CMP0013,2026-02-06,Qualified,,
LD002235,CMP0013,2026-02-06,New,,
LD002236,CMP0013,2026-02-07,Qualified,,
LD002237,CMP0013,2026-02-07,new,,
LD002238,CMP0013,2026-02-07,Qualified,,
LD002239,CMP0013,2026-02-07,LOST,,2026-03-11
LD002240,CMP0013,2026-02-07,new,,
LD002241,CMP0013,2026-02-07,new,,
LD002242,CMP0013,2026-02-08,Lost,,2026-03-17
LD002243,CMP0013,2026-02-08,Lost,,2026-02-26
LD002244,CMP0013,2026-02-08,qualified,,
LD002245,CMP0013,2026-02-09,new,,
LD002246,CMP0013,2026-02-09,Qualified,,
LD002247,CMP0013,2026-02-09,qualified,,
LD002248,CMP0013,2026-02-09,new,,
LD002249,CMP0013,2026-02-09,LOST,,2026-02-20
LD002250,CMP0013,2026-02-09,new,,
LD002251,CMP0013,2026-02-09,LOST,,2026-03-03
LD002252,CMP0013,2026-02-10,lost,,2026-02-18
LD002253,CMP0013,2026-02-10,new,,
LD002254,CMP0013,2026-02-10,LOST,,2026-03-16
LD002255,CMP0013,2026-02-10,Qualified,,
LD002256,CMP0013,2026-02-10,qualified,,
LD002257,CMP0013,2026-02-10,lost,,2026-02-19
LD002258,CMP0013,2026-02-10,qualified,,
LD002259,CMP0013,2026-02-10,lost,,2026-03-06
LD002260,CMP0013,2026-02-10,NEW ,,
LD002261,CMP0013,2026-02-11,NEW ,,
LD002262,CMP0013,2026-02-11,qualified,,
LD002263,CMP0013,2026-02-11,lost,,2026-03-10
LD002264,CMP0013,2026-02-11,Lost,,2026-02-22
LD002265,CMP0013,2026-02-11,Lost,,2026-03-12
LD002266,CMP0013,2026-02-11,Lost,,2026-03-04
LD002267,CMP0013,2026-02-11,proposal ,,
LD002268,CMP0013,2026-02-11,new,,
LD002269,CMP0013,2026-02-12,LOST,,2026-03-20
LD002270,CMP0013,2026-02-12,LOST,,2026-03-16
LD002271,CMP0013,2026-02-12,New,,
LD002272,CMP0013,2026-02-12,new,,
LD002273,CMP0013,2026-02-12,LOST,,2026-03-05
LD002274,CMP0013,2026-02-12,NEW ,,
LD002275,CMP0013,2026-02-13,NEW ,,
LD002276,CMP0013,2026-02-13,new,,
LD002277,CMP0013,2026-02-13,qualified,,
LD002278,CMP0013,2026-02-14,new,,
LD002279,CMP0013,2026-02-14,lost,,2026-03-26
LD002280,CMP0013,2026-02-14,qualified,,
LD002281,CMP0013,2026-02-14,Lost,,2026-03-11
LD002282,CMP0013,2026-02-14,LOST,,2026-03-03
LD002283,CMP0013,2026-02-15,LOST,,2026-02-28
LD002284,CMP0013,2026-02-16,lost,,2026-02-26
LD002285,CMP0013,2026-02-16,Qualified,,
LD002286,CMP0013,2026-02-16,lost,,2026-03-21
LD002287,CMP0013,2026-02-16,new,,
LD002288,CMP0013,2026-02-16,LOST,,2026-03-21
LD002289,CMP0013,2026-02-16,New,,
LD002290,CMP0013,2026-02-16,new,,
LD002291,CMP0013,2026-02-16,proposal ,,
LD002292,CMP0013,2026-02-17,NEW ,,
LD002293,CMP0013,2026-02-17,new,,
LD002294,CMP0013,2026-02-18,qualified,,
LD002295,CMP0013,2026-02-18,new,,
LD002296,CMP0013,2026-02-18,LOST,,2026-03-15
LD002297,CMP0013,2026-02-18,Qualified,,
LD002298,CMP0013,2026-02-19,Lost,,2026-04-04
LD002299,CMP0013,2026-02-19,NEW ,,
LD002300,CMP0013,2026-02-19,new,,
LD002301,CMP0013,2026-02-19,LOST,,2026-03-13
LD002302,CMP0013,2026-02-19,new,,
LD002303,CMP0013,2026-02-19,NEW ,,
LD002304,CMP0013,2026-02-20,LOST,,2026-03-07
LD002305,CMP0013,2026-02-20,new,,
LD002306,CMP0013,2026-02-20,Lost,,2026-03-26
LD002307,CMP0013,2026-02-20,NEW ,,
LD002308,CMP0013,2026-02-20,qualified,,
LD002309,CMP0013,2026-02-20,NEW ,,
LD002310,CMP0013,2026-02-20,Lost,,2026-03-22
LD002311,CMP0013,2026-02-20,Qualified,,
LD002312,CMP0013,2026-02-21,Qualified,,
LD002313,CMP0013,2026-02-21,qualified,,
LD002314,CMP0013,2026-02-21,Qualified,,
LD002315,CMP0013,2026-02-22,Qualified,,
LD002316,CMP0013,2026-02-22,Proposal,,
LD002317,CMP0013,2026-02-22,LOST,,2026-03-28
LD002318,CMP0013,2026-02-22,NEW ,,
LD002319,CMP0013,2026-02-23,new,,
LD002320,CMP0013,2026-02-23,lost,,2026-03-27
LD002321,CMP0013,2026-02-23,Qualified,,
LD002322,CMP0013,2026-02-24,LOST,,2026-04-03
LD002323,CMP0013,2026-02-24,lost,,2026-03-14
LD002324,CMP0013,2026-02-24,proposal ,,
LD002325,CMP0013,2026-02-24,New,,
LD002326,CMP0013,2026-02-24,qualified,,
LD002327,CMP0013,2026-02-25,Proposal,,
LD002328,CMP0013,2026-02-25,Qualified,,
LD002329,CMP0013,2026-02-25,Lost,,2026-03-30
LD002330,CMP0013,2026-02-25,lost,,2026-04-08
LD002331,CMP0013,2026-02-25,new,,
LD002332,CMP0013,2026-02-25,Qualified,,
LD002333,CMP0013,2026-02-26,New,,
LD002334,CMP0013,2026-02-26,Qualified,,
LD002335,CMP0013,2026-02-26,New,,
LD002336,CMP0013,2026-02-26,Lost,,2026-03-14
LD002337,CMP0013,2026-02-26,New,,
LD002338,CMP0013,2026-02-26,Qualified,,
LD002339,CMP0013,2026-02-26,NEW ,,
LD002340,CMP0013,2026-02-26,NEW ,,
LD002341,CMP0013,2026-02-26,LOST,,2026-03-05
LD002342,CMP0013,2026-02-26,Lost,,2026-03-12
LD002343,CMP0013,2026-02-27,Proposal,,
LD002344,CMP0013,2026-02-27,qualified,,
LD002345,CMP0013,2026-02-27,Lost,,2026-04-01
LD002346,CMP0013,2026-02-28,Lost,,2026-03-17
LD002347,CMP0013,2026-02-28,NEW ,,
LD002348,CMP0013,2026-03-01,qualified,,
LD002349,CMP0013,2026-03-01,lost,,2026-04-01
LD002350,CMP0013,2026-03-01,LOST,,2026-04-05
LD002351,CMP0013,2026-03-01,LOST,,2026-03-17
LD002352,CMP0013,2026-03-01,NEW ,,
LD002353,CMP0013,2026-03-01,Qualified,,
LD002354,CMP0013,2026-03-01,Qualified,,
LD002355,CMP0013,2026-03-02,new,,
LD002356,CMP0013,2026-03-02,Lost,,2026-03-24
LD002357,CMP0013,2026-03-02,LOST,,2026-03-24
LD002358,CMP0013,2026-03-02,NEW ,,
LD002359,CMP0013,2026-03-02,qualified,,
LD002360,CMP0013,2026-03-02,NEW ,,
LD002361,CMP0013,2026-03-02,lost,,2026-04-09
LD002362,CMP0013,2026-03-03,New,,
LD002363,CMP0013,2026-03-03,qualified,,
LD002364,CMP0013,2026-03-03,proposal ,,
LD002365,CMP0013,2026-03-03,Qualified,,
LD002366,CMP0013,2026-03-03,qualified,,
LD002367,CMP0013,2026-03-03,new,,
LD002368,CMP0013,2026-03-03,NEW ,,
LD002369,CMP0013,2026-03-03,New,,
LD002370,CMP0013,2026-03-04,new,,
LD002371,CMP0013,2026-03-04,Lost,,2026-03-12
LD002372,CMP0013,2026-03-04,Lost,,2026-04-06
LD002373,CMP0013,2026-03-04,Lost,,2026-04-07
LD002374,CMP0013,2026-03-04,LOST,,2026-04-06
LD002375,CMP0013,2026-03-05,lost,,2026-03-25
LD002376,CMP0013,2026-03-05,NEW ,,
LD002377,CMP0013,2026-03-05,NEW ,,
LD002378,CMP0013,2026-03-05,Lost,,2026-03-22
LD002379,CMP0013,2026-03-05,NEW ,,
LD002380,CMP0013,2026-03-06,New,,
LD002381,CMP0013,2026-03-06,NEW ,,
LD002382,CMP0013,2026-03-06,NEW ,,
LD002383,CMP0013,2026-03-06,qualified,,
LD002384,CMP0013,2026-03-07,LOST,,2026-03-19
LD002385,CMP0013,2026-03-07,LOST,,2026-03-31
LD002386,CMP0013,2026-03-07,new,,
LD002387,CMP0013,2026-03-07,NEW ,,
LD002388,CMP0013,2026-03-08,LOST,,2026-04-02
LD002389,CMP0013,2026-03-08,LOST,,2026-04-19
LD002390,CMP0013,2026-03-09,New,,
LD002391,CMP0013,2026-03-09,Qualified,,
LD002392,CMP0013,2026-03-09,New,,
LD002393,CMP0013,2026-03-09,lost,,2026-03-23
LD002394,CMP0013,2026-03-09,Qualified,,
LD002395,CMP0013,2026-03-09,new,,
LD002396,CMP0013,2026-03-09,New,,
LD002397,CMP0013,2026-03-09,Lost,,2026-03-23
LD002398,CMP0013,2026-03-09,lost,,2026-03-21
LD002399,CMP0013,2026-03-09,qualified,,
LD002400,CMP0013,2026-03-10,Qualified,,
LD002401,CMP0013,2026-03-10,New,,
LD002402,CMP0013,2026-03-10,lost,,2026-04-14
LD002403,CMP0013,2026-03-10,qualified,,
LD002404,CMP0013,2026-03-10,proposal ,,
LD002405,CMP0013,2026-03-11,New,,
LD002406,CMP0013,2026-03-11,Qualified,,
LD002407,CMP0013,2026-03-11,Qualified,,
LD002408,CMP0013,2026-03-11,new,,
LD002409,CMP0013,2026-03-11,proposal ,,
LD002410,CMP0013,2026-03-12,qualified,,
LD002411,CMP0013,2026-03-12,Qualified,,
LD002412,CMP0013,2026-03-12,New,,
LD002413,CMP0013,2026-03-12,NEW ,,
LD002414,CMP0013,2026-03-12,qualified,,
LD002415,CMP0013,2026-03-12,LOST,,2026-04-25
LD002416,CMP0013,2026-03-12,lost,,2026-04-23
LD002417,CMP0013,2026-03-12,NEW ,,
LD002418,CMP0013,2026-03-13,Lost,,2026-03-29
LD002419,CMP0013,2026-03-13,lost,,2026-03-23
LD002420,CMP0013,2026-03-13,qualified,,
LD002421,CMP0013,2026-03-13,lost,,2026-04-16
LD002422,CMP0013,2026-03-13,Lost,,2026-04-17
LD002423,CMP0013,2026-03-13,Lost,,2026-04-21
LD002424,CMP0013,2026-03-13,qualified,,
LD002425,CMP0013,2026-03-13,New,,
LD002426,CMP0013,2026-03-13,new,,
LD002427,CMP0013,2026-03-14,lost,,2026-03-29
LD002428,CMP0013,2026-03-14,NEW ,,
LD002429,CMP0013,2026-03-14,New,,
LD002430,CMP0013,2026-03-15,NEW ,,
LD002431,CMP0013,2026-03-15,New,,
LD002432,CMP0013,2026-03-15,LOST,,2026-03-28
LD002433,CMP0013,2026-03-15,LOST,,2026-03-24
LD002434,CMP0013,2026-03-15,LOST,,2026-04-23
LD002435,CMP0013,2026-03-16,LOST,,2026-04-17
LD002436,CMP0013,2026-03-16,New,,
LD002437,CMP0013,2026-03-16,Lost,,2026-04-06
LD002438,CMP0013,2026-03-17,LOST,,2026-03-29
LD002439,CMP0013,2026-03-17,Lost,,2026-04-27
LD002440,CMP0013,2026-03-17,NEW ,,
LD002441,CMP0013,2026-03-17,new,,
LD002442,CMP0013,2026-03-17,LOST,,2026-04-08
LD002443,CMP0013,2026-03-17,Proposal,,
LD002444,CMP0013,2026-03-17,LOST,,2026-03-24
LD002445,CMP0013,2026-03-18,qualified,,
LD002446,CMP0013,2026-03-18,proposal ,,
LD002447,CMP0013,2026-03-18,Lost,,2026-04-19
LD002448,CMP0013,2026-03-18,Lost,,2026-04-28
LD002449,CMP0013,2026-03-18,Qualified,,
LD002450,CMP0014,2026-01-21,Lost,,2026-02-25
LD002451,CMP0014,2026-01-22,proposal ,,
LD002452,CMP0014,2026-01-26,LOST,,2026-02-07
LD002453,CMP0014,2026-02-01,lost,,2026-03-12
LD002454,CMP0014,2026-02-02,lost,,2026-02-28
LD002455,CMP0014,2026-02-04,new,,
LD002456,CMP0014,2026-02-15,New,,
LD002457,CMP0014,2026-02-18,qualified,,
LD002458,CMP0014,2026-02-18,LOST,,2026-03-06
LD002459,CMP0014,2026-02-19,new,,
LD002460,CMP0014,2026-02-20,New,,
LD002461,CMP0014,2026-02-22,NEW ,,
LD002462,CMP0014,2026-02-23,new,,
LD002463,CMP0014,2026-02-24,NEW ,,
LD002464,CMP0014,2026-03-02,new,,
LD002465,CMP0014,2026-03-03,proposal ,,
LD002466,CMP0014,2026-03-04,NEW ,,
LD002467,CMP0014,2026-03-05,new,,
LD002468,CMP0014,2026-03-05,LOST,,2026-04-07
LD002469,CMP0014,2026-03-07,qualified,,
LD002470,CMP0014,2026-03-11,LOST,,2026-03-19
LD002471,CMP0014,2026-03-11,Lost,,2026-04-07
LD002472,CMP0014,2026-03-13,lost,,2026-04-21
LD002473,CMP0014,2026-03-14,Qualified,,
LD002474,CMP0014,2026-03-16,lost,,2026-04-05
LD002475,CMP0014,2026-03-16,Lost,,2026-04-20
LD002476,CMP0014,2026-03-16,Qualified,,
LD002477,CMP0014,2026-03-18,qualified,,
LD002478,CMP0014,2026-03-19,New,,
LD002479,CMP0014,2026-03-20,Lost,,2026-04-02
LD002480,CMP0014,2026-03-20,NEW ,,
LD002481,CMP0014,2026-03-24,Qualified,,
LD002482,CMP0014,2026-03-25,Lost,,2026-04-14
LD002483,CMP0014,2026-03-27,lost,,2026-04-15
LD002484,CMP0014,2026-03-31,lost,,2026-04-19
LD002485,CMP0014,2026-04-02,Won ,386700.0,2026-04-20
LD002486,CMP0014,2026-04-04,new,,
LD002487,CMP0014,2026-04-05,lost,,2026-05-03
LD002488,CMP0014,2026-04-09,proposal ,,
LD002489,CMP0014,2026-04-16,New,,
LD002490,CMP0014,2026-04-18,new,,
LD002491,CMP0014,2026-04-18,lost,,2026-04-30
LD002492,CMP0014,2026-04-18,Lost,,2026-04-27
LD002493,CMP0014,2026-04-28,New,,
LD002494,CMP0014,2026-04-28,Qualified,,
LD002495,CMP0014,2026-04-29,Lost,,2026-06-07
LD002496,CMP0014,2026-05-02,new,,
LD002497,CMP0014,2026-05-03,NEW ,,
LD002498,CMP0014,2026-05-04,new,,
LD002499,CMP0014,2026-05-07,qualified,,
LD002500,CMP0014,2026-05-08,New,,
LD002501,CMP0014,2026-05-10,lost,,2026-06-23
LD002502,CMP0014,2026-05-14,New,,
LD002503,CMP0014,2026-05-15,Lost,,2026-06-05
LD002504,CMP0014,2026-05-17,Lost,,2026-06-01
LD002505,CMP0014,2026-05-22,Qualified,,
LD002506,CMP0014,2026-05-25,lost,,2026-07-03
LD002507,CMP0014,2026-06-02,New,,
LD002508,CMP0014,2026-06-03,lost,,2026-06-20
LD002509,CMP0014,2026-06-06,LOST,,2026-06-17
LD002510,CMP0014,2026-06-08,Qualified,,
LD002511,CMP0014,2026-06-11,won,346400.0,2026-08-02
LD002512,CMP0014,2026-06-14,new,,
LD002513,CMP0014,2026-06-14,New,,
LD002514,CMP0014,2026-06-15,new,,
LD002515,CMP0014,2026-06-22,proposal ,,
LD002516,CMP0014,2026-06-23,New,,
LD002517,CMP0014,2026-06-27,LOST,,2026-07-14
LD002518,CMP0014,2026-06-27,qualified,,
LD002519,CMP0014,2026-06-28,lost,,2026-07-07
LD002520,CMP0014,2026-07-01,NEW ,,
LD002521,CMP0014,2026-07-01,NEW ,,
LD002522,CMP0014,2026-07-04,new,,
LD002523,CMP0014,2026-07-04,NEW ,,
LD002524,CMP0015,2026-02-10,Qualified,,
LD002525,CMP0015,2026-02-10,Lost,,2026-03-20
LD002526,CMP0015,2026-02-10,Lost,,2026-03-07
LD002527,CMP0015,2026-02-10,new,,
LD002528,CMP0015,2026-02-10,qualified,,
LD002529,CMP0015,2026-02-10,Qualified,,
LD002530,CMP0015,2026-02-10,NEW ,,
LD002531,CMP0015,2026-02-10,Qualified,,
LD002532,CMP0015,2026-02-11,qualified,,
LD002533,CMP0015,2026-02-11,Lost,,2026-03-07
LD002534,CMP0015,2026-02-11,Qualified,,
LD002535,CMP0015,2026-02-11,lost,,2026-03-03
LD002536,CMP0015,2026-02-11,Proposal,,
LD002537,CMP0015,2026-02-11,Lost,,2026-03-14
LD002538,CMP0015,2026-02-11,Qualified,,
LD002539,CMP0015,2026-02-11,NEW ,,
LD002540,CMP0015,2026-02-11,Qualified,,
LD002541,CMP0015,2026-02-11,NEW ,,
LD002542,CMP0015,2026-02-11,NEW ,,
LD002543,CMP0015,2026-02-11,New,,
LD002544,CMP0015,2026-02-12,Lost,,2026-03-03
LD002545,CMP0015,2026-02-12,lost,,2026-03-12
LD002546,CMP0015,2026-02-12,qualified,,
LD002547,CMP0015,2026-02-12,lost,,2026-03-19
LD002548,CMP0015,2026-02-12,NEW ,,
LD002549,CMP0015,2026-02-12,new,,
LD002550,CMP0015,2026-02-12,NEW ,,
LD002551,CMP0015,2026-02-12,NEW ,,
LD002552,CMP0015,2026-02-12,qualified,,
LD002553,CMP0015,2026-02-12,lost,,2026-03-14
LD002554,CMP0015,2026-02-12,Lost,,2026-03-28
LD002555,CMP0015,2026-02-12,LOST,,2026-03-18
LD002556,CMP0015,2026-02-12,lost,,2026-03-21
LD002557,CMP0015,2026-02-12,New,,
LD002558,CMP0015,2026-02-12,proposal ,,
LD002559,CMP0015,2026-02-13,LOST,,2026-03-28
LD002560,CMP0015,2026-02-13,qualified,,
LD002561,CMP0015,2026-02-13,new,,
LD002562,CMP0015,2026-02-13,Qualified,,
LD002563,CMP0015,2026-02-13,LOST,,2026-03-11
LD002564,CMP0015,2026-02-13,LOST,,2026-03-06
LD002565,CMP0015,2026-02-13,new,,
LD002566,CMP0015,2026-02-13,Proposal,,
LD002567,CMP0015,2026-02-13,New,,
LD002568,CMP0015,2026-02-13,LOST,,2026-03-26
LD002569,CMP0015,2026-02-13,NEW ,,
LD002570,CMP0015,2026-02-13,lost,,2026-03-23
LD002571,CMP0015,2026-02-13,Lost,,2026-02-28
LD002572,CMP0015,2026-02-13,lost,,2026-02-22
LD002573,CMP0015,2026-02-13,LOST,,2026-03-15
LD002574,CMP0015,2026-02-14,qualified,,
LD002575,CMP0015,2026-02-14,lost,,2026-02-23
LD002576,CMP0015,2026-02-14,Lost,,2026-03-07
LD002577,CMP0015,2026-02-14,Won,178900.0,2026-03-27
LD002578,CMP0015,2026-02-14,Lost,,2026-03-20
LD002579,CMP0015,2026-02-14,Lost,,2026-02-21
LD002580,CMP0015,2026-02-14,lost,,2026-03-09
LD002581,CMP0015,2026-02-15,Qualified,,
LD002582,CMP0015,2026-02-15,qualified,,
LD002583,CMP0015,2026-02-15,New,,
LD002584,CMP0015,2026-02-15,new,,
LD002585,CMP0015,2026-02-16,New,,
LD002586,CMP0015,2026-02-16,LOST,,2026-04-01
LD002587,CMP0015,2026-02-16,new,,
LD002588,CMP0015,2026-02-16,LOST,,2026-03-07
LD002589,CMP0015,2026-02-16,Qualified,,
LD002590,CMP0015,2026-02-16,proposal ,,
LD002591,CMP0015,2026-02-17,NEW ,,
LD002592,CMP0015,2026-02-17,LOST,,2026-03-03
LD002593,CMP0015,2026-02-17,new,,
LD002594,CMP0015,2026-02-17,Lost,,2026-03-13
LD002595,CMP0015,2026-02-17,Qualified,,
LD002596,CMP0015,2026-02-17,qualified,,
LD002597,CMP0015,2026-02-17,New,,
LD002598,CMP0015,2026-02-17,Lost,,2026-02-26
LD002599,CMP0015,2026-02-18,Lost,,2026-03-19
LD002600,CMP0015,2026-02-18,Qualified,,
LD002601,CMP0015,2026-02-18,new,,
LD002602,CMP0015,2026-02-18,Lost,,2026-03-04
LD002603,CMP0015,2026-02-18,Qualified,,
LD002604,CMP0015,2026-02-18,new,,
LD002605,CMP0015,2026-02-18,New,,
LD002606,CMP0015,2026-02-18,proposal ,,
LD002607,CMP0015,2026-02-18,LOST,,2026-02-25
LD002608,CMP0015,2026-02-19,new,,
LD002609,CMP0015,2026-02-19,new,,
LD002610,CMP0015,2026-02-19,NEW ,,
LD002611,CMP0015,2026-02-19,qualified,,
LD002612,CMP0015,2026-02-19,new,,
LD002613,CMP0015,2026-02-19,lost,,2026-03-05
LD002614,CMP0015,2026-02-19,Lost,,2026-03-08
LD002615,CMP0015,2026-02-19,New,,
LD002616,CMP0015,2026-02-19,Proposal,,
LD002617,CMP0015,2026-02-19,LOST,,2026-03-08
LD002618,CMP0015,2026-02-19,proposal ,,
LD002619,CMP0015,2026-02-19,qualified,,
LD002620,CMP0015,2026-02-20,qualified,,
LD002621,CMP0015,2026-02-20,qualified,,
LD002622,CMP0015,2026-02-20,Lost,,2026-03-08
LD002623,CMP0015,2026-02-20,New,,
LD002624,CMP0015,2026-02-20,lost,,2026-03-09
LD002625,CMP0015,2026-02-20,qualified,,
LD002626,CMP0015,2026-02-20,LOST,,2026-04-04
LD002627,CMP0015,2026-02-21,lost,,2026-03-28
LD002628,CMP0015,2026-02-21,LOST,,2026-03-22
LD002629,CMP0015,2026-02-21,NEW ,,
LD002630,CMP0015,2026-02-21,qualified,,
LD002631,CMP0015,2026-02-21,NEW ,,
LD002632,CMP0015,2026-02-21,New,,
LD002633,CMP0015,2026-02-21,New,,
LD002634,CMP0015,2026-02-21,New,,
LD002635,CMP0015,2026-02-22,LOST,,2026-03-14
LD002636,CMP0015,2026-02-22,NEW ,,
LD002637,CMP0015,2026-02-22,new,,
LD002638,CMP0015,2026-02-22,new,,
LD002639,CMP0015,2026-02-22,new,,
LD002640,CMP0015,2026-02-23,lost,,2026-03-31
LD002641,CMP0015,2026-02-23,NEW ,,
LD002642,CMP0015,2026-02-23,NEW ,,
LD002643,CMP0015,2026-02-23,Qualified,,
LD002644,CMP0015,2026-02-23,NEW ,,
LD002645,CMP0015,2026-02-23,Qualified,,
LD002646,CMP0015,2026-02-23,LOST,,2026-04-07
LD002647,CMP0015,2026-02-23,new,,
LD002648,CMP0015,2026-02-23,lost,,2026-04-04
LD002649,CMP0015,2026-02-24,New,,
LD002650,CMP0015,2026-02-24,qualified,,
LD002651,CMP0015,2026-02-24,New,,
LD002652,CMP0015,2026-02-24,LOST,,2026-03-28
LD002653,CMP0015,2026-02-24,NEW ,,
LD002654,CMP0015,2026-02-25,New,,
LD002655,CMP0015,2026-02-25,NEW ,,
LD002656,CMP0015,2026-02-25,Qualified,,
LD002657,CMP0015,2026-02-25,lost,,2026-03-10
LD002658,CMP0015,2026-02-25,Lost,,2026-03-10
LD002659,CMP0015,2026-02-25,New,,
LD002660,CMP0015,2026-02-25,new,,
LD002661,CMP0015,2026-02-25,NEW ,,
LD002662,CMP0015,2026-02-25,Qualified,,
LD002663,CMP0015,2026-02-26,new,,
LD002664,CMP0015,2026-02-26,lost,,2026-03-08
LD002665,CMP0015,2026-02-26,Qualified,,
LD002666,CMP0015,2026-02-26,Lost,,2026-04-06
LD002667,CMP0015,2026-02-26,Qualified,,
LD002668,CMP0015,2026-02-26,qualified,,
LD002669,CMP0015,2026-02-27,Lost,,2026-04-04
LD002670,CMP0015,2026-02-27,NEW ,,
LD002671,CMP0015,2026-02-27,new,,
LD002672,CMP0015,2026-02-27,qualified,,
LD002673,CMP0015,2026-02-27,LOST,,2026-04-05
LD002674,CMP0015,2026-02-27,qualified,,
LD002675,CMP0015,2026-02-27,Qualified,,
LD002676,CMP0015,2026-02-27,lost,,2026-04-07
LD002677,CMP0015,2026-02-27,qualified,,
LD002678,CMP0015,2026-02-28,qualified,,
LD002679,CMP0015,2026-02-28,new,,
LD002680,CMP0015,2026-02-28,Lost,,2026-03-27
LD002681,CMP0015,2026-02-28,New,,
LD002682,CMP0015,2026-02-28,New,,
LD002683,CMP0015,2026-02-28,LOST,,2026-04-03
LD002684,CMP0015,2026-03-01,Lost,,2026-03-25
LD002685,CMP0015,2026-03-01,New,,
LD002686,CMP0015,2026-03-01,lost,,2026-03-31
LD002687,CMP0015,2026-03-01,new,,
LD002688,CMP0015,2026-03-01,proposal ,,
LD002689,CMP0015,2026-03-01,LOST,,2026-03-25
LD002690,CMP0015,2026-03-01,NEW ,,
LD002691,CMP0015,2026-03-01,qualified,,
LD002692,CMP0015,2026-03-01,Qualified,,
LD002693,CMP0015,2026-03-01,NEW ,,
LD002694,CMP0015,2026-03-01,lost,,2026-03-23
LD002695,CMP0015,2026-03-02,Lost,,2026-03-11
LD002696,CMP0015,2026-03-02,Qualified,,
LD002697,CMP0015,2026-03-02,New,,
LD002698,CMP0015,2026-03-02,lost,,2026-04-07
LD002699,CMP0015,2026-03-02,qualified,,
LD002700,CMP0015,2026-03-02,Lost,,2026-04-08
LD002701,CMP0015,2026-03-02,NEW ,,
LD002702,CMP0015,2026-03-02,LOST,,2026-04-06
LD002703,CMP0015,2026-03-02,lost,,2026-04-07
LD002704,CMP0015,2026-03-02,Lost,,2026-04-12
LD002705,CMP0015,2026-03-02,Lost,,2026-03-20
LD002706,CMP0015,2026-03-02,Qualified,,
LD002707,CMP0015,2026-03-02,lost,,2026-03-13
LD002708,CMP0015,2026-03-02,lost,,2026-03-30
LD002709,CMP0015,2026-03-02,qualified,,
LD002710,CMP0015,2026-03-02,Qualified,,
LD002711,CMP0015,2026-03-02,New,,
LD002712,CMP0015,2026-03-03,lost,,2026-03-10
LD002713,CMP0015,2026-03-03,new,,
LD002714,CMP0015,2026-03-03,LOST,,2026-03-21
LD002715,CMP0015,2026-03-03,New,,
LD002716,CMP0015,2026-03-03,LOST,,2026-04-07
LD002717,CMP0015,2026-03-03,new,,
LD002718,CMP0015,2026-03-03,Lost,,2026-03-25
LD002719,CMP0015,2026-03-03,LOST,,2026-03-19
LD002720,CMP0015,2026-03-03,New,,
LD002721,CMP0015,2026-03-03,NEW ,,
LD002722,CMP0015,2026-03-03,qualified,,
LD002723,CMP0015,2026-03-04,NEW ,,
LD002724,CMP0015,2026-03-04,qualified,,
LD002725,CMP0015,2026-03-04,LOST,,2026-03-25
LD002726,CMP0015,2026-03-04,lost,,2026-04-02
LD002727,CMP0015,2026-03-04,LOST,,2026-04-12
LD002728,CMP0015,2026-03-04,NEW ,,
LD002729,CMP0015,2026-03-04,Qualified,,
LD002730,CMP0015,2026-03-04,LOST,,2026-03-14
LD002731,CMP0015,2026-03-04,lost,,2026-03-24
LD002732,CMP0015,2026-03-05,lost,,2026-03-19
LD002733,CMP0015,2026-03-05,qualified,,
LD002734,CMP0015,2026-03-05,qualified,,
LD002735,CMP0015,2026-03-05,qualified,,
LD002736,CMP0015,2026-03-05,new,,
LD002737,CMP0015,2026-03-06,Proposal,,
LD002738,CMP0015,2026-03-06,Lost,,2026-04-08
LD002739,CMP0015,2026-03-06,Qualified,,
LD002740,CMP0015,2026-03-06,NEW ,,
LD002741,CMP0015,2026-03-06,Qualified,,
LD002742,CMP0015,2026-03-06,NEW ,,
LD002743,CMP0015,2026-03-06,lost,,2026-04-10
LD002744,CMP0015,2026-03-06,new,,
LD002745,CMP0015,2026-03-06,NEW ,,
LD002746,CMP0015,2026-03-07,Lost,,2026-04-16
LD002747,CMP0015,2026-03-07,NEW ,,
LD002748,CMP0015,2026-03-07,NEW ,,
LD002749,CMP0015,2026-03-07,new,,
LD002750,CMP0015,2026-03-07,Lost,,2026-04-16
LD002751,CMP0015,2026-03-07,LOST,,2026-03-30
LD002752,CMP0015,2026-03-08,Qualified,,
LD002753,CMP0015,2026-03-09,proposal ,,
LD002754,CMP0015,2026-03-09,Lost,,2026-04-07
LD002755,CMP0015,2026-03-09,New,,
LD002756,CMP0015,2026-03-09,NEW ,,
LD002757,CMP0015,2026-03-09,Lost,,2026-03-25
LD002758,CMP0015,2026-03-09,New,,
LD002759,CMP0015,2026-03-09,LOST,,2026-04-11
LD002760,CMP0015,2026-03-09,Lost,,2026-04-01
LD002761,CMP0015,2026-03-09,qualified,,
LD002762,CMP0015,2026-03-09,LOST,,2026-04-07
LD002763,CMP0015,2026-03-09,qualified,,
LD002764,CMP0015,2026-03-09,NEW ,,
LD002765,CMP0015,2026-03-09,Qualified,,
LD002766,CMP0015,2026-03-10,LOST,,2026-03-30
LD002767,CMP0015,2026-03-10,new,,
LD002768,CMP0015,2026-03-10,lost,,2026-04-02
LD002769,CMP0015,2026-03-10,Qualified,,
LD002770,CMP0015,2026-03-10,LOST,,2026-04-19
LD002771,CMP0015,2026-03-10,qualified,,
LD002772,CMP0015,2026-03-10,LOST,,2026-04-15
LD002773,CMP0015,2026-03-10,New,,
LD002774,CMP0015,2026-03-10,NEW ,,
LD002775,CMP0015,2026-03-10,Lost,,2026-04-14
LD002776,CMP0015,2026-03-11,new,,
LD002777,CMP0015,2026-03-11,New,,
LD002778,CMP0015,2026-03-11,LOST,,2026-04-02
LD002779,CMP0015,2026-03-11,LOST,,2026-04-21
LD002780,CMP0015,2026-03-11,Qualified,,
LD002781,CMP0015,2026-03-11,Lost,,2026-04-16
LD002782,CMP0015,2026-03-11,Qualified,,
LD002783,CMP0015,2026-03-11,Qualified,,
LD002784,CMP0015,2026-03-12,qualified,,
LD002785,CMP0015,2026-03-12,LOST,,2026-04-15
LD002786,CMP0015,2026-03-12,Lost,,2026-04-10
LD002787,CMP0015,2026-03-12,NEW ,,
LD002788,CMP0015,2026-03-12,New,,
LD002789,CMP0015,2026-03-12,New,,
LD002790,CMP0015,2026-03-12,Qualified,,
LD002791,CMP0015,2026-03-12,qualified,,
LD002792,CMP0015,2026-03-12,NEW ,,
LD002793,CMP0015,2026-03-12,new,,
LD002794,CMP0015,2026-03-13,New,,
LD002795,CMP0015,2026-03-13,Qualified,,
LD002796,CMP0015,2026-03-13,LOST,,2026-04-16
LD002797,CMP0015,2026-03-13,NEW ,,
LD002798,CMP0015,2026-03-13,lost,,2026-03-26
LD002799,CMP0015,2026-03-13,qualified,,
LD002800,CMP0015,2026-03-14,qualified,,
LD002801,CMP0015,2026-03-14,lost,,2026-04-13
LD002802,CMP0015,2026-03-14,Qualified,,
LD002803,CMP0015,2026-03-15,Qualified,,
LD002804,CMP0015,2026-03-15,Lost,,2026-03-30
LD002805,CMP0015,2026-03-15,NEW ,,
LD002806,CMP0015,2026-03-15,new,,
LD002807,CMP0015,2026-03-15,New,,
LD002808,CMP0015,2026-03-15,qualified,,
LD002809,CMP0015,2026-03-15,Won ,207700.0,2026-04-29
LD002810,CMP0015,2026-03-15,NEW ,,
LD002811,CMP0015,2026-03-15,NEW ,,
LD002812,CMP0015,2026-03-16,NEW ,,
LD002813,CMP0015,2026-03-16,lost,,2026-03-31
LD002814,CMP0015,2026-03-16,NEW ,,
LD002815,CMP0015,2026-03-16,New,,
LD002816,CMP0015,2026-03-16,NEW ,,
LD002817,CMP0015,2026-03-16,New,,
LD002818,CMP0015,2026-03-16,New,,
LD002819,CMP0015,2026-03-16,LOST,,2026-03-30
LD002820,CMP0015,2026-03-16,qualified,,
LD002821,CMP0015,2026-03-16,LOST,,2026-04-10
LD002822,CMP0015,2026-03-16,new,,
LD002823,CMP0015,2026-03-16,new,,
LD002824,CMP0015,2026-03-16,NEW ,,
LD002825,CMP0015,2026-03-16,Proposal,,
LD002826,CMP0015,2026-03-16,NEW ,,
LD002827,CMP0015,2026-03-16,NEW ,,
LD002828,CMP0015,2026-03-17,Qualified,,
LD002829,CMP0015,2026-03-17,Proposal,,
LD002830,CMP0015,2026-03-17,LOST,,2026-03-31
LD002831,CMP0015,2026-03-17,NEW ,,
LD002832,CMP0015,2026-03-17,LOST,,2026-03-26
LD002833,CMP0015,2026-03-17,New,,
LD002834,CMP0015,2026-03-17,NEW ,,
LD002835,CMP0015,2026-03-17,LOST,,2026-04-13
LD002836,CMP0015,2026-03-18,Lost,,2026-04-18
LD002837,CMP0015,2026-03-18,Lost,,2026-04-14
LD002838,CMP0015,2026-03-18,LOST,,2026-04-11
LD002839,CMP0015,2026-03-18,proposal ,,
LD002840,CMP0015,2026-03-18,NEW ,,
LD002841,CMP0015,2026-03-18,LOST,,2026-04-08
LD002842,CMP0015,2026-03-18,new,,
LD002843,CMP0015,2026-03-18,LOST,,2026-04-20
LD002844,CMP0015,2026-03-18,Qualified,,
LD002845,CMP0015,2026-03-19,qualified,,
LD002846,CMP0015,2026-03-19,lost,,2026-04-16
LD002847,CMP0015,2026-03-19,LOST,,2026-04-18
LD002848,CMP0015,2026-03-19,LOST,,2026-04-29
LD002849,CMP0015,2026-03-19,LOST,,2026-04-03
LD002850,CMP0015,2026-03-20,Qualified,,
LD002851,CMP0015,2026-03-20,Lost,,2026-04-25
LD002852,CMP0015,2026-03-20,Proposal,,
LD002853,CMP0015,2026-03-20,Proposal,,
LD002854,CMP0015,2026-03-20,Proposal,,
LD002855,CMP0015,2026-03-20,qualified,,
LD002856,CMP0015,2026-03-20,New,,
LD002857,CMP0015,2026-03-21,new,,
LD002858,CMP0015,2026-03-21,lost,,2026-04-09
LD002859,CMP0015,2026-03-21,Lost,,2026-03-31
LD002860,CMP0015,2026-03-21,lost,,2026-04-08
LD002861,CMP0015,2026-03-21,NEW ,,
LD002862,CMP0015,2026-03-21,new,,
LD002863,CMP0015,2026-03-22,Lost,,2026-04-05
LD002864,CMP0015,2026-03-22,Lost,,2026-04-07
LD002865,CMP0015,2026-03-22,New,,
LD002866,CMP0015,2026-03-23,LOST,,2026-04-14
LD002867,CMP0015,2026-03-23,new,,
LD002868,CMP0015,2026-03-23,LOST,,2026-04-24
LD002869,CMP0015,2026-03-23,Lost,,2026-04-23
LD002870,CMP0015,2026-03-23,New,,
LD002871,CMP0015,2026-03-23,New,,
LD002872,CMP0015,2026-03-23,New,,
LD002873,CMP0015,2026-03-24,new,,
LD002874,CMP0015,2026-03-24,lost,,2026-04-28
LD002875,CMP0015,2026-03-24,New,,
LD002876,CMP0015,2026-03-24,new,,
LD002877,CMP0015,2026-03-24,lost,,2026-04-30
LD002878,CMP0015,2026-03-24,NEW ,,
LD002879,CMP0015,2026-03-25,NEW ,,
LD002880,CMP0015,2026-03-25,Qualified,,
LD002881,CMP0015,2026-03-25,proposal ,,
LD002882,CMP0015,2026-03-25,new,,
LD002883,CMP0015,2026-03-25,Qualified,,
LD002884,CMP0015,2026-03-25,LOST,,2026-04-10
LD002885,CMP0015,2026-03-25,Proposal,,
LD002886,CMP0015,2026-03-26,new,,
LD002887,CMP0015,2026-03-26,new,,
LD002888,CMP0015,2026-03-26,LOST,,2026-04-17
LD002889,CMP0015,2026-03-26,NEW ,,
LD002890,CMP0015,2026-03-26,New,,
LD002891,CMP0015,2026-03-26,NEW ,,
LD002892,CMP0015,2026-03-26,proposal ,,
LD002893,CMP0015,2026-03-26,qualified,,
LD002894,CMP0015,2026-03-26,NEW ,,
LD002895,CMP0015,2026-03-26,lost,,2026-04-02
LD002896,CMP0015,2026-03-27,Lost,,2026-04-20
LD002897,CMP0015,2026-03-27,new,,
LD002898,CMP0015,2026-03-27,New,,
LD002899,CMP0015,2026-03-27,New,,
LD002900,CMP0015,2026-03-27,LOST,,2026-05-06
LD002901,CMP0015,2026-03-27,new,,
LD002902,CMP0015,2026-03-27,Qualified,,
LD002903,CMP0015,2026-03-27,NEW ,,
LD002904,CMP0015,2026-03-27,NEW ,,
LD002905,CMP0015,2026-03-27,LOST,,2026-04-10
LD002906,CMP0015,2026-03-28,qualified,,
LD002907,CMP0015,2026-03-28,Qualified,,
LD002908,CMP0015,2026-03-28,lost,,2026-04-05
LD002909,CMP0015,2026-03-28,Qualified,,
LD002910,CMP0015,2026-03-28,New,,
LD002911,CMP0015,2026-03-28,NEW ,,
LD002912,CMP0015,2026-03-29,new,,
LD002913,CMP0015,2026-03-29,lost,,2026-04-10
LD002914,CMP0015,2026-03-29,NEW ,,
LD002915,CMP0015,2026-03-29,new,,
LD002916,CMP0015,2026-03-29,Qualified,,
LD002917,CMP0015,2026-03-29,NEW ,,
LD002918,CMP0015,2026-03-29,lost,,2026-04-21
LD002919,CMP0015,2026-03-29,lost,,2026-04-26
LD002920,CMP0015,2026-03-29,new,,
LD002921,CMP0015,2026-03-29,New,,
LD002922,CMP0015,2026-03-30,Qualified,,
LD002923,CMP0015,2026-03-30,new,,
LD002924,CMP0015,2026-03-30,qualified,,
LD002925,CMP0015,2026-03-30,Lost,,2026-05-07
LD002926,CMP0015,2026-03-30,New,,
LD002927,CMP0015,2026-03-30,proposal ,,
LD002928,CMP0015,2026-03-30,Lost,,2026-05-07
LD002929,CMP0015,2026-03-30,Qualified,,
LD002930,CMP0015,2026-03-30,qualified,,
LD002931,CMP0015,2026-03-30,new,,
LD002932,CMP0015,2026-03-30,lost,,2026-04-09
LD002933,CMP0015,2026-03-30,LOST,,2026-04-13
LD002934,CMP0015,2026-03-31,NEW ,,
LD002935,CMP0015,2026-03-31,New,,
LD002936,CMP0015,2026-03-31,LOST,,2026-04-30
LD002937,CMP0015,2026-03-31,lost,,2026-05-10
LD002938,CMP0015,2026-03-31,new,,
LD002939,CMP0015,2026-03-31,Proposal,,
LD002940,CMP0015,2026-04-01,new,,
LD002941,CMP0015,2026-04-01,LOST,,2026-05-01
LD002942,CMP0015,2026-04-01,Won,280900.0,2026-05-25
LD002943,CMP0015,2026-04-01,lost,,2026-05-08
LD002944,CMP0015,2026-04-01,LOST,,2026-05-13
LD002945,CMP0015,2026-04-02,New,,
LD002946,CMP0015,2026-04-02,lost,,2026-04-23
LD002947,CMP0015,2026-04-02,lost,,2026-04-27
LD002948,CMP0015,2026-04-02,NEW ,,
LD002949,CMP0015,2026-04-02,qualified,,
LD002950,CMP0015,2026-04-02,won,326900.0,2026-04-18
LD002951,CMP0015,2026-04-02,New,,
LD002952,CMP0015,2026-04-02,LOST,,2026-05-12
LD002953,CMP0015,2026-04-02,New,,
LD002954,CMP0015,2026-04-02,Qualified,,
LD002955,CMP0015,2026-04-02,Proposal,,
LD002956,CMP0015,2026-04-03,NEW ,,
LD002957,CMP0015,2026-04-03,NEW ,,
LD002958,CMP0015,2026-04-03,Lost,,2026-04-26
LD002959,CMP0015,2026-04-03,Lost,,2026-04-11
LD002960,CMP0015,2026-04-03,New,,
LD002961,CMP0015,2026-04-03,NEW ,,
LD002962,CMP0015,2026-04-04,lost,,2026-04-11
LD002963,CMP0015,2026-04-04,qualified,,
LD002964,CMP0015,2026-04-04,Lost,,2026-05-15
LD002965,CMP0015,2026-04-04,NEW ,,
LD002966,CMP0015,2026-04-04,Lost,,2026-05-04
LD002967,CMP0015,2026-04-04,lost,,2026-05-08
LD002968,CMP0015,2026-04-04,Qualified,,
LD002969,CMP0015,2026-04-05,New,,
LD002970,CMP0015,2026-04-05,qualified,,
LD002971,CMP0015,2026-04-05,qualified,,
LD002972,CMP0015,2026-04-05,Qualified,,
LD002973,CMP0015,2026-04-05,qualified,,
LD002974,CMP0015,2026-04-05,new,,
LD002975,CMP0015,2026-04-05,Qualified,,
LD002976,CMP0015,2026-04-05,Lost,,2026-04-19
LD002977,CMP0015,2026-04-06,qualified,,
LD002978,CMP0015,2026-04-06,Lost,,2026-05-13
LD002979,CMP0015,2026-04-06,qualified,,
LD002980,CMP0015,2026-04-06,Lost,,2026-05-05
LD002981,CMP0015,2026-04-06,qualified,,
LD002982,CMP0015,2026-04-06,Lost,,2026-04-26
LD002983,CMP0015,2026-04-06,qualified,,
LD002984,CMP0015,2026-04-06,LOST,,2026-04-28
LD002985,CMP0015,2026-04-06,Proposal,,
LD002986,CMP0015,2026-04-06,new,,
LD002987,CMP0015,2026-04-06,new,,
LD002988,CMP0015,2026-04-07,new,,
LD002989,CMP0015,2026-04-07,Qualified,,
LD002990,CMP0015,2026-04-07,new,,
LD002991,CMP0015,2026-04-07,qualified,,
LD002992,CMP0015,2026-04-07,lost,,2026-05-20
LD002993,CMP0015,2026-04-07,new,,
LD002994,CMP0015,2026-04-07,qualified,,
LD002995,CMP0015,2026-04-07,Lost,,2026-05-07
LD002996,CMP0015,2026-04-07,Qualified,,
LD002997,CMP0015,2026-04-07,Proposal,,
LD002998,CMP0015,2026-04-07,LOST,,2026-04-28
LD002999,CMP0015,2026-04-08,New,,
LD003000,CMP0015,2026-04-08,LOST,,2026-05-10
LD003001,CMP0015,2026-04-09,new,,
LD003002,CMP0015,2026-04-09,New,,
LD003003,CMP0015,2026-04-09,NEW ,,
LD003004,CMP0015,2026-04-09,qualified,,
LD003005,CMP0015,2026-04-09,new,,
LD003006,CMP0015,2026-04-09,new,,
LD003007,CMP0015,2026-04-09,LOST,,2026-04-18
LD003008,CMP0015,2026-04-09,new,,
LD003009,CMP0015,2026-04-10,new,,
LD003010,CMP0015,2026-04-10,LOST,,2026-05-15
LD003011,CMP0015,2026-04-10,proposal ,,
LD003012,CMP0015,2026-04-10,New,,
LD003013,CMP0015,2026-04-10,Lost,,2026-04-20
LD003014,CMP0015,2026-04-10,New,,
LD003015,CMP0015,2026-04-10,Lost,,2026-05-05
LD003016,CMP0015,2026-04-10,Proposal,,
LD003017,CMP0015,2026-04-11,new,,
LD003018,CMP0015,2026-04-11,Lost,,2026-05-23
LD003019,CMP0015,2026-04-11,Qualified,,
LD003020,CMP0015,2026-04-11,new,,
LD003021,CMP0015,2026-04-11,Lost,,2026-05-13
LD003022,CMP0015,2026-04-11,NEW ,,
LD003023,CMP0015,2026-04-11,LOST,,2026-04-25
LD003024,CMP0015,2026-04-11,New,,
LD003025,CMP0015,2026-04-12,NEW ,,
LD003026,CMP0015,2026-04-12,qualified,,
LD003027,CMP0015,2026-04-12,lost,,2026-05-22
LD003028,CMP0015,2026-04-12,new,,
LD003029,CMP0015,2026-04-12,new,,
LD003030,CMP0015,2026-04-12,qualified,,
LD003031,CMP0015,2026-04-12,Qualified,,
LD003032,CMP0015,2026-04-13,new,,
LD003033,CMP0015,2026-04-13,New,,
LD003034,CMP0015,2026-04-13,lost,,2026-04-20
LD003035,CMP0015,2026-04-13,qualified,,
LD003036,CMP0015,2026-04-13,qualified,,
LD003037,CMP0015,2026-04-13,LOST,,2026-04-25
LD003038,CMP0015,2026-04-13,Lost,,2026-05-23
LD003039,CMP0015,2026-04-13,New,,
LD003040,CMP0015,2026-04-13,LOST,,2026-05-21
LD003041,CMP0015,2026-04-13,Lost,,2026-05-03
LD003042,CMP0015,2026-04-13,Lost,,2026-05-16
LD003043,CMP0015,2026-04-13,Lost,,2026-05-13
LD003044,CMP0015,2026-04-13,new,,
LD003045,CMP0015,2026-04-13,LOST,,2026-05-11
LD003046,CMP0015,2026-04-14,NEW ,,
LD003047,CMP0015,2026-04-14,Lost,,2026-05-14
LD003048,CMP0015,2026-04-14,proposal ,,
LD003049,CMP0015,2026-04-14,qualified,,
LD003050,CMP0015,2026-04-14,New,,
LD003051,CMP0015,2026-04-14,LOST,,2026-05-02
LD003052,CMP0015,2026-04-14,qualified,,
LD003053,CMP0015,2026-04-14,Qualified,,
LD003054,CMP0015,2026-04-14,Lost,,2026-05-17
LD003055,CMP0015,2026-04-15,NEW ,,
LD003056,CMP0015,2026-04-15,LOST,,2026-05-08
LD003057,CMP0015,2026-04-15,Qualified,,
LD003058,CMP0015,2026-04-15,qualified,,
LD003059,CMP0015,2026-04-15,Qualified,,
LD003060,CMP0015,2026-04-15,lost,,2026-05-03
LD003061,CMP0015,2026-04-15,qualified,,
LD003062,CMP0015,2026-04-16,qualified,,
LD003063,CMP0015,2026-04-16,New,,
LD003064,CMP0015,2026-04-16,LOST,,2026-05-07
LD003065,CMP0015,2026-04-16,qualified,,
LD003066,CMP0015,2026-04-16,Lost,,2026-05-07
LD003067,CMP0015,2026-04-16,Lost,,2026-04-26
LD003068,CMP0015,2026-04-16,proposal ,,
LD003069,CMP0015,2026-04-16,New,,
LD003070,CMP0015,2026-04-16,LOST,,2026-05-20
LD003071,CMP0015,2026-04-16,New,,
LD003072,CMP0015,2026-04-16,lost,,2026-05-20
LD003073,CMP0015,2026-04-16,qualified,,
LD003074,CMP0015,2026-04-16,NEW ,,
LD003075,CMP0015,2026-04-16,NEW ,,
LD003076,CMP0015,2026-04-16,proposal ,,
LD003077,CMP0015,2026-04-17,proposal ,,
LD003078,CMP0015,2026-04-17,Lost,,2026-05-01
LD003079,CMP0015,2026-04-17,lost,,2026-05-26
LD003080,CMP0015,2026-04-17,New,,
LD003081,CMP0015,2026-04-17,new,,
LD003082,CMP0015,2026-04-17,New,,
LD003083,CMP0015,2026-04-17,new,,
LD003084,CMP0015,2026-04-17,new,,
LD003085,CMP0015,2026-04-17,LOST,,2026-05-22
LD003086,CMP0015,2026-04-17,new,,
LD003087,CMP0015,2026-04-17,New,,
LD003088,CMP0015,2026-04-17,lost,,2026-05-11
LD003089,CMP0015,2026-04-17,Won,146100.0,2026-06-06
LD003090,CMP0015,2026-04-18,lost,,2026-05-21
LD003091,CMP0015,2026-04-18,New,,
LD003092,CMP0015,2026-04-18,lost,,2026-05-23
LD003093,CMP0015,2026-04-18,NEW ,,
LD003094,CMP0015,2026-04-18,NEW ,,
LD003095,CMP0015,2026-04-18,New,,
LD003096,CMP0015,2026-04-19,lost,,2026-05-04
LD003097,CMP0015,2026-04-19,new,,
LD003098,CMP0015,2026-04-19,NEW ,,
LD003099,CMP0015,2026-04-19,lost,,2026-05-25
LD003100,CMP0015,2026-04-19,new,,
LD003101,CMP0015,2026-04-19,New,,
LD003102,CMP0015,2026-04-20,lost,,2026-05-29
LD003103,CMP0015,2026-04-20,LOST,,2026-05-08
LD003104,CMP0015,2026-04-20,LOST,,2026-05-13
LD003105,CMP0015,2026-04-20,New,,
LD003106,CMP0015,2026-04-20,qualified,,
LD003107,CMP0015,2026-04-20,Lost,,2026-05-06
LD003108,CMP0015,2026-04-20,lost,,2026-05-18
LD003109,CMP0015,2026-04-20,lost,,2026-05-08
LD003110,CMP0015,2026-04-21,Lost,,2026-05-24
LD003111,CMP0015,2026-04-21,NEW ,,
LD003112,CMP0015,2026-04-21,new,,
LD003113,CMP0015,2026-04-21,LOST,,2026-05-09
LD003114,CMP0015,2026-04-21,Lost,,2026-05-05
LD003115,CMP0015,2026-04-21,qualified,,
LD003116,CMP0015,2026-04-21,qualified,,
LD003117,CMP0015,2026-04-21,Lost,,2026-05-08
LD003118,CMP0015,2026-04-22,LOST,,2026-04-29
LD003119,CMP0015,2026-04-22,New,,
LD003120,CMP0015,2026-04-22,New,,
LD003121,CMP0015,2026-04-22,Qualified,,
LD003122,CMP0015,2026-04-22,lost,,2026-05-26
LD003123,CMP0015,2026-04-22,lost,,2026-05-10
LD003124,CMP0015,2026-04-22,New,,
LD003125,CMP0015,2026-04-22,Qualified,,
LD003126,CMP0015,2026-04-22,qualified,,
LD003127,CMP0015,2026-04-22,Qualified,,
LD003128,CMP0015,2026-04-22,lost,,2026-04-29
LD003129,CMP0015,2026-04-23,Lost,,2026-05-15
LD003130,CMP0015,2026-04-23,NEW ,,
LD003131,CMP0015,2026-04-23,Lost,,2026-05-01
LD003132,CMP0015,2026-04-23,NEW ,,
LD003133,CMP0015,2026-04-23,proposal ,,
LD003134,CMP0015,2026-04-23,Qualified,,
LD003135,CMP0015,2026-04-24,new,,
LD003136,CMP0015,2026-04-24,LOST,,2026-05-22
LD003137,CMP0015,2026-04-24,Won,469500.0,2026-05-12
LD003138,CMP0015,2026-04-24,Qualified,,
LD003139,CMP0015,2026-04-24,new,,
LD003140,CMP0015,2026-04-24,qualified,,
LD003141,CMP0015,2026-04-24,Lost,,2026-05-31
LD003142,CMP0015,2026-04-24,LOST,,2026-05-29
LD003143,CMP0015,2026-04-25,Qualified,,
LD003144,CMP0015,2026-04-25,NEW ,,
LD003145,CMP0015,2026-04-25,new,,
LD003146,CMP0015,2026-04-25,New,,
LD003147,CMP0015,2026-04-25,LOST,,2026-05-04
LD003148,CMP0015,2026-04-25,LOST,,2026-05-16
LD003149,CMP0015,2026-04-25,New,,
LD003150,CMP0015,2026-04-25,New,,
LD003151,CMP0015,2026-04-26,lost,,2026-05-19
LD003152,CMP0015,2026-04-26,Qualified,,
LD003153,CMP0015,2026-04-26,lost,,2026-05-30
LD003154,CMP0015,2026-04-26,qualified,,
LD003155,CMP0015,2026-04-26,Proposal,,
LD003156,CMP0015,2026-04-26,Qualified,,
LD003157,CMP0015,2026-04-27,qualified,,
LD003158,CMP0015,2026-04-27,proposal ,,
LD003159,CMP0015,2026-04-27,LOST,,2026-06-09
LD003160,CMP0015,2026-04-27,lost,,2026-05-11
LD003161,CMP0015,2026-04-27,LOST,,2026-06-05
LD003162,CMP0015,2026-04-27,new,,
LD003163,CMP0015,2026-04-27,proposal ,,
LD003164,CMP0015,2026-04-27,NEW ,,
LD003165,CMP0015,2026-04-27,lost,,2026-05-27
LD003166,CMP0015,2026-04-27,NEW ,,
LD003167,CMP0015,2026-04-27,Won ,307600.0,2026-05-14
LD003168,CMP0015,2026-04-27,qualified,,
LD003169,CMP0015,2026-04-27,New,,
LD003170,CMP0015,2026-04-27,Lost,,2026-05-20
LD003171,CMP0015,2026-04-27,LOST,,2026-05-31
LD003172,CMP0015,2026-04-28,Lost,,2026-05-11
LD003173,CMP0015,2026-04-28,Proposal,,
LD003174,CMP0015,2026-04-28,Qualified,,
LD003175,CMP0015,2026-04-28,LOST,,2026-05-06
LD003176,CMP0015,2026-04-29,LOST,,2026-05-30
LD003177,CMP0015,2026-04-29,New,,
LD003178,CMP0015,2026-04-29,LOST,,2026-06-07
LD003179,CMP0015,2026-04-29,NEW ,,
LD003180,CMP0015,2026-04-29,New,,
LD003181,CMP0015,2026-04-29,new,,
LD003182,CMP0015,2026-04-29,New,,
LD003183,CMP0015,2026-04-29,Lost,,2026-05-28
LD003184,CMP0015,2026-04-29,LOST,,2026-05-23
LD003185,CMP0015,2026-04-30,lost,,2026-06-06
LD003186,CMP0015,2026-04-30,Qualified,,
LD003187,CMP0015,2026-04-30,Lost,,2026-05-28
LD003188,CMP0015,2026-04-30,Lost,,2026-05-24
LD003189,CMP0015,2026-04-30,proposal ,,
LD003190,CMP0015,2026-04-30,Lost,,2026-06-03
LD003191,CMP0015,2026-04-30,LOST,,2026-05-31
LD003192,CMP0015,2026-04-30,New,,
LD003193,CMP0015,2026-04-30,Qualified,,
LD003194,CMP0015,2026-05-01,qualified,,
LD003195,CMP0015,2026-05-01,qualified,,
LD003196,CMP0015,2026-05-01,NEW ,,
LD003197,CMP0015,2026-05-01,LOST,,2026-06-03
LD003198,CMP0015,2026-05-01,new,,
LD003199,CMP0015,2026-05-01,lost,,2026-06-08
LD003200,CMP0015,2026-05-01,Lost,,2026-05-29
LD003201,CMP0015,2026-05-01,LOST,,2026-06-07
LD003202,CMP0015,2026-05-01,Lost,,2026-05-23
LD003203,CMP0015,2026-05-01,Proposal,,
LD003204,CMP0015,2026-05-02,New,,
LD003205,CMP0015,2026-05-02,LOST,,2026-06-04
LD003206,CMP0015,2026-05-03,new,,
LD003207,CMP0015,2026-05-03,Lost,,2026-05-16
LD003208,CMP0015,2026-05-03,Lost,,2026-06-16
LD003209,CMP0015,2026-05-03,New,,
LD003210,CMP0015,2026-05-03,lost,,2026-05-10
LD003211,CMP0015,2026-05-03,NEW ,,
LD003212,CMP0015,2026-05-03,qualified,,
LD003213,CMP0015,2026-05-04,Lost,,2026-05-22
LD003214,CMP0015,2026-05-04,Proposal,,
LD003215,CMP0015,2026-05-04,Lost,,2026-05-13
LD003216,CMP0015,2026-05-04,Proposal,,
LD003217,CMP0015,2026-05-04,new,,
LD003218,CMP0015,2026-05-04,NEW ,,
LD003219,CMP0015,2026-05-05,Lost,,2026-06-12
LD003220,CMP0015,2026-05-05,NEW ,,
LD003221,CMP0015,2026-05-05,New,,
LD003222,CMP0015,2026-05-05,New,,
LD003223,CMP0015,2026-05-05,LOST,,2026-06-11
LD003224,CMP0015,2026-05-05,new,,
LD003225,CMP0015,2026-05-05,qualified,,
LD003226,CMP0015,2026-05-05,lost,,2026-06-03
LD003227,CMP0015,2026-05-05,qualified,,
LD003228,CMP0015,2026-05-05,lost,,2026-06-08
LD003229,CMP0015,2026-05-06,NEW ,,
LD003230,CMP0015,2026-05-06,new,,
LD003231,CMP0015,2026-05-06,lost,,2026-05-13
LD003232,CMP0015,2026-05-06,LOST,,2026-05-31
LD003233,CMP0015,2026-05-06,lost,,2026-06-14
LD003234,CMP0015,2026-05-06,LOST,,2026-05-24
LD003235,CMP0015,2026-05-06,qualified,,
LD003236,CMP0015,2026-05-06,LOST,,2026-06-04
LD003237,CMP0015,2026-05-06,Lost,,2026-06-15
LD003238,CMP0015,2026-05-06,qualified,,
LD003239,CMP0015,2026-05-06,Lost,,2026-06-03
LD003240,CMP0015,2026-05-07,qualified,,
LD003241,CMP0015,2026-05-07,new,,
LD003242,CMP0015,2026-05-07,LOST,,2026-06-20
LD003243,CMP0015,2026-05-07,Qualified,,
LD003244,CMP0015,2026-05-07,qualified,,
LD003245,CMP0015,2026-05-07,qualified,,
LD003246,CMP0015,2026-05-07,LOST,,2026-05-14
LD003247,CMP0015,2026-05-08,lost,,2026-05-15
LD003248,CMP0015,2026-05-08,lost,,2026-06-17
LD003249,CMP0015,2026-05-08,new,,
LD003250,CMP0015,2026-05-08,Qualified,,
LD003251,CMP0015,2026-05-08,new,,
LD003252,CMP0015,2026-05-08,NEW ,,
LD003253,CMP0015,2026-05-08,Proposal,,
LD003254,CMP0015,2026-05-08,Qualified,,
LD003255,CMP0015,2026-05-08,proposal ,,
LD003256,CMP0015,2026-05-09,Lost,,2026-05-25
LD003257,CMP0015,2026-05-09,LOST,,2026-05-18
LD003258,CMP0015,2026-05-09,Qualified,,
LD003259,CMP0015,2026-05-09,LOST,,2026-05-26
LD003260,CMP0015,2026-05-09,New,,
LD003261,CMP0015,2026-05-09,Qualified,,
LD003262,CMP0015,2026-05-09,Lost,,2026-05-24
LD003263,CMP0015,2026-05-09,qualified,,
LD003264,CMP0015,2026-05-09,new,,
LD003265,CMP0015,2026-05-10,new,,
LD003266,CMP0015,2026-05-10,new,,
LD003267,CMP0015,2026-05-10,new,,
LD003268,CMP0015,2026-05-10,Qualified,,
LD003269,CMP0015,2026-05-11,Qualified,,
LD003270,CMP0015,2026-05-11,New,,
LD003271,CMP0015,2026-05-11,lost,,2026-06-07
LD003272,CMP0015,2026-05-11,Lost,,2026-05-22
LD003273,CMP0015,2026-05-11,new,,
LD003274,CMP0015,2026-05-11,New,,
LD003275,CMP0015,2026-05-11,Proposal,,
LD003276,CMP0015,2026-05-11,New,,
LD003277,CMP0015,2026-05-11,Lost,,2026-06-05
LD003278,CMP0015,2026-05-11,LOST,,2026-06-15
LD003279,CMP0015,2026-05-11,qualified,,
LD003280,CMP0015,2026-05-11,New,,
LD003281,CMP0015,2026-05-11,LOST,,2026-05-27
LD003282,CMP0015,2026-05-11,Qualified,,
LD003283,CMP0015,2026-05-11,LOST,,2026-06-18
LD003284,CMP0015,2026-05-11,NEW ,,
LD003285,CMP0015,2026-05-11,Lost,,2026-06-12
LD003286,CMP0015,2026-05-12,lost,,2026-06-10
LD003287,CMP0015,2026-05-12,New,,
LD003288,CMP0015,2026-05-12,New,,
LD003289,CMP0015,2026-05-12,NEW ,,
LD003290,CMP0015,2026-05-12,New,,
LD003291,CMP0015,2026-05-12,lost,,2026-05-26
LD003292,CMP0015,2026-05-12,new,,
LD003293,CMP0015,2026-05-12,new,,
LD003294,CMP0015,2026-05-12,Qualified,,
LD003295,CMP0015,2026-05-13,qualified,,
LD003296,CMP0015,2026-05-13,proposal ,,
LD003297,CMP0015,2026-05-13,qualified,,
LD003298,CMP0015,2026-05-13,lost,,2026-06-14
LD003299,CMP0015,2026-05-13,qualified,,
LD003300,CMP0015,2026-05-13,new,,
LD003301,CMP0015,2026-05-14,new,,
LD003302,CMP0015,2026-05-14,qualified,,
LD003303,CMP0015,2026-05-14,lost,,2026-06-22
LD003304,CMP0015,2026-05-14,Qualified,,
LD003305,CMP0015,2026-05-14,LOST,,2026-06-17
LD003306,CMP0015,2026-05-14,Lost,,2026-05-24
LD003307,CMP0015,2026-05-14,NEW ,,
LD003308,CMP0015,2026-05-14,Lost,,2026-05-29
LD003309,CMP0015,2026-05-15,NEW ,,
LD003310,CMP0015,2026-05-15,Lost,,2026-06-18
LD003311,CMP0015,2026-05-15,LOST,,2026-06-07
LD003312,CMP0015,2026-05-15,new,,
LD003313,CMP0015,2026-05-15,New,,
LD003314,CMP0015,2026-05-15,New,,
LD003315,CMP0015,2026-05-15,New,,
LD003316,CMP0015,2026-05-15,Lost,,2026-06-25
LD003317,CMP0015,2026-05-15,Lost,,2026-05-26
LD003318,CMP0015,2026-05-15,LOST,,2026-06-10
LD003319,CMP0015,2026-05-16,qualified,,
LD003320,CMP0015,2026-05-16,NEW ,,
LD003321,CMP0015,2026-05-16,Lost,,2026-06-20
LD003322,CMP0015,2026-05-16,Qualified,,
LD003323,CMP0015,2026-05-16,lost,,2026-05-31
LD003324,CMP0015,2026-05-16,qualified,,
LD003325,CMP0015,2026-05-16,new,,
LD003326,CMP0015,2026-05-17,new,,
LD003327,CMP0015,2026-05-17,Lost,,2026-06-12
LD003328,CMP0015,2026-05-17,NEW ,,
LD003329,CMP0015,2026-05-17,qualified,,
LD003330,CMP0015,2026-05-17,lost,,2026-06-18
LD003331,CMP0015,2026-05-17,qualified,,
LD003332,CMP0015,2026-05-17,Proposal,,
LD003333,CMP0015,2026-05-18,NEW ,,
LD003334,CMP0015,2026-05-18,qualified,,
LD003335,CMP0015,2026-05-18,Lost,,2026-06-15
LD003336,CMP0015,2026-05-18,Qualified,,
LD003337,CMP0015,2026-05-18,won,410100.0,2026-06-23
LD003338,CMP0015,2026-05-18,Proposal,,
LD003339,CMP0015,2026-05-18,Lost,,2026-06-20
LD003340,CMP0015,2026-05-19,new,,
LD003341,CMP0015,2026-05-19,LOST,,2026-06-17
LD003342,CMP0015,2026-05-19,new,,
LD003343,CMP0015,2026-05-19,lost,,2026-06-14
LD003344,CMP0015,2026-05-19,Qualified,,
LD003345,CMP0015,2026-05-19,proposal ,,
LD003346,CMP0015,2026-05-20,New,,
LD003347,CMP0015,2026-05-20,Qualified,,
LD003348,CMP0015,2026-05-20,lost,,2026-06-05
LD003349,CMP0015,2026-05-20,LOST,,2026-07-03
LD003350,CMP0015,2026-05-20,lost,,2026-06-05
LD003351,CMP0015,2026-05-20,Lost,,2026-06-17
LD003352,CMP0015,2026-05-21,LOST,,2026-06-26
LD003353,CMP0015,2026-05-21,qualified,,
LD003354,CMP0015,2026-05-21,new,,
LD003355,CMP0015,2026-05-21,new,,
LD003356,CMP0015,2026-05-21,Qualified,,
LD003357,CMP0015,2026-05-21,LOST,,2026-06-12
LD003358,CMP0015,2026-05-21,LOST,,2026-05-28
LD003359,CMP0015,2026-05-21,NEW ,,
LD003360,CMP0015,2026-05-21,LOST,,2026-07-04
LD003361,CMP0015,2026-05-21,Qualified,,
LD003362,CMP0015,2026-05-21,new,,
LD003363,CMP0015,2026-05-22,New,,
LD003364,CMP0015,2026-05-22,LOST,,2026-06-26
LD003365,CMP0015,2026-05-22,New,,
LD003366,CMP0015,2026-05-22,Lost,,2026-06-23
LD003367,CMP0015,2026-05-22,New,,
LD003368,CMP0015,2026-05-22,Lost,,2026-06-19
LD003369,CMP0015,2026-05-22,New,,
LD003370,CMP0015,2026-05-23,NEW ,,
LD003371,CMP0015,2026-05-23,new,,
LD003372,CMP0015,2026-05-23,LOST,,2026-06-09
LD003373,CMP0015,2026-05-23,Qualified,,
LD003374,CMP0015,2026-05-23,NEW ,,
LD003375,CMP0015,2026-05-24,lost,,2026-06-30
LD003376,CMP0015,2026-05-24,New,,
LD003377,CMP0015,2026-05-24,NEW ,,
LD003378,CMP0015,2026-05-24,lost,,2026-06-04
LD003379,CMP0015,2026-05-24,lost,,2026-06-11
LD003380,CMP0015,2026-05-25,Proposal,,
LD003381,CMP0015,2026-05-25,LOST,,2026-06-01
LD003382,CMP0015,2026-05-25,qualified,,
LD003383,CMP0015,2026-05-25,new,,
LD003384,CMP0015,2026-05-25,qualified,,
LD003385,CMP0015,2026-05-25,new,,
LD003386,CMP0015,2026-05-25,qualified,,
LD003387,CMP0015,2026-05-25,Proposal,,
LD003388,CMP0015,2026-05-25,Proposal,,
LD003389,CMP0015,2026-05-25,LOST,,2026-07-01
LD003390,CMP0015,2026-05-25,qualified,,
LD003391,CMP0015,2026-05-25,NEW ,,
LD003392,CMP0015,2026-05-26,New,,
LD003393,CMP0015,2026-05-26,Qualified,,
LD003394,CMP0015,2026-05-26,New,,
LD003395,CMP0015,2026-05-26,new,,
LD003396,CMP0015,2026-05-26,LOST,,2026-06-08
LD003397,CMP0015,2026-05-26,New,,
LD003398,CMP0015,2026-05-27,NEW ,,
LD003399,CMP0015,2026-05-27,NEW ,,
LD003400,CMP0015,2026-05-27,LOST,,2026-06-20
LD003401,CMP0015,2026-05-27,new,,
LD003402,CMP0015,2026-05-27,lost,,2026-07-01
LD003403,CMP0015,2026-05-27,Lost,,2026-07-04
LD003404,CMP0015,2026-05-27,Proposal,,
LD003405,CMP0015,2026-05-27,NEW ,,
LD003406,CMP0015,2026-05-27,New,,
LD003407,CMP0015,2026-05-27,new,,
LD003408,CMP0015,2026-05-28,Qualified,,
LD003409,CMP0015,2026-05-28,New,,
LD003410,CMP0015,2026-05-28,qualified,,
LD003411,CMP0015,2026-05-28,lost,,2026-06-10
LD003412,CMP0015,2026-05-29,LOST,,2026-06-13
LD003413,CMP0015,2026-05-29,LOST,,2026-07-06
LD003414,CMP0015,2026-05-29,NEW ,,
LD003415,CMP0015,2026-05-29,New,,
LD003416,CMP0015,2026-05-29,qualified,,
LD003417,CMP0015,2026-05-29,Lost,,2026-06-11
LD003418,CMP0015,2026-05-29,Qualified,,
LD003419,CMP0015,2026-05-30,NEW ,,
LD003420,CMP0015,2026-05-30,Qualified,,
LD003421,CMP0015,2026-05-30,NEW ,,
LD003422,CMP0015,2026-05-30,Qualified,,
LD003423,CMP0015,2026-05-30,LOST,,2026-06-22
LD003424,CMP0015,2026-05-30,LOST,,2026-06-28
LD003425,CMP0015,2026-05-30,LOST,,2026-07-03
LD003426,CMP0015,2026-05-30,new,,
LD003427,CMP0015,2026-05-31,qualified,,
LD003428,CMP0015,2026-05-31,lost,,2026-07-07
LD003429,CMP0015,2026-05-31,New,,
LD003430,CMP0015,2026-05-31,qualified,,
LD003431,CMP0015,2026-05-31,Lost,,2026-06-26
LD003432,CMP0015,2026-05-31,Qualified,,
LD003433,CMP0015,2026-05-31,qualified,,
LD003434,CMP0015,2026-05-31,LOST,,2026-07-03
LD003435,CMP0015,2026-05-31,qualified,,
LD003436,CMP0015,2026-06-01,LOST,,2026-06-29
LD003437,CMP0015,2026-06-01,qualified,,
LD003438,CMP0015,2026-06-01,Proposal,,
LD003439,CMP0015,2026-06-01,New,,
LD003440,CMP0015,2026-06-01,qualified,,
LD003441,CMP0015,2026-06-01,qualified,,
LD003442,CMP0015,2026-06-01,NEW ,,
LD003443,CMP0015,2026-06-01,NEW ,,
LD003444,CMP0015,2026-06-01,NEW ,,
LD003445,CMP0015,2026-06-01,new,,
LD003446,CMP0015,2026-06-01,New,,
LD003447,CMP0015,2026-06-01,Proposal,,
LD003448,CMP0015,2026-06-02,Lost,,2026-07-03
LD003449,CMP0015,2026-06-02,New,,
LD003450,CMP0015,2026-06-02,qualified,,
LD003451,CMP0015,2026-06-02,New,,
LD003452,CMP0015,2026-06-02,lost,,2026-07-12
LD003453,CMP0015,2026-06-02,proposal ,,
LD003454,CMP0015,2026-06-02,New,,
LD003455,CMP0015,2026-06-02,NEW ,,
LD003456,CMP0015,2026-06-02,qualified,,
LD003457,CMP0015,2026-06-02,new,,
LD003458,CMP0015,2026-06-02,LOST,,2026-07-04
LD003459,CMP0015,2026-06-03,Proposal,,
LD003460,CMP0015,2026-06-03,Qualified,,
LD003461,CMP0015,2026-06-03,Lost,,2026-06-17
LD003462,CMP0015,2026-06-03,Proposal,,
LD003463,CMP0015,2026-06-03,LOST,,2026-06-16
LD003464,CMP0015,2026-06-03,qualified,,
LD003465,CMP0015,2026-06-03,LOST,,2026-06-28
LD003466,CMP0015,2026-06-03,lost,,2026-07-11
LD003467,CMP0015,2026-06-04,lost,,2026-06-24
LD003468,CMP0015,2026-06-04,Lost,,2026-06-29
LD003469,CMP0015,2026-06-04,New,,
LD003470,CMP0015,2026-06-04,NEW ,,
LD003471,CMP0015,2026-06-04,Proposal,,
LD003472,CMP0015,2026-06-04,NEW ,,
LD003473,CMP0015,2026-06-04,Lost,,2026-06-24
LD003474,CMP0015,2026-06-04,NEW ,,
LD003475,CMP0015,2026-06-04,New,,
LD003476,CMP0015,2026-06-04,qualified,,
LD003477,CMP0015,2026-06-04,new,,
LD003478,CMP0015,2026-06-04,NEW ,,
LD003479,CMP0015,2026-06-04,qualified,,
LD003480,CMP0015,2026-06-05,Lost,,2026-07-11
LD003481,CMP0015,2026-06-05,new,,
LD003482,CMP0015,2026-06-05,qualified,,
LD003483,CMP0015,2026-06-05,new,,
LD003484,CMP0015,2026-06-05,lost,,2026-07-05
LD003485,CMP0015,2026-06-05,New,,
LD003486,CMP0015,2026-06-05,NEW ,,
LD003487,CMP0015,2026-06-05,New,,
LD003488,CMP0015,2026-06-05,Lost,,2026-06-15
LD003489,CMP0015,2026-06-05,LOST,,2026-07-07
LD003490,CMP0015,2026-06-05,Lost,,2026-06-14
LD003491,CMP0015,2026-06-05,new,,
LD003492,CMP0015,2026-06-05,lost,,2026-06-28
LD003493,CMP0015,2026-06-05,new,,
LD003494,CMP0015,2026-06-05,LOST,,2026-07-14
LD003495,CMP0015,2026-06-05,new,,
LD003496,CMP0015,2026-06-06,new,,
LD003497,CMP0015,2026-06-06,Lost,,2026-07-12
LD003498,CMP0015,2026-06-06,LOST,,2026-06-13
LD003499,CMP0015,2026-06-06,Lost,,2026-06-24
LD003500,CMP0015,2026-06-06,LOST,,2026-07-20
LD003501,CMP0015,2026-06-06,qualified,,
LD003502,CMP0015,2026-06-06,lost,,2026-07-09
LD003503,CMP0015,2026-06-06,NEW ,,
LD003504,CMP0015,2026-06-07,qualified,,
LD003505,CMP0015,2026-06-07,Qualified,,
LD003506,CMP0015,2026-06-07,LOST,,2026-07-18
LD003507,CMP0015,2026-06-07,New,,
LD003508,CMP0015,2026-06-07,NEW ,,
LD003509,CMP0015,2026-06-08,lost,,2026-07-15
LD003510,CMP0015,2026-06-08,new,,
LD003511,CMP0015,2026-06-08,Qualified,,
LD003512,CMP0015,2026-06-08,NEW ,,
LD003513,CMP0015,2026-06-08,Lost,,2026-06-15
LD003514,CMP0015,2026-06-08,Qualified,,
LD003515,CMP0015,2026-06-08,New,,
LD003516,CMP0015,2026-06-08,Lost,,2026-07-10
LD003517,CMP0015,2026-06-08,New,,
LD003518,CMP0015,2026-06-08,Lost,,2026-07-19
LD003519,CMP0015,2026-06-08,Lost,,2026-07-21
LD003520,CMP0015,2026-06-08,New,,
LD003521,CMP0015,2026-06-08,Qualified,,
LD003522,CMP0015,2026-06-09,LOST,,2026-06-20
LD003523,CMP0015,2026-06-09,new,,
LD003524,CMP0015,2026-06-09,Lost,,2026-07-06
LD003525,CMP0015,2026-06-09,Qualified,,
LD003526,CMP0015,2026-06-09,LOST,,2026-06-22
LD003527,CMP0015,2026-06-10,lost,,2026-06-27
LD003528,CMP0015,2026-06-10,New,,
LD003529,CMP0015,2026-06-10,NEW ,,
LD003530,CMP0015,2026-06-10,LOST,,2026-07-23
LD003531,CMP0015,2026-06-10,Qualified,,
LD003532,CMP0015,2026-06-10,new,,
LD003533,CMP0015,2026-06-10,new,,
LD003534,CMP0015,2026-06-10,qualified,,
LD003535,CMP0015,2026-06-10,new,,
LD003536,CMP0015,2026-06-11,NEW ,,
LD003537,CMP0015,2026-06-11,New,,
LD003538,CMP0015,2026-06-11,LOST,,2026-07-08
LD003539,CMP0015,2026-06-11,qualified,,
LD003540,CMP0015,2026-06-11,Proposal,,
LD003541,CMP0015,2026-06-11,qualified,,
LD003542,CMP0015,2026-06-12,Lost,,2026-07-06
LD003543,CMP0015,2026-06-12,new,,
LD003544,CMP0015,2026-06-12,qualified,,
LD003545,CMP0015,2026-06-12,New,,
LD003546,CMP0015,2026-06-12,Proposal,,
LD003547,CMP0015,2026-06-12,New,,
LD003548,CMP0016,2025-12-09,proposal ,,
LD003549,CMP0016,2025-12-10,lost,,2026-01-10
LD003550,CMP0016,2025-12-12,New,,
LD003551,CMP0016,2025-12-12,Lost,,2026-01-25
LD003552,CMP0016,2025-12-14,proposal ,,
LD003553,CMP0016,2025-12-15,lost,,2025-12-25
LD003554,CMP0016,2025-12-19,LOST,,2026-01-13
LD003555,CMP0016,2025-12-20,new,,
LD003556,CMP0016,2025-12-21,NEW ,,
LD003557,CMP0016,2025-12-22,new,,
LD003558,CMP0016,2025-12-22,New,,
LD003559,CMP0016,2025-12-23,qualified,,
LD003560,CMP0016,2025-12-23,new,,
LD003561,CMP0016,2025-12-23,Lost,,2026-01-10
LD003562,CMP0016,2025-12-23,Lost,,2026-01-15
LD003563,CMP0016,2025-12-27,NEW ,,
LD003564,CMP0016,2025-12-29,qualified,,
LD003565,CMP0016,2025-12-31,LOST,,2026-02-01
LD003566,CMP0016,2025-12-31,Proposal,,
LD003567,CMP0016,2026-01-01,Qualified,,
LD003568,CMP0016,2026-01-02,LOST,,2026-02-06
LD003569,CMP0016,2026-01-03,Qualified,,
LD003570,CMP0016,2026-01-04,new,,
LD003571,CMP0016,2026-01-04,qualified,,
LD003572,CMP0016,2026-01-05,lost,,2026-02-16
LD003573,CMP0016,2026-01-08,Qualified,,
LD003574,CMP0016,2026-01-13,new,,
LD003575,CMP0016,2026-01-17,qualified,,
LD003576,CMP0016,2026-01-23,Lost,,2026-02-21
LD003577,CMP0016,2026-01-23,New,,
LD003578,CMP0016,2026-01-25,Qualified,,
LD003579,CMP0016,2026-01-25,New,,
LD003580,CMP0016,2026-01-27,new,,
LD003581,CMP0016,2026-01-31,New,,
LD003582,CMP0016,2026-01-31,NEW ,,
LD003583,CMP0016,2026-02-01,Qualified,,
LD003584,CMP0016,2026-02-03,Qualified,,
LD003585,CMP0016,2026-02-03,qualified,,
LD003586,CMP0016,2026-02-03,NEW ,,
LD003587,CMP0016,2026-02-03,Qualified,,
LD003588,CMP0016,2026-02-04,Lost,,2026-03-05
LD003589,CMP0016,2026-02-07,qualified,,
LD003590,CMP0016,2026-02-08,lost,,2026-03-21
LD003591,CMP0016,2026-02-10,qualified,,
LD003592,CMP0016,2026-02-10,Qualified,,
LD003593,CMP0016,2026-02-14,new,,
LD003594,CMP0016,2026-02-18,qualified,,
LD003595,CMP0016,2026-02-19,qualified,,
LD003596,CMP0016,2026-02-19,Qualified,,
LD003597,CMP0016,2026-02-22,NEW ,,
LD003598,CMP0016,2026-02-23,NEW ,,
LD003599,CMP0016,2026-02-23,Qualified,,
LD003600,CMP0016,2026-02-23,LOST,,2026-03-20
LD003601,CMP0016,2026-02-24,qualified,,
LD003602,CMP0016,2026-02-25,lost,,2026-03-18
LD003603,CMP0016,2026-02-25,Qualified,,
LD003604,CMP0016,2026-02-27,Lost,,2026-03-25
LD003605,CMP0016,2026-02-27,qualified,,
LD003606,CMP0016,2026-02-28,Qualified,,
LD003607,CMP0016,2026-02-28,qualified,,
LD003608,CMP0016,2026-02-28,Lost,,2026-03-18
LD003609,CMP0016,2026-03-02,NEW ,,
LD003610,CMP0016,2026-03-05,LOST,,2026-03-16
LD003611,CMP0016,2026-03-06,Lost,,2026-04-06
LD003612,CMP0016,2026-03-06,LOST,,2026-04-11
LD003613,CMP0016,2026-03-07,Won,188000.0,2026-03-30
LD003614,CMP0016,2026-03-08,Qualified,,
LD003615,CMP0016,2026-03-08,LOST,,2026-04-03
LD003616,CMP0016,2026-03-09,New,,
LD003617,CMP0016,2026-03-10,NEW ,,
LD003618,CMP0016,2026-03-11,WON,265400.0,2026-05-07
LD003619,CMP0016,2026-03-12,lost,,2026-03-28
LD003620,CMP0016,2026-03-15,New,,
LD003621,CMP0016,2026-03-18,Lost,,2026-03-28
LD003622,CMP0016,2026-03-20,Qualified,,
LD003623,CMP0016,2026-03-22,new,,
LD003624,CMP0016,2026-03-23,Proposal,,
LD003625,CMP0016,2026-03-24,new,,
LD003626,CMP0016,2026-03-27,qualified,,
LD003627,CMP0016,2026-03-30,New,,
LD003628,CMP0016,2026-03-31,qualified,,
LD003629,CMP0016,2026-03-31,NEW ,,
LD003630,CMP0016,2026-04-01,WON,173300.0,2026-05-17
LD003631,CMP0016,2026-04-02,LOST,,2026-04-16
LD003632,CMP0016,2026-04-02,Proposal,,
LD003633,CMP0016,2026-04-03,Lost,,2026-04-13
LD003634,CMP0016,2026-04-03,NEW ,,
LD003635,CMP0016,2026-04-06,New,,
LD003636,CMP0016,2026-04-07,lost,,2026-05-05
LD003637,CMP0016,2026-04-07,New,,
LD003638,CMP0016,2026-04-07,qualified,,
LD003639,CMP0016,2026-04-07,new,,
LD003640,CMP0016,2026-04-07,lost,,2026-05-15
LD003641,CMP0017,2025-12-27,new,,
LD003642,CMP0017,2025-12-27,qualified,,
LD003643,CMP0017,2025-12-27,lost,,2026-01-13
LD003644,CMP0017,2025-12-27,Qualified,,
LD003645,CMP0017,2025-12-27,New,,
LD003646,CMP0017,2025-12-27,NEW ,,
LD003647,CMP0017,2025-12-28,qualified,,
LD003648,CMP0017,2025-12-28,New,,
LD003649,CMP0017,2025-12-28,LOST,,2026-01-12
LD003650,CMP0017,2025-12-28,Qualified,,
LD003651,CMP0017,2025-12-28,Qualified,,
LD003652,CMP0017,2025-12-28,qualified,,
LD003653,CMP0017,2025-12-28,New,,
LD003654,CMP0017,2025-12-28,lost,,2026-01-07
LD003655,CMP0017,2025-12-28,qualified,,
LD003656,CMP0017,2025-12-29,NEW ,,
LD003657,CMP0017,2025-12-29,lost,,2026-02-04
LD003658,CMP0017,2025-12-29,Lost,,2026-02-11
LD003659,CMP0017,2025-12-29,qualified,,
LD003660,CMP0017,2025-12-29,Lost,,2026-02-05
LD003661,CMP0017,2025-12-29,new,,
LD003662,CMP0017,2025-12-29,NEW ,,
LD003663,CMP0017,2025-12-29,Qualified,,
LD003664,CMP0017,2025-12-29,NEW ,,
LD003665,CMP0017,2025-12-29,New,,
LD003666,CMP0017,2025-12-29,lost,,2026-02-09
LD003667,CMP0017,2025-12-29,qualified,,
LD003668,CMP0017,2025-12-29,NEW ,,
LD003669,CMP0017,2025-12-29,Lost,,2026-01-15
LD003670,CMP0017,2025-12-29,Lost,,2026-01-08
LD003671,CMP0017,2025-12-29,Qualified,,
LD003672,CMP0017,2025-12-29,Qualified,,
LD003673,CMP0017,2025-12-30,proposal ,,
LD003674,CMP0017,2025-12-30,NEW ,,
LD003675,CMP0017,2025-12-30,LOST,,2026-02-12
LD003676,CMP0017,2025-12-30,WON,232800.0,2026-02-16
LD003677,CMP0017,2025-12-30,LOST,,2026-01-10
LD003678,CMP0017,2025-12-30,Qualified,,
LD003679,CMP0017,2025-12-30,New,,
LD003680,CMP0017,2025-12-30,qualified,,
LD003681,CMP0017,2025-12-30,qualified,,
LD003682,CMP0017,2025-12-30,LOST,,2026-01-12
LD003683,CMP0017,2025-12-30,New,,
LD003684,CMP0017,2025-12-30,NEW ,,
LD003685,CMP0017,2025-12-30,lost,,2026-01-30
LD003686,CMP0017,2025-12-30,Lost,,2026-01-31
LD003687,CMP0017,2025-12-31,lost,,2026-01-26
LD003688,CMP0017,2025-12-31,NEW ,,
LD003689,CMP0017,2025-12-31,Won ,179000.0,2026-01-23
LD003690,CMP0017,2025-12-31,Lost,,2026-01-24
LD003691,CMP0017,2025-12-31,new,,
LD003692,CMP0017,2025-12-31,Qualified,,
LD003693,CMP0017,2025-12-31,Qualified,,
LD003694,CMP0017,2026-01-01,NEW ,,
LD003695,CMP0017,2026-01-01,NEW ,,
LD003696,CMP0017,2026-01-01,Qualified,,
LD003697,CMP0017,2026-01-01,Qualified,,
LD003698,CMP0017,2026-01-01,Proposal,,
LD003699,CMP0017,2026-01-01,qualified,,
LD003700,CMP0017,2026-01-01,new,,
LD003701,CMP0017,2026-01-01,Qualified,,
LD003702,CMP0017,2026-01-01,qualified,,
LD003703,CMP0017,2026-01-01,new,,
LD003704,CMP0017,2026-01-01,LOST,,2026-02-02
LD003705,CMP0017,2026-01-02,NEW ,,
LD003706,CMP0017,2026-01-02,NEW ,,
LD003707,CMP0017,2026-01-02,NEW ,,
LD003708,CMP0017,2026-01-02,lost,,2026-01-11
LD003709,CMP0017,2026-01-02,NEW ,,
LD003710,CMP0017,2026-01-02,LOST,,2026-02-15
LD003711,CMP0017,2026-01-02,lost,,2026-01-13
LD003712,CMP0017,2026-01-02,LOST,,2026-01-24
LD003713,CMP0017,2026-01-02,lost,,2026-01-09
LD003714,CMP0017,2026-01-02,lost,,2026-01-21
LD003715,CMP0017,2026-01-02,new,,
LD003716,CMP0017,2026-01-02,qualified,,
LD003717,CMP0017,2026-01-02,LOST,,2026-02-15
LD003718,CMP0017,2026-01-02,Lost,,2026-02-13
LD003719,CMP0017,2026-01-02,Lost,,2026-02-02
LD003720,CMP0017,2026-01-02,Lost,,2026-01-09
LD003721,CMP0017,2026-01-03,new,,
LD003722,CMP0017,2026-01-03,New,,
LD003723,CMP0017,2026-01-03,New,,
LD003724,CMP0017,2026-01-03,New,,
LD003725,CMP0017,2026-01-03,new,,
LD003726,CMP0017,2026-01-03,LOST,,2026-01-12
LD003727,CMP0017,2026-01-04,Qualified,,
LD003728,CMP0017,2026-01-04,New,,
LD003729,CMP0017,2026-01-04,lost,,2026-01-22
LD003730,CMP0017,2026-01-04,Qualified,,
LD003731,CMP0017,2026-01-04,new,,
LD003732,CMP0017,2026-01-04,lost,,2026-02-11
LD003733,CMP0017,2026-01-04,proposal ,,
LD003734,CMP0017,2026-01-04,lost,,2026-02-06
LD003735,CMP0017,2026-01-05,NEW ,,
LD003736,CMP0017,2026-01-05,new,,
LD003737,CMP0017,2026-01-05,LOST,,2026-02-17
LD003738,CMP0017,2026-01-05,Lost,,2026-01-12
LD003739,CMP0017,2026-01-05,Qualified,,
LD003740,CMP0017,2026-01-05,new,,
LD003741,CMP0017,2026-01-05,proposal ,,
LD003742,CMP0017,2026-01-06,qualified,,
LD003743,CMP0017,2026-01-06,NEW ,,
LD003744,CMP0017,2026-01-06,LOST,,2026-02-13
LD003745,CMP0017,2026-01-06,lost,,2026-02-19
LD003746,CMP0017,2026-01-06,New,,
LD003747,CMP0017,2026-01-06,new,,
LD003748,CMP0017,2026-01-06,qualified,,
LD003749,CMP0017,2026-01-06,won,471000.0,2026-02-13
LD003750,CMP0017,2026-01-06,Qualified,,
LD003751,CMP0017,2026-01-06,lost,,2026-02-07
LD003752,CMP0017,2026-01-06,new,,
LD003753,CMP0017,2026-01-06,New,,
LD003754,CMP0017,2026-01-06,Proposal,,
LD003755,CMP0017,2026-01-07,qualified,,
LD003756,CMP0017,2026-01-07,NEW ,,
LD003757,CMP0017,2026-01-07,Won,128000.0,2026-02-04
LD003758,CMP0017,2026-01-07,lost,,2026-01-15
LD003759,CMP0017,2026-01-07,LOST,,2026-01-21
LD003760,CMP0017,2026-01-07,Qualified,,
LD003761,CMP0017,2026-01-07,NEW ,,
LD003762,CMP0017,2026-01-07,Qualified,,
LD003763,CMP0017,2026-01-07,Qualified,,
LD003764,CMP0017,2026-01-07,proposal ,,
LD003765,CMP0017,2026-01-07,New,,
LD003766,CMP0017,2026-01-07,Won,196300.0,2026-02-01
LD003767,CMP0017,2026-01-07,Qualified,,
LD003768,CMP0017,2026-01-07,new,,
LD003769,CMP0017,2026-01-08,qualified,,
LD003770,CMP0017,2026-01-08,new,,
LD003771,CMP0017,2026-01-08,new,,
LD003772,CMP0017,2026-01-08,LOST,,2026-02-04
LD003773,CMP0017,2026-01-08,lost,,2026-01-28
LD003774,CMP0017,2026-01-08,New,,
LD003775,CMP0017,2026-01-08,lost,,2026-02-15
LD003776,CMP0017,2026-01-08,New,,
LD003777,CMP0017,2026-01-08,qualified,,
LD003778,CMP0017,2026-01-09,new,,
LD003779,CMP0017,2026-01-09,qualified,,
LD003780,CMP0017,2026-01-09,LOST,,2026-02-02
LD003781,CMP0017,2026-01-09,LOST,,2026-02-12
LD003782,CMP0017,2026-01-09,qualified,,
LD003783,CMP0017,2026-01-09,lost,,2026-01-31
LD003784,CMP0017,2026-01-09,LOST,,2026-02-16
LD003785,CMP0017,2026-01-10,NEW ,,
LD003786,CMP0017,2026-01-10,new,,
LD003787,CMP0017,2026-01-10,lost,,2026-01-30
LD003788,CMP0017,2026-01-10,LOST,,2026-02-08
LD003789,CMP0017,2026-01-11,qualified,,
LD003790,CMP0017,2026-01-11,LOST,,2026-01-26
LD003791,CMP0017,2026-01-11,Qualified,,
LD003792,CMP0017,2026-01-11,Lost,,2026-02-23
LD003793,CMP0017,2026-01-11,Lost,,2026-02-06
LD003794,CMP0017,2026-01-11,Proposal,,
LD003795,CMP0017,2026-01-11,New,,
LD003796,CMP0017,2026-01-11,NEW ,,
LD003797,CMP0017,2026-01-11,NEW ,,
LD003798,CMP0017,2026-01-11,LOST,,2026-02-19
LD003799,CMP0017,2026-01-11,New,,
LD003800,CMP0017,2026-01-11,new,,
LD003801,CMP0017,2026-01-11,LOST,,2026-02-07
LD003802,CMP0017,2026-01-12,proposal ,,
LD003803,CMP0017,2026-01-12,LOST,,2026-02-20
LD003804,CMP0017,2026-01-12,New,,
LD003805,CMP0017,2026-01-12,new,,
LD003806,CMP0017,2026-01-12,lost,,2026-01-21
LD003807,CMP0017,2026-01-12,New,,
LD003808,CMP0017,2026-01-12,qualified,,
LD003809,CMP0017,2026-01-12,New,,
LD003810,CMP0017,2026-01-12,LOST,,2026-02-02
LD003811,CMP0017,2026-01-12,Qualified,,
LD003812,CMP0017,2026-01-12,Qualified,,
LD003813,CMP0017,2026-01-13,qualified,,
LD003814,CMP0017,2026-01-13,Qualified,,
LD003815,CMP0017,2026-01-13,LOST,,2026-02-14
LD003816,CMP0017,2026-01-13,new,,
LD003817,CMP0017,2026-01-13,qualified,,
LD003818,CMP0017,2026-01-13,Proposal,,
LD003819,CMP0017,2026-01-13,NEW ,,
LD003820,CMP0017,2026-01-13,Lost,,2026-02-09
LD003821,CMP0017,2026-01-13,qualified,,
LD003822,CMP0017,2026-01-13,NEW ,,
LD003823,CMP0017,2026-01-13,qualified,,
LD003824,CMP0017,2026-01-13,qualified,,
LD003825,CMP0017,2026-01-13,lost,,2026-02-21
LD003826,CMP0017,2026-01-14,LOST,,2026-01-28
LD003827,CMP0017,2026-01-14,Lost,,2026-02-12
LD003828,CMP0017,2026-01-14,qualified,,
LD003829,CMP0017,2026-01-14,Lost,,2026-01-24
LD003830,CMP0017,2026-01-14,Lost,,2026-01-24
LD003831,CMP0017,2026-01-14,LOST,,2026-01-29
LD003832,CMP0017,2026-01-14,lost,,2026-02-15
LD003833,CMP0017,2026-01-14,Lost,,2026-02-02
LD003834,CMP0017,2026-01-14,qualified,,
LD003835,CMP0017,2026-01-14,qualified,,
LD003836,CMP0017,2026-01-14,new,,
LD003837,CMP0017,2026-01-14,Lost,,2026-02-18
LD003838,CMP0017,2026-01-14,qualified,,
LD003839,CMP0017,2026-01-14,lost,,2026-01-31
LD003840,CMP0017,2026-01-14,Qualified,,
LD003841,CMP0017,2026-01-15,New,,
LD003842,CMP0017,2026-01-15,lost,,2026-02-10
LD003843,CMP0017,2026-01-15,Qualified,,
LD003844,CMP0017,2026-01-15,LOST,,2026-02-24
LD003845,CMP0017,2026-01-15,NEW ,,
LD003846,CMP0017,2026-01-15,lost,,2026-02-21
LD003847,CMP0017,2026-01-15,New,,
LD003848,CMP0017,2026-01-15,New,,
LD003849,CMP0017,2026-01-15,qualified,,
LD003850,CMP0017,2026-01-15,qualified,,
LD003851,CMP0017,2026-01-15,New,,
LD003852,CMP0017,2026-01-15,Qualified,,
LD003853,CMP0017,2026-01-15,new,,
LD003854,CMP0017,2026-01-15,Proposal,,
LD003855,CMP0017,2026-01-16,New,,
LD003856,CMP0017,2026-01-16,New,,
LD003857,CMP0017,2026-01-16,Qualified,,
LD003858,CMP0017,2026-01-16,new,,
LD003859,CMP0017,2026-01-16,new,,
LD003860,CMP0017,2026-01-16,New,,
LD003861,CMP0017,2026-01-16,Lost,,2026-01-30
LD003862,CMP0017,2026-01-16,new,,
LD003863,CMP0017,2026-01-16,new,,
LD003864,CMP0017,2026-01-16,NEW ,,
LD003865,CMP0017,2026-01-17,lost,,2026-02-02
LD003866,CMP0017,2026-01-17,lost,,2026-02-04
LD003867,CMP0017,2026-01-17,Lost,,2026-02-07
LD003868,CMP0017,2026-01-17,LOST,,2026-02-08
LD003869,CMP0017,2026-01-17,NEW ,,
LD003870,CMP0017,2026-01-17,New,,
LD003871,CMP0017,2026-01-17,lost,,2026-01-29
LD003872,CMP0017,2026-01-17,New,,
LD003873,CMP0017,2026-01-17,Lost,,2026-02-27
LD003874,CMP0017,2026-01-18,new,,
LD003875,CMP0017,2026-01-18,lost,,2026-03-03
LD003876,CMP0017,2026-01-18,lost,,2026-02-16
LD003877,CMP0017,2026-01-18,new,,
LD003878,CMP0017,2026-01-18,new,,
LD003879,CMP0017,2026-01-19,Qualified,,
LD003880,CMP0017,2026-01-19,Lost,,2026-02-10
LD003881,CMP0017,2026-01-19,Proposal,,
LD003882,CMP0017,2026-01-19,Proposal,,
LD003883,CMP0017,2026-01-19,Qualified,,
LD003884,CMP0017,2026-01-19,new,,
LD003885,CMP0017,2026-01-19,Lost,,2026-01-30
LD003886,CMP0017,2026-01-19,lost,,2026-02-14
LD003887,CMP0017,2026-01-19,qualified,,
LD003888,CMP0017,2026-01-19,lost,,2026-02-07
LD003889,CMP0017,2026-01-19,lost,,2026-02-14
LD003890,CMP0017,2026-01-19,NEW ,,
LD003891,CMP0017,2026-01-19,new,,
LD003892,CMP0017,2026-01-19,Won ,169800.0,2026-02-18
LD003893,CMP0017,2026-01-19,lost,,2026-02-05
LD003894,CMP0017,2026-01-20,Qualified,,
LD003895,CMP0017,2026-01-20,qualified,,
LD003896,CMP0017,2026-01-20,Qualified,,
LD003897,CMP0017,2026-01-20,WON,103700.0,2026-03-07
LD003898,CMP0017,2026-01-20,LOST,,2026-02-12
LD003899,CMP0017,2026-01-20,NEW ,,
LD003900,CMP0017,2026-01-20,lost,,2026-02-18
LD003901,CMP0017,2026-01-20,proposal ,,
LD003902,CMP0017,2026-01-20,qualified,,
LD003903,CMP0017,2026-01-20,Lost,,2026-01-27
LD003904,CMP0017,2026-01-21,NEW ,,
LD003905,CMP0017,2026-01-21,New,,
LD003906,CMP0017,2026-01-21,New,,
LD003907,CMP0017,2026-01-21,new,,
LD003908,CMP0017,2026-01-21,Qualified,,
LD003909,CMP0017,2026-01-21,new,,
LD003910,CMP0017,2026-01-21,NEW ,,
LD003911,CMP0017,2026-01-22,Qualified,,
LD003912,CMP0017,2026-01-22,New,,
LD003913,CMP0017,2026-01-22,LOST,,2026-03-07
LD003914,CMP0017,2026-01-22,qualified,,
LD003915,CMP0017,2026-01-22,Lost,,2026-02-21
LD003916,CMP0017,2026-01-22,WON,343200.0,2026-03-18
LD003917,CMP0017,2026-01-22,proposal ,,
LD003918,CMP0017,2026-01-22,Lost,,2026-03-05
LD003919,CMP0017,2026-01-22,Qualified,,
LD003920,CMP0017,2026-01-23,New,,
LD003921,CMP0017,2026-01-23,LOST,,2026-03-03
LD003922,CMP0017,2026-01-23,qualified,,
LD003923,CMP0017,2026-01-23,New,,
LD003924,CMP0017,2026-01-23,LOST,,2026-02-19
LD003925,CMP0017,2026-01-23,LOST,,2026-02-18
LD003926,CMP0017,2026-01-23,lost,,2026-02-24
LD003927,CMP0017,2026-01-23,New,,
LD003928,CMP0017,2026-01-23,Lost,,2026-03-08
LD003929,CMP0017,2026-01-23,New,,
LD003930,CMP0017,2026-01-23,qualified,,
LD003931,CMP0017,2026-01-23,LOST,,2026-02-04
LD003932,CMP0017,2026-01-23,Qualified,,
LD003933,CMP0017,2026-01-23,lost,,2026-02-08
LD003934,CMP0017,2026-01-23,qualified,,
LD003935,CMP0017,2026-01-24,Qualified,,
LD003936,CMP0017,2026-01-24,NEW ,,
LD003937,CMP0017,2026-01-24,Proposal,,
LD003938,CMP0017,2026-01-24,LOST,,2026-02-24
LD003939,CMP0017,2026-01-24,LOST,,2026-03-09
LD003940,CMP0017,2026-01-24,proposal ,,
LD003941,CMP0017,2026-01-24,NEW ,,
LD003942,CMP0017,2026-01-25,LOST,,2026-03-02
LD003943,CMP0017,2026-01-25,NEW ,,
LD003944,CMP0017,2026-01-25,Lost,,2026-02-22
LD003945,CMP0017,2026-01-25,New,,
LD003946,CMP0017,2026-01-25,New,,
LD003947,CMP0017,2026-01-25,new,,
LD003948,CMP0017,2026-01-25,Lost,,2026-02-14
LD003949,CMP0017,2026-01-25,new,,
LD003950,CMP0017,2026-01-25,Qualified,,
LD003951,CMP0017,2026-01-25,qualified,,
LD003952,CMP0017,2026-01-25,lost,,2026-02-24
LD003953,CMP0017,2026-01-25,LOST,,2026-02-22
LD003954,CMP0017,2026-01-25,qualified,,
LD003955,CMP0017,2026-01-26,new,,
LD003956,CMP0017,2026-01-26,new,,
LD003957,CMP0017,2026-01-26,LOST,,2026-02-04
LD003958,CMP0017,2026-01-26,proposal ,,
LD003959,CMP0017,2026-01-26,proposal ,,
LD003960,CMP0017,2026-01-26,lost,,2026-03-06
LD003961,CMP0017,2026-01-27,NEW ,,
LD003962,CMP0017,2026-01-27,LOST,,2026-03-11
LD003963,CMP0017,2026-01-27,qualified,,
LD003964,CMP0017,2026-01-27,Qualified,,
LD003965,CMP0017,2026-01-27,NEW ,,
LD003966,CMP0017,2026-01-27,LOST,,2026-02-21
LD003967,CMP0017,2026-01-27,Won,196000.0,2026-02-25
LD003968,CMP0017,2026-01-27,won,130600.0,2026-02-28
LD003969,CMP0017,2026-01-27,Lost,,2026-02-07
LD003970,CMP0017,2026-01-28,Qualified,,
LD003971,CMP0017,2026-01-28,lost,,2026-03-07
LD003972,CMP0017,2026-01-28,Qualified,,
LD003973,CMP0017,2026-01-28,qualified,,
LD003974,CMP0017,2026-01-28,new,,
LD003975,CMP0017,2026-01-28,Lost,,2026-02-27
LD003976,CMP0017,2026-01-28,New,,
LD003977,CMP0017,2026-01-28,Won,266800.0,2026-03-21
LD003978,CMP0017,2026-01-28,new,,
LD003979,CMP0017,2026-01-28,WON,109400.0,2026-03-23
LD003980,CMP0017,2026-01-29,New,,
LD003981,CMP0017,2026-01-29,New,,
LD003982,CMP0017,2026-01-29,LOST,,2026-02-15
LD003983,CMP0017,2026-01-29,won,249700.0,2026-02-15
LD003984,CMP0017,2026-01-29,NEW ,,
LD003985,CMP0017,2026-01-29,Lost,,2026-02-28
LD003986,CMP0017,2026-01-29,New,,
LD003987,CMP0017,2026-01-29,NEW ,,
LD003988,CMP0017,2026-01-29,Lost,,2026-02-24
LD003989,CMP0017,2026-01-30,New,,
LD003990,CMP0017,2026-01-30,Qualified,,
LD003991,CMP0017,2026-01-30,Lost,,2026-03-13
LD003992,CMP0017,2026-01-30,new,,
LD003993,CMP0017,2026-01-30,qualified,,
LD003994,CMP0017,2026-01-30,New,,
LD003995,CMP0017,2026-01-30,qualified,,
LD003996,CMP0017,2026-01-30,new,,
LD003997,CMP0017,2026-01-30,qualified,,
LD003998,CMP0017,2026-01-30,qualified,,
LD003999,CMP0017,2026-01-30,New,,
LD004000,CMP0017,2026-01-30,Lost,,2026-02-06
LD004001,CMP0017,2026-01-30,NEW ,,
LD004002,CMP0017,2026-01-30,New,,
LD004003,CMP0017,2026-01-31,new,,
LD004004,CMP0017,2026-01-31,qualified,,
LD004005,CMP0017,2026-01-31,Qualified,,
LD004006,CMP0017,2026-01-31,lost,,2026-02-07
LD004007,CMP0017,2026-01-31,New,,
LD004008,CMP0017,2026-01-31,qualified,,
LD004009,CMP0017,2026-01-31,NEW ,,
LD004010,CMP0017,2026-01-31,LOST,,2026-03-05
LD004011,CMP0017,2026-01-31,qualified,,
LD004012,CMP0017,2026-01-31,qualified,,
LD004013,CMP0017,2026-01-31,New,,
LD004014,CMP0017,2026-01-31,qualified,,
LD004015,CMP0017,2026-02-01,Lost,,2026-02-18
LD004016,CMP0017,2026-02-01,NEW ,,
LD004017,CMP0017,2026-02-01,qualified,,
LD004018,CMP0017,2026-02-01,lost,,2026-02-26
LD004019,CMP0017,2026-02-01,NEW ,,
LD004020,CMP0017,2026-02-01,LOST,,2026-02-27
LD004021,CMP0017,2026-02-01,Qualified,,
LD004022,CMP0017,2026-02-01,LOST,,2026-02-12
LD004023,CMP0017,2026-02-01,LOST,,2026-03-04
LD004024,CMP0017,2026-02-01,qualified,,
LD004025,CMP0017,2026-02-01,qualified,,
LD004026,CMP0017,2026-02-01,new,,
LD004027,CMP0017,2026-02-01,qualified,,
LD004028,CMP0017,2026-02-01,LOST,,2026-03-07
LD004029,CMP0017,2026-02-01,Lost,,2026-02-18
LD004030,CMP0017,2026-02-01,new,,
LD004031,CMP0017,2026-02-01,new,,
LD004032,CMP0017,2026-02-02,Qualified,,
LD004033,CMP0017,2026-02-02,LOST,,2026-02-28
LD004034,CMP0017,2026-02-02,LOST,,2026-03-03
LD004035,CMP0017,2026-02-02,Won,184800.0,2026-02-22
LD004036,CMP0017,2026-02-02,Proposal,,
LD004037,CMP0017,2026-02-02,Qualified,,
LD004038,CMP0017,2026-02-02,lost,,2026-02-25
LD004039,CMP0017,2026-02-02,lost,,2026-03-04
LD004040,CMP0017,2026-02-02,qualified,,
LD004041,CMP0017,2026-02-02,new,,
LD004042,CMP0017,2026-02-03,Qualified,,
LD004043,CMP0017,2026-02-03,Lost,,2026-03-10
LD004044,CMP0017,2026-02-03,Proposal,,
LD004045,CMP0017,2026-02-03,Qualified,,
LD004046,CMP0017,2026-02-03,Lost,,2026-03-08
LD004047,CMP0017,2026-02-03,qualified,,
LD004048,CMP0017,2026-02-03,New,,
LD004049,CMP0017,2026-02-03,WON,143900.0,2026-03-29
LD004050,CMP0017,2026-02-03,New,,
LD004051,CMP0017,2026-02-03,Lost,,2026-03-18
LD004052,CMP0017,2026-02-03,Lost,,2026-03-06
LD004053,CMP0017,2026-02-03,NEW ,,
LD004054,CMP0017,2026-02-03,New,,
LD004055,CMP0017,2026-02-04,lost,,2026-03-11
LD004056,CMP0017,2026-02-04,NEW ,,
LD004057,CMP0017,2026-02-04,Lost,,2026-02-11
LD004058,CMP0017,2026-02-04,NEW ,,
LD004059,CMP0017,2026-02-04,New,,
LD004060,CMP0017,2026-02-04,qualified,,
LD004061,CMP0017,2026-02-04,NEW ,,
LD004062,CMP0017,2026-02-04,lost,,2026-02-20
LD004063,CMP0017,2026-02-04,new,,
LD004064,CMP0017,2026-02-04,Lost,,2026-02-17
LD004065,CMP0017,2026-02-04,New,,
LD004066,CMP0017,2026-02-04,New,,
LD004067,CMP0017,2026-02-04,Won ,275200.0,2026-03-25
LD004068,CMP0017,2026-02-04,Qualified,,
LD004069,CMP0017,2026-02-04,LOST,,2026-03-03
LD004070,CMP0017,2026-02-04,qualified,,
LD004071,CMP0017,2026-02-05,Lost,,2026-03-11
LD004072,CMP0017,2026-02-05,qualified,,
LD004073,CMP0017,2026-02-05,Lost,,2026-03-17
LD004074,CMP0017,2026-02-05,LOST,,2026-02-19
LD004075,CMP0017,2026-02-05,lost,,2026-02-16
LD004076,CMP0017,2026-02-05,lost,,2026-02-21
LD004077,CMP0017,2026-02-05,Lost,,2026-03-19
LD004078,CMP0017,2026-02-05,Lost,,2026-03-12
LD004079,CMP0017,2026-02-05,lost,,2026-02-19
LD004080,CMP0017,2026-02-05,Lost,,2026-02-20
LD004081,CMP0017,2026-02-05,qualified,,
LD004082,CMP0017,2026-02-05,New,,
LD004083,CMP0017,2026-02-06,new,,
LD004084,CMP0017,2026-02-06,new,,
LD004085,CMP0017,2026-02-06,New,,
LD004086,CMP0017,2026-02-06,LOST,,2026-02-17
LD004087,CMP0017,2026-02-06,New,,
LD004088,CMP0017,2026-02-06,Lost,,2026-03-01
LD004089,CMP0017,2026-02-06,new,,
LD004090,CMP0017,2026-02-06,NEW ,,
LD004091,CMP0017,2026-02-06,new,,
LD004092,CMP0017,2026-02-06,Lost,,2026-02-16
LD004093,CMP0017,2026-02-06,Lost,,2026-02-19
LD004094,CMP0017,2026-02-07,LOST,,2026-03-18
LD004095,CMP0017,2026-02-07,WON,172900.0,2026-03-11
LD004096,CMP0017,2026-02-07,Lost,,2026-03-15
LD004097,CMP0017,2026-02-07,NEW ,,
LD004098,CMP0017,2026-02-07,LOST,,2026-03-11
LD004099,CMP0017,2026-02-07,NEW ,,
LD004100,CMP0017,2026-02-07,NEW ,,
LD004101,CMP0017,2026-02-07,new,,
LD004102,CMP0017,2026-02-07,NEW ,,
LD004103,CMP0017,2026-02-08,new,,
LD004104,CMP0017,2026-02-08,lost,,2026-02-15
LD004105,CMP0017,2026-02-08,lost,,2026-02-20
LD004106,CMP0017,2026-02-08,LOST,,2026-02-21
LD004107,CMP0017,2026-02-08,Won,488700.0,2026-02-28
LD004108,CMP0017,2026-02-08,qualified,,
LD004109,CMP0017,2026-02-08,Won,273100.0,2026-03-29
LD004110,CMP0017,2026-02-08,New,,
LD004111,CMP0017,2026-02-08,Lost,,2026-02-26
LD004112,CMP0017,2026-02-08,LOST,,2026-02-21
LD004113,CMP0017,2026-02-08,NEW ,,
LD004114,CMP0017,2026-02-09,lost,,2026-02-16
LD004115,CMP0017,2026-02-09,New,,
LD004116,CMP0017,2026-02-09,new,,
LD004117,CMP0017,2026-02-09,new,,
LD004118,CMP0017,2026-02-09,lost,,2026-03-06
LD004119,CMP0017,2026-02-09,lost,,2026-03-01
LD004120,CMP0017,2026-02-09,lost,,2026-03-03
LD004121,CMP0017,2026-02-09,LOST,,2026-03-06
LD004122,CMP0017,2026-02-09,lost,,2026-03-16
LD004123,CMP0017,2026-02-09,Lost,,2026-02-25
LD004124,CMP0017,2026-02-09,LOST,,2026-03-04
LD004125,CMP0017,2026-02-09,NEW ,,
LD004126,CMP0017,2026-02-09,qualified,,
LD004127,CMP0017,2026-02-10,Lost,,2026-03-04
LD004128,CMP0017,2026-02-10,NEW ,,
LD004129,CMP0017,2026-02-10,new,,
LD004130,CMP0017,2026-02-10,NEW ,,
LD004131,CMP0017,2026-02-10,new,,
LD004132,CMP0017,2026-02-10,LOST,,2026-02-26
LD004133,CMP0017,2026-02-10,proposal ,,
LD004134,CMP0017,2026-02-10,New,,
LD004135,CMP0017,2026-02-10,Won ,183000.0,2026-04-03
LD004136,CMP0017,2026-02-10,New,,
LD004137,CMP0017,2026-02-10,Qualified,,
LD004138,CMP0017,2026-02-10,Lost,,2026-03-12
LD004139,CMP0017,2026-02-10,lost,,2026-03-02
LD004140,CMP0017,2026-02-10,new,,
LD004141,CMP0017,2026-02-10,Lost,,2026-03-20
LD004142,CMP0017,2026-02-10,Qualified,,
LD004143,CMP0017,2026-02-10,new,,
LD004144,CMP0017,2026-02-10,Qualified,,
LD004145,CMP0017,2026-02-11,new,,
LD004146,CMP0017,2026-02-11,New,,
LD004147,CMP0017,2026-02-11,Qualified,,
LD004148,CMP0017,2026-02-11,New,,
LD004149,CMP0017,2026-02-11,qualified,,
LD004150,CMP0017,2026-02-11,lost,,2026-02-23
LD004151,CMP0017,2026-02-11,lost,,2026-03-21
LD004152,CMP0017,2026-02-11,NEW ,,
LD004153,CMP0017,2026-02-11,Lost,,2026-03-17
LD004154,CMP0017,2026-02-11,Qualified,,
LD004155,CMP0017,2026-02-11,lost,,2026-02-24
LD004156,CMP0017,2026-02-11,Qualified,,
LD004157,CMP0017,2026-02-11,Lost,,2026-02-19
LD004158,CMP0017,2026-02-11,new,,
LD004159,CMP0017,2026-02-11,Lost,,2026-03-24
LD004160,CMP0017,2026-02-11,Qualified,,
LD004161,CMP0017,2026-02-12,lost,,2026-03-24
LD004162,CMP0017,2026-02-12,Qualified,,
LD004163,CMP0017,2026-02-12,New,,
LD004164,CMP0017,2026-02-12,Lost,,2026-02-22
LD004165,CMP0017,2026-02-12,Qualified,,
LD004166,CMP0017,2026-02-12,New,,
LD004167,CMP0017,2026-02-12,Qualified,,
LD004168,CMP0017,2026-02-12,NEW ,,
LD004169,CMP0017,2026-02-12,qualified,,
LD004170,CMP0017,2026-02-12,qualified,,
LD004171,CMP0017,2026-02-13,lost,,2026-03-29
LD004172,CMP0017,2026-02-13,lost,,2026-03-26
LD004173,CMP0017,2026-02-13,New,,
LD004174,CMP0017,2026-02-13,lost,,2026-03-17
LD004175,CMP0017,2026-02-13,lost,,2026-03-13
LD004176,CMP0017,2026-02-13,lost,,2026-03-25
LD004177,CMP0017,2026-02-13,qualified,,
LD004178,CMP0017,2026-02-13,NEW ,,
LD004179,CMP0017,2026-02-13,WON,214800.0,2026-03-31
LD004180,CMP0017,2026-02-14,Proposal,,
LD004181,CMP0017,2026-02-14,LOST,,2026-02-26
LD004182,CMP0017,2026-02-14,NEW ,,
LD004183,CMP0017,2026-02-14,NEW ,,
LD004184,CMP0017,2026-02-14,Lost,,2026-03-27
LD004185,CMP0017,2026-02-14,LOST,,2026-02-21
LD004186,CMP0017,2026-02-14,Won ,181800.0,2026-03-19
LD004187,CMP0017,2026-02-15,WON,268500.0,2026-03-07
LD004188,CMP0017,2026-02-15,Lost,,2026-03-06
LD004189,CMP0017,2026-02-15,LOST,,2026-03-09
LD004190,CMP0017,2026-02-15,new,,
LD004191,CMP0017,2026-02-15,New,,
LD004192,CMP0017,2026-02-15,New,,
LD004193,CMP0017,2026-02-15,new,,
LD004194,CMP0017,2026-02-15,New,,
LD004195,CMP0017,2026-02-15,new,,
LD004196,CMP0017,2026-02-16,Lost,,2026-02-27
LD004197,CMP0017,2026-02-16,new,,
LD004198,CMP0017,2026-02-16,New,,
LD004199,CMP0017,2026-02-16,LOST,,2026-03-06
LD004200,CMP0017,2026-02-16,Qualified,,
LD004201,CMP0017,2026-02-16,qualified,,
LD004202,CMP0017,2026-02-16,proposal ,,
LD004203,CMP0017,2026-02-16,NEW ,,
LD004204,CMP0017,2026-02-16,NEW ,,
LD004205,CMP0017,2026-02-16,lost,,2026-02-28
LD004206,CMP0017,2026-02-16,qualified,,
LD004207,CMP0017,2026-02-16,new,,
LD004208,CMP0017,2026-02-16,new,,
LD004209,CMP0017,2026-02-16,lost,,2026-03-02
LD004210,CMP0017,2026-02-16,lost,,2026-03-20
LD004211,CMP0017,2026-02-16,LOST,,2026-03-11
LD004212,CMP0017,2026-02-16,Lost,,2026-03-24
LD004213,CMP0017,2026-02-16,New,,
LD004214,CMP0017,2026-02-17,LOST,,2026-03-13
LD004215,CMP0017,2026-02-17,New,,
LD004216,CMP0017,2026-02-17,LOST,,2026-03-15
LD004217,CMP0017,2026-02-17,NEW ,,
LD004218,CMP0017,2026-02-17,lost,,2026-03-13
LD004219,CMP0017,2026-02-17,Qualified,,
LD004220,CMP0017,2026-02-17,Qualified,,
LD004221,CMP0017,2026-02-17,new,,
LD004222,CMP0017,2026-02-18,Lost,,2026-03-07
LD004223,CMP0017,2026-02-18,NEW ,,
LD004224,CMP0017,2026-02-18,lost,,2026-03-09
LD004225,CMP0017,2026-02-18,lost,,2026-03-27
LD004226,CMP0017,2026-02-18,Proposal,,
LD004227,CMP0017,2026-02-18,NEW ,,
LD004228,CMP0017,2026-02-18,New,,
LD004229,CMP0017,2026-02-18,New,,
LD004230,CMP0017,2026-02-18,Qualified,,
LD004231,CMP0017,2026-02-18,new,,
LD004232,CMP0017,2026-02-18,lost,,2026-03-04
LD004233,CMP0017,2026-02-18,New,,
LD004234,CMP0017,2026-02-18,New,,
LD004235,CMP0017,2026-02-19,qualified,,
LD004236,CMP0017,2026-02-19,Lost,,2026-03-09
LD004237,CMP0017,2026-02-19,NEW ,,
LD004238,CMP0017,2026-02-19,New,,
LD004239,CMP0017,2026-02-19,NEW ,,
LD004240,CMP0017,2026-02-19,lost,,2026-03-19
LD004241,CMP0017,2026-02-19,LOST,,2026-03-28
LD004242,CMP0017,2026-02-19,LOST,,2026-03-28
LD004243,CMP0017,2026-02-20,won,117100.0,2026-04-11
LD004244,CMP0017,2026-02-20,qualified,,
LD004245,CMP0017,2026-02-20,proposal ,,
LD004246,CMP0017,2026-02-20,New,,
LD004247,CMP0017,2026-02-20,New,,
LD004248,CMP0017,2026-02-20,Lost,,2026-03-01
LD004249,CMP0017,2026-02-20,Qualified,,
LD004250,CMP0017,2026-02-21,lost,,2026-03-02
LD004251,CMP0017,2026-02-21,qualified,,
LD004252,CMP0017,2026-02-21,Qualified,,
LD004253,CMP0017,2026-02-21,New,,
LD004254,CMP0017,2026-02-21,LOST,,2026-03-07
LD004255,CMP0017,2026-02-21,Qualified,,
LD004256,CMP0017,2026-02-21,New,,
LD004257,CMP0017,2026-02-21,LOST,,2026-03-29
LD004258,CMP0017,2026-02-22,new,,
LD004259,CMP0017,2026-02-22,NEW ,,
LD004260,CMP0017,2026-02-22,qualified,,
LD004261,CMP0017,2026-02-22,Won,170800.0,2026-04-21
LD004262,CMP0017,2026-02-22,qualified,,
LD004263,CMP0017,2026-02-22,Lost,,2026-03-25
LD004264,CMP0017,2026-02-22,qualified,,
LD004265,CMP0017,2026-02-22,Qualified,,
LD004266,CMP0017,2026-02-22,New,,
LD004267,CMP0017,2026-02-22,LOST,,2026-03-06
LD004268,CMP0017,2026-02-22,Qualified,,
LD004269,CMP0017,2026-02-23,New,,
LD004270,CMP0017,2026-02-23,qualified,,
LD004271,CMP0017,2026-02-23,New,,
LD004272,CMP0017,2026-02-23,NEW ,,
LD004273,CMP0017,2026-02-23,new,,
LD004274,CMP0017,2026-02-23,NEW ,,
LD004275,CMP0017,2026-02-23,LOST,,2026-03-18
LD004276,CMP0017,2026-02-23,Lost,,2026-03-09
LD004277,CMP0017,2026-02-23,LOST,,2026-03-06
LD004278,CMP0017,2026-02-23,Won,342300.0,2026-03-12
LD004279,CMP0017,2026-02-23,Lost,,2026-03-07
LD004280,CMP0017,2026-02-23,proposal ,,
LD004281,CMP0017,2026-02-23,lost,,2026-03-15
LD004282,CMP0017,2026-02-23,lost,,2026-03-28
LD004283,CMP0017,2026-02-23,LOST,,2026-04-02
LD004284,CMP0017,2026-02-24,NEW ,,
LD004285,CMP0017,2026-02-24,lost,,2026-03-05
LD004286,CMP0017,2026-02-24,New,,
LD004287,CMP0017,2026-02-24,proposal ,,
LD004288,CMP0017,2026-02-24,Lost,,2026-03-24
LD004289,CMP0017,2026-02-24,proposal ,,
LD004290,CMP0017,2026-02-24,Won,306800.0,2026-04-20
LD004291,CMP0017,2026-02-24,LOST,,2026-03-23
LD004292,CMP0017,2026-02-25,new,,
LD004293,CMP0017,2026-02-25,qualified,,
LD004294,CMP0017,2026-02-25,NEW ,,
LD004295,CMP0017,2026-02-25,Lost,,2026-03-25
LD004296,CMP0017,2026-02-25,qualified,,
LD004297,CMP0017,2026-02-25,New,,
LD004298,CMP0017,2026-02-25,new,,
LD004299,CMP0017,2026-02-25,NEW ,,
LD004300,CMP0017,2026-02-25,qualified,,
LD004301,CMP0017,2026-02-25,NEW ,,
LD004302,CMP0017,2026-02-25,new,,
LD004303,CMP0017,2026-02-25,LOST,,2026-03-04
LD004304,CMP0017,2026-02-25,proposal ,,
LD004305,CMP0017,2026-02-25,LOST,,2026-04-03
LD004306,CMP0017,2026-02-25,Lost,,2026-03-26
LD004307,CMP0017,2026-02-25,Lost,,2026-04-10
LD004308,CMP0017,2026-02-25,NEW ,,
LD004309,CMP0017,2026-02-25,LOST,,2026-03-30
LD004310,CMP0017,2026-02-26,lost,,2026-03-05
LD004311,CMP0017,2026-02-26,qualified,,
LD004312,CMP0017,2026-02-26,Proposal,,
LD004313,CMP0017,2026-02-26,New,,
LD004314,CMP0017,2026-02-26,Won,162200.0,2026-03-17
LD004315,CMP0017,2026-02-26,Qualified,,
LD004316,CMP0017,2026-02-26,lost,,2026-04-05
LD004317,CMP0017,2026-02-26,lost,,2026-04-03
LD004318,CMP0017,2026-02-26,qualified,,
LD004319,CMP0017,2026-02-27,Lost,,2026-03-24
LD004320,CMP0017,2026-02-27,Qualified,,
LD004321,CMP0017,2026-02-27,Qualified,,
LD004322,CMP0017,2026-02-27,NEW ,,
LD004323,CMP0017,2026-02-27,new,,
LD004324,CMP0017,2026-02-27,Proposal,,
LD004325,CMP0017,2026-02-27,New,,
LD004326,CMP0017,2026-02-27,new,,
LD004327,CMP0017,2026-02-27,Lost,,2026-04-04
LD004328,CMP0017,2026-02-28,qualified,,
LD004329,CMP0017,2026-02-28,proposal ,,
LD004330,CMP0017,2026-02-28,NEW ,,
LD004331,CMP0017,2026-02-28,new,,
LD004332,CMP0017,2026-02-28,lost,,2026-03-17
LD004333,CMP0017,2026-02-28,Lost,,2026-03-19
LD004334,CMP0017,2026-02-28,NEW ,,
LD004335,CMP0017,2026-03-01,lost,,2026-03-28
LD004336,CMP0017,2026-03-01,Qualified,,
LD004337,CMP0017,2026-03-01,Qualified,,
LD004338,CMP0017,2026-03-01,Lost,,2026-04-05
LD004339,CMP0017,2026-03-01,Lost,,2026-04-14
LD004340,CMP0017,2026-03-01,Qualified,,
LD004341,CMP0017,2026-03-01,New,,
LD004342,CMP0017,2026-03-01,new,,
LD004343,CMP0017,2026-03-01,LOST,,2026-04-02
LD004344,CMP0017,2026-03-01,lost,,2026-03-10
LD004345,CMP0017,2026-03-01,Lost,,2026-03-09
LD004346,CMP0017,2026-03-02,proposal ,,
LD004347,CMP0017,2026-03-02,new,,
LD004348,CMP0017,2026-03-02,LOST,,2026-03-27
LD004349,CMP0017,2026-03-02,Qualified,,
LD004350,CMP0017,2026-03-02,qualified,,
LD004351,CMP0017,2026-03-02,new,,
LD004352,CMP0017,2026-03-02,lost,,2026-04-14
LD004353,CMP0017,2026-03-02,New,,
LD004354,CMP0017,2026-03-02,qualified,,
LD004355,CMP0017,2026-03-02,Lost,,2026-04-05
LD004356,CMP0017,2026-03-02,new,,
LD004357,CMP0017,2026-03-02,new,,
LD004358,CMP0017,2026-03-02,NEW ,,
LD004359,CMP0017,2026-03-03,LOST,,2026-03-31
LD004360,CMP0017,2026-03-03,LOST,,2026-04-15
LD004361,CMP0017,2026-03-03,qualified,,
LD004362,CMP0017,2026-03-03,Lost,,2026-04-16
LD004363,CMP0017,2026-03-03,qualified,,
LD004364,CMP0017,2026-03-03,qualified,,
LD004365,CMP0017,2026-03-03,Qualified,,
LD004366,CMP0017,2026-03-03,Proposal,,
LD004367,CMP0017,2026-03-03,Lost,,2026-04-08
LD004368,CMP0017,2026-03-03,qualified,,
LD004369,CMP0017,2026-03-03,lost,,2026-04-16
LD004370,CMP0017,2026-03-03,Won,172000.0,2026-04-14
LD004371,CMP0017,2026-03-03,Qualified,,
LD004372,CMP0017,2026-03-03,new,,
LD004373,CMP0017,2026-03-03,LOST,,2026-03-16
LD004374,CMP0017,2026-03-03,new,,
LD004375,CMP0017,2026-03-03,NEW ,,
LD004376,CMP0017,2026-03-04,Qualified,,
LD004377,CMP0017,2026-03-04,New,,
LD004378,CMP0017,2026-03-04,qualified,,
LD004379,CMP0017,2026-03-04,LOST,,2026-04-04
LD004380,CMP0017,2026-03-04,Lost,,2026-04-04
LD004381,CMP0017,2026-03-04,New,,
LD004382,CMP0017,2026-03-04,New,,
LD004383,CMP0017,2026-03-04,Lost,,2026-04-01
LD004384,CMP0017,2026-03-04,Lost,,2026-04-04
LD004385,CMP0017,2026-03-04,qualified,,
LD004386,CMP0017,2026-03-05,Lost,,2026-03-31
LD004387,CMP0017,2026-03-05,Won,246300.0,2026-03-28
LD004388,CMP0017,2026-03-05,Lost,,2026-03-12
LD004389,CMP0017,2026-03-05,New,,
LD004390,CMP0017,2026-03-05,Qualified,,
LD004391,CMP0017,2026-03-05,new,,
LD004392,CMP0017,2026-03-05,lost,,2026-03-27
LD004393,CMP0017,2026-03-05,WON,271900.0,2026-04-18
LD004394,CMP0017,2026-03-05,NEW ,,
LD004395,CMP0017,2026-03-05,Qualified,,
LD004396,CMP0017,2026-03-05,NEW ,,
LD004397,CMP0017,2026-03-05,Lost,,2026-03-15
LD004398,CMP0017,2026-03-05,lost,,2026-03-19
LD004399,CMP0017,2026-03-05,Qualified,,
LD004400,CMP0017,2026-03-05,qualified,,
LD004401,CMP0017,2026-03-05,NEW ,,
LD004402,CMP0017,2026-03-06,Proposal,,
LD004403,CMP0017,2026-03-06,NEW ,,
LD004404,CMP0017,2026-03-06,New,,
LD004405,CMP0017,2026-03-06,qualified,,
LD004406,CMP0017,2026-03-06,NEW ,,
LD004407,CMP0017,2026-03-06,qualified,,
LD004408,CMP0017,2026-03-06,Qualified,,
LD004409,CMP0017,2026-03-06,lost,,2026-03-30
LD004410,CMP0017,2026-03-06,new,,
LD004411,CMP0017,2026-03-07,Qualified,,
LD004412,CMP0017,2026-03-07,NEW ,,
LD004413,CMP0017,2026-03-07,Lost,,2026-04-07
LD004414,CMP0017,2026-03-07,qualified,,
LD004415,CMP0017,2026-03-07,NEW ,,
LD004416,CMP0017,2026-03-07,qualified,,
LD004417,CMP0017,2026-03-07,Qualified,,
LD004418,CMP0017,2026-03-07,lost,,2026-03-15
LD004419,CMP0017,2026-03-07,New,,
LD004420,CMP0017,2026-03-08,Qualified,,
LD004421,CMP0017,2026-03-08,qualified,,
LD004422,CMP0017,2026-03-08,NEW ,,
LD004423,CMP0017,2026-03-08,Qualified,,
LD004424,CMP0017,2026-03-08,Lost,,2026-04-03
LD004425,CMP0017,2026-03-08,new,,
LD004426,CMP0017,2026-03-08,qualified,,
LD004427,CMP0017,2026-03-08,new,,
LD004428,CMP0017,2026-03-09,NEW ,,
LD004429,CMP0017,2026-03-09,LOST,,2026-04-03
LD004430,CMP0017,2026-03-09,LOST,,2026-04-03
LD004431,CMP0017,2026-03-09,qualified,,
LD004432,CMP0017,2026-03-10,NEW ,,
LD004433,CMP0017,2026-03-10,LOST,,2026-04-05
LD004434,CMP0017,2026-03-10,NEW ,,
LD004435,CMP0017,2026-03-10,lost,,2026-03-25
LD004436,CMP0017,2026-03-10,LOST,,2026-04-23
LD004437,CMP0017,2026-03-10,LOST,,2026-04-19
LD004438,CMP0017,2026-03-10,New,,
LD004439,CMP0017,2026-03-10,Lost,,2026-04-22
LD004440,CMP0017,2026-03-10,New,,
LD004441,CMP0017,2026-03-10,new,,
LD004442,CMP0017,2026-03-10,new,,
LD004443,CMP0017,2026-03-11,Lost,,2026-04-13
LD004444,CMP0017,2026-03-11,proposal ,,
LD004445,CMP0017,2026-03-11,lost,,2026-03-19
LD004446,CMP0017,2026-03-11,Qualified,,
LD004447,CMP0017,2026-03-11,New,,
LD004448,CMP0017,2026-03-11,Qualified,,
LD004449,CMP0017,2026-03-11,new,,
LD004450,CMP0017,2026-03-11,LOST,,2026-04-17
LD004451,CMP0017,2026-03-11,qualified,,
LD004452,CMP0017,2026-03-11,NEW ,,
LD004453,CMP0017,2026-03-11,lost,,2026-04-09
LD004454,CMP0017,2026-03-11,NEW ,,
LD004455,CMP0017,2026-03-12,LOST,,2026-04-06
LD004456,CMP0017,2026-03-12,new,,
LD004457,CMP0017,2026-03-12,Qualified,,
LD004458,CMP0017,2026-03-12,LOST,,2026-04-04
LD004459,CMP0017,2026-03-12,Lost,,2026-03-20
LD004460,CMP0017,2026-03-12,LOST,,2026-04-10
LD004461,CMP0017,2026-03-12,Proposal,,
LD004462,CMP0017,2026-03-12,NEW ,,
LD004463,CMP0017,2026-03-12,lost,,2026-04-18
LD004464,CMP0017,2026-03-12,Won,454700.0,2026-04-28
LD004465,CMP0017,2026-03-12,Proposal,,
LD004466,CMP0017,2026-03-12,Lost,,2026-04-14
LD004467,CMP0017,2026-03-12,lost,,2026-04-15
LD004468,CMP0017,2026-03-12,Lost,,2026-04-04
LD004469,CMP0017,2026-03-12,New,,
LD004470,CMP0017,2026-03-13,qualified,,
LD004471,CMP0017,2026-03-13,qualified,,
LD004472,CMP0017,2026-03-13,LOST,,2026-04-23
LD004473,CMP0017,2026-03-13,New,,
LD004474,CMP0017,2026-03-13,LOST,,2026-04-24
LD004475,CMP0017,2026-03-13,new,,
LD004476,CMP0017,2026-03-13,new,,
LD004477,CMP0017,2026-03-14,new,,
LD004478,CMP0017,2026-03-14,qualified,,
LD004479,CMP0017,2026-03-14,WON,253000.0,2026-05-03
LD004480,CMP0017,2026-03-14,Proposal,,
LD004481,CMP0017,2026-03-14,LOST,,2026-03-26
LD004482,CMP0017,2026-03-14,lost,,2026-03-28
LD004483,CMP0017,2026-03-14,New,,
LD004484,CMP0017,2026-03-15,New,,
LD004485,CMP0017,2026-03-15,Won,289400.0,2026-04-29
LD004486,CMP0017,2026-03-15,Proposal,,
LD004487,CMP0017,2026-03-15,Qualified,,
LD004488,CMP0017,2026-03-15,Lost,,2026-03-27
LD004489,CMP0017,2026-03-15,Qualified,,
LD004490,CMP0017,2026-03-15,Qualified,,
LD004491,CMP0017,2026-03-15,New,,
LD004492,CMP0017,2026-03-15,Lost,,2026-03-26
LD004493,CMP0017,2026-03-15,NEW ,,
LD004494,CMP0017,2026-03-15,Lost,,2026-04-27
LD004495,CMP0017,2026-03-15,proposal ,,
LD004496,CMP0017,2026-03-15,Lost,,2026-04-11
LD004497,CMP0017,2026-03-15,Qualified,,
LD004498,CMP0017,2026-03-16,lost,,2026-04-27
LD004499,CMP0017,2026-03-16,New,,
LD004500,CMP0017,2026-03-16,Lost,,2026-04-24
LD004501,CMP0017,2026-03-16,lost,,2026-04-02
LD004502,CMP0017,2026-03-16,lost,,2026-04-27
LD004503,CMP0017,2026-03-16,won,683900.0,2026-05-01
LD004504,CMP0017,2026-03-16,new,,
LD004505,CMP0017,2026-03-16,Qualified,,
LD004506,CMP0017,2026-03-16,Lost,,2026-04-20
LD004507,CMP0017,2026-03-16,new,,
LD004508,CMP0017,2026-03-16,NEW ,,
LD004509,CMP0017,2026-03-16,qualified,,
LD004510,CMP0017,2026-03-16,new,,
LD004511,CMP0017,2026-03-16,Lost,,2026-04-10
LD004512,CMP0017,2026-03-16,NEW ,,
LD004513,CMP0017,2026-03-16,NEW ,,
LD004514,CMP0017,2026-03-17,Lost,,2026-04-12
LD004515,CMP0017,2026-03-17,LOST,,2026-04-12
LD004516,CMP0017,2026-03-17,Qualified,,
LD004517,CMP0017,2026-03-17,Lost,,2026-03-26
LD004518,CMP0017,2026-03-17,new,,
LD004519,CMP0017,2026-03-17,Qualified,,
LD004520,CMP0017,2026-03-17,NEW ,,
LD004521,CMP0017,2026-03-17,Qualified,,
LD004522,CMP0017,2026-03-17,LOST,,2026-04-27
LD004523,CMP0017,2026-03-17,NEW ,,
LD004524,CMP0017,2026-03-17,LOST,,2026-03-25
LD004525,CMP0017,2026-03-18,New,,
LD004526,CMP0017,2026-03-18,proposal ,,
LD004527,CMP0017,2026-03-18,NEW ,,
LD004528,CMP0017,2026-03-18,NEW ,,
LD004529,CMP0017,2026-03-18,Qualified,,
LD004530,CMP0017,2026-03-18,Lost,,2026-03-28
LD004531,CMP0017,2026-03-18,NEW ,,
LD004532,CMP0017,2026-03-18,WON,213700.0,2026-04-19
LD004533,CMP0017,2026-03-19,new,,
LD004534,CMP0017,2026-03-19,qualified,,
LD004535,CMP0017,2026-03-19,Lost,,2026-04-16
LD004536,CMP0017,2026-03-19,Qualified,,
LD004537,CMP0017,2026-03-19,LOST,,2026-04-20
LD004538,CMP0017,2026-03-19,qualified,,
LD004539,CMP0017,2026-03-19,Qualified,,
LD004540,CMP0017,2026-03-19,Qualified,,
LD004541,CMP0017,2026-03-19,new,,
LD004542,CMP0017,2026-03-19,Lost,,2026-04-01
LD004543,CMP0017,2026-03-19,lost,,2026-04-29
LD004544,CMP0017,2026-03-20,Qualified,,
LD004545,CMP0017,2026-03-20,Lost,,2026-04-29
LD004546,CMP0017,2026-03-20,Lost,,2026-04-29
LD004547,CMP0017,2026-03-20,LOST,,2026-04-01
LD004548,CMP0017,2026-03-20,LOST,,2026-04-11
LD004549,CMP0017,2026-03-20,Qualified,,
LD004550,CMP0017,2026-03-20,proposal ,,
LD004551,CMP0017,2026-03-20,LOST,,2026-04-21
LD004552,CMP0017,2026-03-20,Qualified,,
LD004553,CMP0017,2026-03-20,New,,
LD004554,CMP0017,2026-03-20,lost,,2026-04-03
LD004555,CMP0017,2026-03-20,new,,
LD004556,CMP0017,2026-03-20,NEW ,,
LD004557,CMP0017,2026-03-21,NEW ,,
LD004558,CMP0017,2026-03-21,Lost,,2026-04-01
LD004559,CMP0017,2026-03-21,Lost,,2026-04-13
LD004560,CMP0017,2026-03-21,qualified,,
LD004561,CMP0017,2026-03-21,LOST,,2026-04-14
LD004562,CMP0017,2026-03-21,Proposal,,
LD004563,CMP0017,2026-03-22,qualified,,
LD004564,CMP0017,2026-03-22,New,,
LD004565,CMP0017,2026-03-22,lost,,2026-05-03
LD004566,CMP0017,2026-03-22,Lost,,2026-04-16
LD004567,CMP0017,2026-03-22,lost,,2026-04-19
LD004568,CMP0017,2026-03-22,qualified,,
LD004569,CMP0017,2026-03-22,NEW ,,
LD004570,CMP0017,2026-03-23,Qualified,,
LD004571,CMP0017,2026-03-23,New,,
LD004572,CMP0017,2026-03-23,LOST,,2026-04-26
LD004573,CMP0017,2026-03-23,new,,
LD004574,CMP0017,2026-03-23,WON,252800.0,2026-05-09
LD004575,CMP0017,2026-03-23,Lost,,2026-04-05
LD004576,CMP0017,2026-03-23,lost,,2026-05-04
LD004577,CMP0017,2026-03-23,new,,
LD004578,CMP0017,2026-03-23,LOST,,2026-04-27
LD004579,CMP0017,2026-03-23,New,,
LD004580,CMP0017,2026-03-24,Lost,,2026-04-23
LD004581,CMP0017,2026-03-24,Proposal,,
LD004582,CMP0017,2026-03-24,NEW ,,
LD004583,CMP0017,2026-03-24,lost,,2026-04-15
LD004584,CMP0017,2026-03-24,Qualified,,
LD004585,CMP0017,2026-03-25,NEW ,,
LD004586,CMP0017,2026-03-25,Proposal,,
LD004587,CMP0017,2026-03-25,lost,,2026-05-07
LD004588,CMP0017,2026-03-25,proposal ,,
LD004589,CMP0017,2026-03-25,new,,
LD004590,CMP0017,2026-03-25,proposal ,,
LD004591,CMP0017,2026-03-25,Won ,156500.0,2026-05-06
LD004592,CMP0017,2026-03-25,Lost,,2026-04-03
LD004593,CMP0017,2026-03-25,Qualified,,
LD004594,CMP0017,2026-03-25,LOST,,2026-04-28
LD004595,CMP0017,2026-03-25,LOST,,2026-04-04
LD004596,CMP0017,2026-03-25,new,,
LD004597,CMP0017,2026-03-25,proposal ,,
LD004598,CMP0017,2026-03-26,qualified,,
LD004599,CMP0017,2026-03-26,Qualified,,
LD004600,CMP0017,2026-03-26,new,,
LD004601,CMP0017,2026-03-26,NEW ,,
LD004602,CMP0017,2026-03-26,lost,,2026-04-19
LD004603,CMP0017,2026-03-26,lost,,2026-04-13
LD004604,CMP0017,2026-03-26,New,,
LD004605,CMP0017,2026-03-26,new,,
LD004606,CMP0017,2026-03-26,qualified,,
LD004607,CMP0017,2026-03-26,qualified,,
LD004608,CMP0017,2026-03-26,qualified,,
LD004609,CMP0017,2026-03-26,New,,
LD004610,CMP0017,2026-03-26,NEW ,,
LD004611,CMP0017,2026-03-26,Qualified,,
LD004612,CMP0017,2026-03-27,new,,
LD004613,CMP0017,2026-03-27,LOST,,2026-04-30
LD004614,CMP0017,2026-03-27,proposal ,,
LD004615,CMP0017,2026-03-27,New,,
LD004616,CMP0017,2026-03-27,NEW ,,
LD004617,CMP0017,2026-03-27,Won,258800.0,2026-05-08
LD004618,CMP0017,2026-03-27,qualified,,
LD004619,CMP0017,2026-03-27,WON,123200.0,2026-04-20
LD004620,CMP0017,2026-03-27,qualified,,
LD004621,CMP0017,2026-03-27,new,,
LD004622,CMP0017,2026-03-27,new,,
LD004623,CMP0017,2026-03-27,New,,
LD004624,CMP0017,2026-03-27,Lost,,2026-04-14
LD004625,CMP0017,2026-03-28,New,,
LD004626,CMP0017,2026-03-28,Lost,,2026-04-17
LD004627,CMP0017,2026-03-28,lost,,2026-04-11
LD004628,CMP0017,2026-03-28,proposal ,,
LD004629,CMP0017,2026-03-28,Qualified,,
LD004630,CMP0017,2026-03-28,qualified,,
LD004631,CMP0017,2026-03-28,lost,,2026-05-01
LD004632,CMP0017,2026-03-28,Qualified,,
LD004633,CMP0017,2026-03-28,LOST,,2026-05-07
LD004634,CMP0017,2026-03-28,New,,
LD004635,CMP0017,2026-03-28,New,,
LD004636,CMP0017,2026-03-28,New,,
LD004637,CMP0017,2026-03-28,Qualified,,
LD004638,CMP0017,2026-03-28,new,,
LD004639,CMP0017,2026-03-29,New,,
LD004640,CMP0017,2026-03-29,Qualified,,
LD004641,CMP0017,2026-03-29,Proposal,,
LD004642,CMP0017,2026-03-29,new,,
LD004643,CMP0017,2026-03-29,qualified,,
LD004644,CMP0017,2026-03-29,New,,
LD004645,CMP0017,2026-03-29,Lost,,2026-04-27
LD004646,CMP0017,2026-03-30,new,,
LD004647,CMP0017,2026-03-30,Qualified,,
LD004648,CMP0017,2026-03-30,qualified,,
LD004649,CMP0017,2026-03-30,NEW ,,
LD004650,CMP0017,2026-03-30,NEW ,,
LD004651,CMP0017,2026-03-30,NEW ,,
LD004652,CMP0017,2026-03-30,new,,
LD004653,CMP0017,2026-03-30,LOST,,2026-05-08
LD004654,CMP0017,2026-03-30,New,,
LD004655,CMP0017,2026-03-30,Qualified,,
LD004656,CMP0017,2026-03-31,Lost,,2026-04-19
LD004657,CMP0017,2026-03-31,qualified,,
LD004658,CMP0017,2026-03-31,NEW ,,
LD004659,CMP0017,2026-03-31,lost,,2026-04-19
LD004660,CMP0017,2026-03-31,LOST,,2026-05-05
LD004661,CMP0017,2026-03-31,lost,,2026-04-23
LD004662,CMP0017,2026-03-31,New,,
LD004663,CMP0017,2026-03-31,LOST,,2026-04-17
LD004664,CMP0017,2026-03-31,New,,
LD004665,CMP0017,2026-03-31,new,,
LD004666,CMP0017,2026-03-31,Proposal,,
LD004667,CMP0017,2026-03-31,new,,
LD004668,CMP0017,2026-03-31,New,,
LD004669,CMP0017,2026-03-31,LOST,,2026-04-30
LD004670,CMP0017,2026-03-31,qualified,,
LD004671,CMP0017,2026-03-31,New,,
LD004672,CMP0017,2026-04-01,Qualified,,
LD004673,CMP0017,2026-04-01,LOST,,2026-05-15
LD004674,CMP0017,2026-04-01,NEW ,,
LD004675,CMP0017,2026-04-01,new,,
LD004676,CMP0017,2026-04-01,NEW ,,
LD004677,CMP0017,2026-04-01,new,,
LD004678,CMP0017,2026-04-01,Lost,,2026-05-03
LD004679,CMP0017,2026-04-01,lost,,2026-04-15
LD004680,CMP0017,2026-04-01,NEW ,,
LD004681,CMP0017,2026-04-01,proposal ,,
LD004682,CMP0017,2026-04-02,qualified,,
LD004683,CMP0017,2026-04-02,LOST,,2026-05-11
LD004684,CMP0017,2026-04-02,NEW ,,
LD004685,CMP0017,2026-04-02,new,,
LD004686,CMP0017,2026-04-02,New,,
LD004687,CMP0017,2026-04-02,New,,
LD004688,CMP0017,2026-04-02,Qualified,,
LD004689,CMP0017,2026-04-02,LOST,,2026-05-15
LD004690,CMP0017,2026-04-02,Qualified,,
LD004691,CMP0017,2026-04-02,LOST,,2026-05-06
LD004692,CMP0017,2026-04-02,NEW ,,
LD004693,CMP0017,2026-04-02,LOST,,2026-04-27
LD004694,CMP0017,2026-04-02,Lost,,2026-04-09
LD004695,CMP0017,2026-04-03,New,,
LD004696,CMP0017,2026-04-03,Lost,,2026-05-02
LD004697,CMP0017,2026-04-03,new,,
LD004698,CMP0017,2026-04-03,lost,,2026-04-24
LD004699,CMP0017,2026-04-03,Qualified,,
LD004700,CMP0017,2026-04-03,New,,
LD004701,CMP0017,2026-04-03,qualified,,
LD004702,CMP0017,2026-04-03,NEW ,,
LD004703,CMP0017,2026-04-03,Qualified,,
LD004704,CMP0017,2026-04-03,New,,
LD004705,CMP0017,2026-04-04,Qualified,,
LD004706,CMP0017,2026-04-04,lost,,2026-05-11
LD004707,CMP0017,2026-04-04,Qualified,,
LD004708,CMP0017,2026-04-04,Lost,,2026-04-12
LD004709,CMP0017,2026-04-04,New,,
LD004710,CMP0017,2026-04-04,Qualified,,
LD004711,CMP0017,2026-04-04,NEW ,,
LD004712,CMP0017,2026-04-04,Qualified,,
LD004713,CMP0017,2026-04-05,Lost,,2026-04-24
LD004714,CMP0017,2026-04-05,Lost,,2026-04-20
LD004715,CMP0017,2026-04-05,lost,,2026-05-04
LD004716,CMP0017,2026-04-05,Lost,,2026-04-18
LD004717,CMP0017,2026-04-05,new,,
LD004718,CMP0017,2026-04-05,New,,
LD004719,CMP0017,2026-04-05,Lost,,2026-05-09
LD004720,CMP0017,2026-04-05,New,,
LD004721,CMP0017,2026-04-05,Won ,459900.0,2026-04-30
LD004722,CMP0017,2026-04-06,Qualified,,
LD004723,CMP0017,2026-04-06,Proposal,,
LD004724,CMP0017,2026-04-06,lost,,2026-05-02
LD004725,CMP0017,2026-04-06,LOST,,2026-04-21
LD004726,CMP0017,2026-04-06,New,,
LD004727,CMP0017,2026-04-06,Lost,,2026-04-18
LD004728,CMP0017,2026-04-06,Qualified,,
LD004729,CMP0017,2026-04-06,qualified,,
LD004730,CMP0017,2026-04-06,Qualified,,
LD004731,CMP0017,2026-04-06,Lost,,2026-04-25
LD004732,CMP0017,2026-04-06,Qualified,,
LD004733,CMP0017,2026-04-06,New,,
LD004734,CMP0017,2026-04-06,qualified,,
LD004735,CMP0017,2026-04-06,NEW ,,
LD004736,CMP0017,2026-04-06,Lost,,2026-04-25
LD004737,CMP0017,2026-04-07,new,,
LD004738,CMP0017,2026-04-07,lost,,2026-04-27
LD004739,CMP0017,2026-04-07,qualified,,
LD004740,CMP0017,2026-04-07,Proposal,,
LD004741,CMP0017,2026-04-07,NEW ,,
LD004742,CMP0017,2026-04-07,Lost,,2026-04-22
LD004743,CMP0017,2026-04-07,WON,313300.0,2026-05-12
LD004744,CMP0017,2026-04-07,New,,
LD004745,CMP0017,2026-04-07,new,,
LD004746,CMP0017,2026-04-07,lost,,2026-05-02
LD004747,CMP0017,2026-04-07,Qualified,,
LD004748,CMP0017,2026-04-08,Lost,,2026-05-16
LD004749,CMP0017,2026-04-08,Qualified,,
LD004750,CMP0017,2026-04-08,New,,
LD004751,CMP0017,2026-04-08,New,,
LD004752,CMP0017,2026-04-08,Qualified,,
LD004753,CMP0017,2026-04-08,New,,
LD004754,CMP0017,2026-04-08,Qualified,,
LD004755,CMP0017,2026-04-08,new,,
LD004756,CMP0017,2026-04-08,lost,,2026-04-30
LD004757,CMP0017,2026-04-08,NEW ,,
LD004758,CMP0017,2026-04-08,Lost,,2026-04-20
LD004759,CMP0017,2026-04-08,LOST,,2026-04-20
LD004760,CMP0017,2026-04-08,Lost,,2026-05-20
LD004761,CMP0017,2026-04-09,Lost,,2026-05-22
LD004762,CMP0017,2026-04-09,lost,,2026-04-24
LD004763,CMP0017,2026-04-09,LOST,,2026-05-13
LD004764,CMP0017,2026-04-09,LOST,,2026-04-18
LD004765,CMP0017,2026-04-09,NEW ,,
LD004766,CMP0017,2026-04-09,NEW ,,
LD004767,CMP0017,2026-04-09,New,,
LD004768,CMP0017,2026-04-09,New,,
LD004769,CMP0017,2026-04-09,lost,,2026-05-22
LD004770,CMP0017,2026-04-09,New,,
LD004771,CMP0017,2026-04-09,Lost,,2026-05-06
LD004772,CMP0017,2026-04-09,New,,
LD004773,CMP0017,2026-04-09,Qualified,,
LD004774,CMP0017,2026-04-09,Qualified,,
LD004775,CMP0017,2026-04-09,Lost,,2026-05-09
LD004776,CMP0017,2026-04-10,lost,,2026-05-20
LD004777,CMP0017,2026-04-10,Qualified,,
LD004778,CMP0017,2026-04-10,LOST,,2026-05-18
LD004779,CMP0017,2026-04-10,proposal ,,
LD004780,CMP0017,2026-04-10,Lost,,2026-05-23
LD004781,CMP0017,2026-04-10,Proposal,,
LD004782,CMP0017,2026-04-10,NEW ,,
LD004783,CMP0017,2026-04-10,New,,
LD004784,CMP0017,2026-04-10,LOST,,2026-05-09
LD004785,CMP0017,2026-04-10,Qualified,,
LD004786,CMP0017,2026-04-10,LOST,,2026-05-05
LD004787,CMP0017,2026-04-11,Qualified,,
LD004788,CMP0017,2026-04-11,NEW ,,
LD004789,CMP0017,2026-04-11,new,,
LD004790,CMP0017,2026-04-11,Qualified,,
LD004791,CMP0017,2026-04-11,qualified,,
LD004792,CMP0017,2026-04-11,Lost,,2026-04-30
LD004793,CMP0017,2026-04-11,proposal ,,
LD004794,CMP0017,2026-04-11,Qualified,,
LD004795,CMP0017,2026-04-11,qualified,,
LD004796,CMP0017,2026-04-11,WON,144700.0,2026-05-06
LD004797,CMP0017,2026-04-12,new,,
LD004798,CMP0017,2026-04-12,proposal ,,
LD004799,CMP0017,2026-04-12,won,118700.0,2026-04-26
LD004800,CMP0017,2026-04-12,New,,
LD004801,CMP0017,2026-04-12,lost,,2026-04-24
LD004802,CMP0017,2026-04-13,qualified,,
LD004803,CMP0017,2026-04-13,lost,,2026-05-05
LD004804,CMP0017,2026-04-13,LOST,,2026-04-24
LD004805,CMP0017,2026-04-13,proposal ,,
LD004806,CMP0017,2026-04-13,NEW ,,
LD004807,CMP0017,2026-04-13,lost,,2026-05-05
LD004808,CMP0017,2026-04-13,NEW ,,
LD004809,CMP0017,2026-04-13,Won ,311200.0,2026-05-03
LD004810,CMP0017,2026-04-14,New,,
LD004811,CMP0017,2026-04-14,Lost,,2026-05-20
LD004812,CMP0017,2026-04-14,LOST,,2026-05-05
LD004813,CMP0017,2026-04-14,Qualified,,
LD004814,CMP0017,2026-04-14,LOST,,2026-05-21
LD004815,CMP0017,2026-04-14,NEW ,,
LD004816,CMP0017,2026-04-14,LOST,,2026-04-30
LD004817,CMP0017,2026-04-14,NEW ,,
LD004818,CMP0017,2026-04-14,NEW ,,
LD004819,CMP0017,2026-04-14,qualified,,
LD004820,CMP0017,2026-04-14,new,,
LD004821,CMP0017,2026-04-14,qualified,,
LD004822,CMP0017,2026-04-14,New,,
LD004823,CMP0017,2026-04-15,lost,,2026-05-28
LD004824,CMP0017,2026-04-15,LOST,,2026-05-08
LD004825,CMP0017,2026-04-15,new,,
LD004826,CMP0017,2026-04-15,won,269500.0,2026-05-31
LD004827,CMP0017,2026-04-15,lost,,2026-05-28
LD004828,CMP0017,2026-04-15,Qualified,,
LD004829,CMP0017,2026-04-15,qualified,,
LD004830,CMP0017,2026-04-15,New,,
LD004831,CMP0017,2026-04-15,new,,
LD004832,CMP0017,2026-04-16,qualified,,
LD004833,CMP0017,2026-04-16,New,,
LD004834,CMP0017,2026-04-16,new,,
LD004835,CMP0017,2026-04-16,Qualified,,
LD004836,CMP0017,2026-04-16,Proposal,,
LD004837,CMP0017,2026-04-16,Proposal,,
LD004838,CMP0017,2026-04-16,proposal ,,
LD004839,CMP0017,2026-04-16,Qualified,,
LD004840,CMP0017,2026-04-16,Won ,210200.0,2026-06-10
LD004841,CMP0017,2026-04-16,NEW ,,
LD004842,CMP0017,2026-04-16,Lost,,2026-05-02
LD004843,CMP0017,2026-04-16,New,,
LD004844,CMP0017,2026-04-16,qualified,,
LD004845,CMP0017,2026-04-17,Qualified,,
LD004846,CMP0017,2026-04-17,proposal ,,
LD004847,CMP0017,2026-04-17,qualified,,
LD004848,CMP0017,2026-04-17,Lost,,2026-05-09
LD004849,CMP0017,2026-04-17,new,,
LD004850,CMP0017,2026-04-17,New,,
LD004851,CMP0017,2026-04-17,Qualified,,
LD004852,CMP0017,2026-04-17,lost,,2026-05-10
LD004853,CMP0017,2026-04-17,NEW ,,
LD004854,CMP0017,2026-04-17,Qualified,,
LD004855,CMP0017,2026-04-18,new,,
LD004856,CMP0017,2026-04-18,qualified,,
LD004857,CMP0017,2026-04-18,Proposal,,
LD004858,CMP0017,2026-04-18,Lost,,2026-05-19
LD004859,CMP0017,2026-04-18,WON,132900.0,2026-06-12
LD004860,CMP0017,2026-04-18,NEW ,,
LD004861,CMP0017,2026-04-18,LOST,,2026-05-26
LD004862,CMP0017,2026-04-18,New,,
LD004863,CMP0017,2026-04-18,New,,
LD004864,CMP0017,2026-04-18,Lost,,2026-05-06
LD004865,CMP0017,2026-04-18,new,,
LD004866,CMP0017,2026-04-18,new,,
LD004867,CMP0017,2026-04-19,proposal ,,
LD004868,CMP0017,2026-04-19,qualified,,
LD004869,CMP0017,2026-04-19,qualified,,
LD004870,CMP0017,2026-04-19,NEW ,,
LD004871,CMP0017,2026-04-19,new,,
LD004872,CMP0017,2026-04-19,Lost,,2026-06-02
LD004873,CMP0017,2026-04-20,new,,
LD004874,CMP0017,2026-04-20,LOST,,2026-05-23
LD004875,CMP0017,2026-04-20,LOST,,2026-04-30
LD004876,CMP0017,2026-04-20,proposal ,,
LD004877,CMP0017,2026-04-20,NEW ,,
LD004878,CMP0017,2026-04-20,new,,
LD004879,CMP0017,2026-04-20,qualified,,
LD004880,CMP0017,2026-04-20,lost,,2026-04-27
LD004881,CMP0017,2026-04-20,Won,181100.0,2026-05-24
LD004882,CMP0017,2026-04-21,Lost,,2026-05-31
LD004883,CMP0017,2026-04-21,qualified,,
LD004884,CMP0017,2026-04-21,New,,
LD004885,CMP0017,2026-04-21,Lost,,2026-06-01
LD004886,CMP0017,2026-04-21,proposal ,,
LD004887,CMP0017,2026-04-21,WON,266700.0,2026-05-11
LD004888,CMP0017,2026-04-21,NEW ,,
LD004889,CMP0017,2026-04-21,qualified,,
LD004890,CMP0017,2026-04-22,New,,
LD004891,CMP0017,2026-04-22,lost,,2026-05-19
LD004892,CMP0017,2026-04-22,Proposal,,
LD004893,CMP0017,2026-04-22,Won,195100.0,2026-06-18
LD004894,CMP0017,2026-04-22,NEW ,,
LD004895,CMP0017,2026-04-22,New,,
LD004896,CMP0017,2026-04-22,new,,
LD004897,CMP0017,2026-04-22,LOST,,2026-05-11
LD004898,CMP0017,2026-04-22,proposal ,,
LD004899,CMP0017,2026-04-22,lost,,2026-05-31
LD004900,CMP0017,2026-04-22,WON,210600.0,2026-06-01
LD004901,CMP0017,2026-04-22,Qualified,,
LD004902,CMP0017,2026-04-22,qualified,,
LD004903,CMP0017,2026-04-22,lost,,2026-05-23
LD004904,CMP0017,2026-04-22,qualified,,
LD004905,CMP0017,2026-04-23,Lost,,2026-06-06
LD004906,CMP0017,2026-04-23,Qualified,,
LD004907,CMP0017,2026-04-23,Qualified,,
LD004908,CMP0017,2026-04-23,New,,
LD004909,CMP0017,2026-04-23,lost,,2026-05-17
LD004910,CMP0017,2026-04-23,new,,
LD004911,CMP0017,2026-04-23,LOST,,2026-05-23
LD004912,CMP0017,2026-04-23,LOST,,2026-05-05
LD004913,CMP0017,2026-04-23,new,,
LD004914,CMP0017,2026-04-23,Qualified,,
LD004915,CMP0017,2026-04-23,NEW ,,
LD004916,CMP0017,2026-04-23,LOST,,2026-05-15
LD004917,CMP0017,2026-04-23,LOST,,2026-06-03
LD004918,CMP0017,2026-04-23,LOST,,2026-05-02
LD004919,CMP0017,2026-04-23,new,,
LD004920,CMP0017,2026-04-24,new,,
LD004921,CMP0017,2026-04-24,Qualified,,
LD004922,CMP0017,2026-04-24,Lost,,2026-05-26
LD004923,CMP0017,2026-04-24,new,,
LD004924,CMP0017,2026-04-24,new,,
LD004925,CMP0017,2026-04-24,Qualified,,
LD004926,CMP0017,2026-04-24,Lost,,2026-06-07
LD004927,CMP0017,2026-04-24,new,,
LD004928,CMP0017,2026-04-24,new,,
LD004929,CMP0017,2026-04-24,qualified,,
LD004930,CMP0017,2026-04-24,NEW ,,
LD004931,CMP0017,2026-04-25,LOST,,2026-06-07
LD004932,CMP0017,2026-04-25,LOST,,2026-05-26
LD004933,CMP0017,2026-04-25,Lost,,2026-06-08
LD004934,CMP0017,2026-04-25,Lost,,2026-05-11
LD004935,CMP0017,2026-04-25,qualified,,
LD004936,CMP0017,2026-04-25,Proposal,,
LD004937,CMP0017,2026-04-25,New,,
LD004938,CMP0017,2026-04-25,Qualified,,
LD004939,CMP0017,2026-04-25,new,,
LD004940,CMP0017,2026-04-25,new,,
LD004941,CMP0017,2026-04-25,WON,260600.0,2026-05-21
LD004942,CMP0017,2026-04-25,NEW ,,
LD004943,CMP0017,2026-04-25,Qualified,,
LD004944,CMP0017,2026-04-25,qualified,,
LD004945,CMP0017,2026-04-25,Qualified,,
LD004946,CMP0017,2026-04-25,new,,
LD004947,CMP0017,2026-04-26,Lost,,2026-05-16
LD004948,CMP0017,2026-04-26,lost,,2026-06-08
LD004949,CMP0017,2026-04-26,Lost,,2026-05-03
LD004950,CMP0017,2026-04-26,proposal ,,
LD004951,CMP0017,2026-04-26,Qualified,,
LD004952,CMP0017,2026-04-26,qualified,,
LD004953,CMP0017,2026-04-26,LOST,,2026-05-26
LD004954,CMP0017,2026-04-26,NEW ,,
LD004955,CMP0017,2026-04-26,new,,
LD004956,CMP0017,2026-04-26,NEW ,,
LD004957,CMP0017,2026-04-26,lost,,2026-05-03
LD004958,CMP0017,2026-04-27,New,,
LD004959,CMP0017,2026-04-27,NEW ,,
LD004960,CMP0017,2026-04-27,Lost,,2026-05-05
LD004961,CMP0017,2026-04-27,LOST,,2026-05-10
LD004962,CMP0017,2026-04-27,qualified,,
LD004963,CMP0017,2026-04-27,qualified,,
LD004964,CMP0017,2026-04-27,New,,
LD004965,CMP0017,2026-04-27,qualified,,
LD004966,CMP0017,2026-04-27,LOST,,2026-05-31
LD004967,CMP0017,2026-04-27,Qualified,,
LD004968,CMP0017,2026-04-27,Lost,,2026-05-22
LD004969,CMP0017,2026-04-28,LOST,,2026-05-19
LD004970,CMP0017,2026-04-28,NEW ,,
LD004971,CMP0017,2026-04-28,New,,
LD004972,CMP0017,2026-04-28,NEW ,,
LD004973,CMP0017,2026-04-28,LOST,,2026-06-05
LD004974,CMP0017,2026-04-28,qualified,,
LD004975,CMP0017,2026-04-28,NEW ,,
LD004976,CMP0017,2026-04-28,LOST,,2026-05-29
LD004977,CMP0017,2026-04-28,Lost,,2026-05-12
LD004978,CMP0017,2026-04-28,Qualified,,
LD004979,CMP0017,2026-04-28,lost,,2026-05-07
LD004980,CMP0017,2026-04-28,qualified,,
LD004981,CMP0017,2026-04-28,Qualified,,
LD004982,CMP0017,2026-04-28,lost,,2026-05-07
LD004983,CMP0017,2026-04-28,NEW ,,
LD004984,CMP0017,2026-04-29,LOST,,2026-06-08
LD004985,CMP0017,2026-04-29,LOST,,2026-05-06
LD004986,CMP0017,2026-04-29,LOST,,2026-05-19
LD004987,CMP0017,2026-04-29,Lost,,2026-06-11
LD004988,CMP0017,2026-04-29,lost,,2026-05-13
LD004989,CMP0017,2026-04-29,Lost,,2026-05-31
LD004990,CMP0017,2026-04-29,Won ,277600.0,2026-05-23
LD004991,CMP0017,2026-04-29,qualified,,
LD004992,CMP0017,2026-04-29,lost,,2026-05-16
LD004993,CMP0017,2026-04-29,Lost,,2026-05-13
LD004994,CMP0017,2026-04-29,Lost,,2026-06-08
LD004995,CMP0017,2026-04-30,NEW ,,
LD004996,CMP0017,2026-04-30,LOST,,2026-06-02
LD004997,CMP0017,2026-04-30,qualified,,
LD004998,CMP0017,2026-04-30,New,,
LD004999,CMP0017,2026-04-30,new,,
LD005000,CMP0017,2026-04-30,new,,
LD005001,CMP0017,2026-04-30,proposal ,,
LD005002,CMP0017,2026-04-30,LOST,,2026-05-18
LD005003,CMP0017,2026-04-30,new,,
LD005004,CMP0017,2026-04-30,Proposal,,
LD005005,CMP0017,2026-04-30,Qualified,,
LD005006,CMP0017,2026-04-30,new,,
LD005007,CMP0017,2026-05-01,Lost,,2026-05-09
LD005008,CMP0017,2026-05-01,new,,
LD005009,CMP0017,2026-05-01,new,,
LD005010,CMP0017,2026-05-01,new,,
LD005011,CMP0017,2026-05-01,NEW ,,
LD005012,CMP0017,2026-05-01,NEW ,,
LD005013,CMP0017,2026-05-01,proposal ,,
LD005014,CMP0017,2026-05-02,qualified,,
LD005015,CMP0017,2026-05-02,Lost,,2026-06-06
LD005016,CMP0017,2026-05-02,Lost,,2026-06-09
LD005017,CMP0017,2026-05-02,Qualified,,
LD005018,CMP0017,2026-05-02,Lost,,2026-06-11
LD005019,CMP0017,2026-05-02,qualified,,
LD005020,CMP0017,2026-05-02,lost,,2026-06-09
LD005021,CMP0017,2026-05-02,new,,
LD005022,CMP0017,2026-05-02,Qualified,,
LD005023,CMP0017,2026-05-02,LOST,,2026-05-24
LD005024,CMP0017,2026-05-03,lost,,2026-05-30
LD005025,CMP0017,2026-05-03,NEW ,,
LD005026,CMP0017,2026-05-03,new,,
LD005027,CMP0017,2026-05-03,Qualified,,
LD005028,CMP0017,2026-05-03,qualified,,
LD005029,CMP0017,2026-05-03,New,,
LD005030,CMP0017,2026-05-03,new,,
LD005031,CMP0017,2026-05-03,LOST,,2026-05-21
LD005032,CMP0017,2026-05-03,Lost,,2026-06-16
LD005033,CMP0017,2026-05-03,Lost,,2026-05-20
LD005034,CMP0017,2026-05-04,new,,
LD005035,CMP0017,2026-05-04,NEW ,,
LD005036,CMP0017,2026-05-04,qualified,,
LD005037,CMP0017,2026-05-04,LOST,,2026-06-12
LD005038,CMP0017,2026-05-04,Qualified,,
LD005039,CMP0017,2026-05-04,new,,
LD005040,CMP0017,2026-05-04,LOST,,2026-06-16
LD005041,CMP0017,2026-05-04,Lost,,2026-05-18
LD005042,CMP0017,2026-05-04,Qualified,,
LD005043,CMP0017,2026-05-04,lost,,2026-05-11
LD005044,CMP0017,2026-05-04,Won ,176400.0,2026-05-29
LD005045,CMP0017,2026-05-04,NEW ,,
LD005046,CMP0017,2026-05-04,lost,,2026-05-22
LD005047,CMP0017,2026-05-04,NEW ,,
LD005048,CMP0017,2026-05-04,New,,
LD005049,CMP0017,2026-05-05,Lost,,2026-06-09
LD005050,CMP0017,2026-05-05,proposal ,,
LD005051,CMP0017,2026-05-05,qualified,,
LD005052,CMP0017,2026-05-05,Lost,,2026-06-15
LD005053,CMP0017,2026-05-05,Lost,,2026-05-23
LD005054,CMP0017,2026-05-05,New,,
LD005055,CMP0017,2026-05-05,LOST,,2026-06-02
LD005056,CMP0017,2026-05-05,Qualified,,
LD005057,CMP0017,2026-05-05,New,,
LD005058,CMP0017,2026-05-06,NEW ,,
LD005059,CMP0017,2026-05-06,lost,,2026-05-22
LD005060,CMP0017,2026-05-06,Qualified,,
LD005061,CMP0017,2026-05-06,Lost,,2026-06-07
LD005062,CMP0017,2026-05-06,Qualified,,
LD005063,CMP0017,2026-05-06,Lost,,2026-06-06
LD005064,CMP0017,2026-05-06,won,187600.0,2026-06-27
LD005065,CMP0017,2026-05-06,qualified,,
LD005066,CMP0017,2026-05-06,LOST,,2026-06-16
LD005067,CMP0017,2026-05-06,new,,
LD005068,CMP0017,2026-05-06,lost,,2026-05-24
LD005069,CMP0017,2026-05-06,new,,
LD005070,CMP0017,2026-05-06,new,,
LD005071,CMP0017,2026-05-06,Qualified,,
LD005072,CMP0017,2026-05-06,Qualified,,
LD005073,CMP0017,2026-05-07,NEW ,,
LD005074,CMP0017,2026-05-07,LOST,,2026-06-03
LD005075,CMP0017,2026-05-07,Won ,218200.0,2026-06-10
LD005076,CMP0017,2026-05-07,NEW ,,
LD005077,CMP0017,2026-05-07,new,,
LD005078,CMP0017,2026-05-07,Qualified,,
LD005079,CMP0017,2026-05-07,Qualified,,
LD005080,CMP0017,2026-05-07,NEW ,,
LD005081,CMP0017,2026-05-08,Lost,,2026-06-05
LD005082,CMP0017,2026-05-08,Proposal,,
LD005083,CMP0017,2026-05-08,new,,
LD005084,CMP0017,2026-05-08,New,,
LD005085,CMP0017,2026-05-08,qualified,,
LD005086,CMP0017,2026-05-08,lost,,2026-06-18
LD005087,CMP0017,2026-05-08,qualified,,
LD005088,CMP0017,2026-05-08,Won ,278200.0,2026-06-05
LD005089,CMP0017,2026-05-08,LOST,,2026-06-16
LD005090,CMP0017,2026-05-08,qualified,,
LD005091,CMP0017,2026-05-08,Lost,,2026-05-31
LD005092,CMP0017,2026-05-08,NEW ,,
LD005093,CMP0017,2026-05-08,Lost,,2026-05-29
LD005094,CMP0017,2026-05-08,Qualified,,
LD005095,CMP0017,2026-05-09,NEW ,,
LD005096,CMP0017,2026-05-09,NEW ,,
LD005097,CMP0017,2026-05-09,new,,
LD005098,CMP0017,2026-05-09,lost,,2026-05-28
LD005099,CMP0017,2026-05-09,New,,
LD005100,CMP0017,2026-05-10,Qualified,,
LD005101,CMP0017,2026-05-10,Lost,,2026-05-19
LD005102,CMP0017,2026-05-10,new,,
LD005103,CMP0017,2026-05-10,Lost,,2026-05-25
LD005104,CMP0017,2026-05-10,LOST,,2026-05-18
LD005105,CMP0017,2026-05-10,lost,,2026-06-23
LD005106,CMP0017,2026-05-10,New,,
LD005107,CMP0017,2026-05-10,NEW ,,
LD005108,CMP0017,2026-05-11,New,,
LD005109,CMP0017,2026-05-11,New,,
LD005110,CMP0017,2026-05-11,Lost,,2026-06-17
LD005111,CMP0017,2026-05-11,New,,
LD005112,CMP0017,2026-05-11,qualified,,
LD005113,CMP0017,2026-05-11,Lost,,2026-06-20
LD005114,CMP0017,2026-05-11,lost,,2026-05-18
LD005115,CMP0017,2026-05-11,Won ,386400.0,2026-06-28
LD005116,CMP0017,2026-05-11,Lost,,2026-05-30
LD005117,CMP0017,2026-05-11,lost,,2026-06-15
LD005118,CMP0017,2026-05-11,new,,
LD005119,CMP0017,2026-05-11,Qualified,,
LD005120,CMP0017,2026-05-11,Won,246600.0,2026-06-27
LD005121,CMP0017,2026-05-12,Lost,,2026-06-15
LD005122,CMP0017,2026-05-12,Lost,,2026-06-05
LD005123,CMP0017,2026-05-12,lost,,2026-05-28
LD005124,CMP0017,2026-05-12,Lost,,2026-05-31
LD005125,CMP0017,2026-05-12,new,,
LD005126,CMP0017,2026-05-12,NEW ,,
LD005127,CMP0017,2026-05-12,new,,
LD005128,CMP0017,2026-05-13,NEW ,,
LD005129,CMP0017,2026-05-13,Lost,,2026-06-02
LD005130,CMP0017,2026-05-13,LOST,,2026-06-10
LD005131,CMP0017,2026-05-13,Qualified,,
LD005132,CMP0017,2026-05-13,Won,277000.0,2026-05-31
LD005133,CMP0017,2026-05-13,lost,,2026-06-12
LD005134,CMP0017,2026-05-13,LOST,,2026-06-04
LD005135,CMP0017,2026-05-13,Lost,,2026-06-04
LD005136,CMP0017,2026-05-13,lost,,2026-06-14
LD005137,CMP0017,2026-05-13,proposal ,,
LD005138,CMP0017,2026-05-13,lost,,2026-06-19
LD005139,CMP0017,2026-05-14,new,,
LD005140,CMP0017,2026-05-14,New,,
LD005141,CMP0017,2026-05-14,Won ,175700.0,2026-07-05
LD005142,CMP0017,2026-05-14,lost,,2026-06-01
LD005143,CMP0017,2026-05-14,Lost,,2026-06-14
LD005144,CMP0017,2026-05-14,NEW ,,
LD005145,CMP0017,2026-05-14,proposal ,,
LD005146,CMP0017,2026-05-14,NEW ,,
LD005147,CMP0017,2026-05-14,New,,
LD005148,CMP0017,2026-05-14,Lost,,2026-06-01
LD005149,CMP0017,2026-05-14,NEW ,,
LD005150,CMP0017,2026-05-14,Qualified,,
LD005151,CMP0017,2026-05-14,LOST,,2026-06-15
LD005152,CMP0017,2026-05-14,lost,,2026-06-07
LD005153,CMP0017,2026-05-14,new,,
LD005154,CMP0017,2026-05-14,new,,
LD005155,CMP0017,2026-05-14,Proposal,,
LD005156,CMP0017,2026-05-15,LOST,,2026-06-18
LD005157,CMP0017,2026-05-15,Lost,,2026-05-29
LD005158,CMP0017,2026-05-15,new,,
LD005159,CMP0017,2026-05-15,Won,426600.0,2026-06-24
LD005160,CMP0017,2026-05-15,Lost,,2026-05-29
LD005161,CMP0017,2026-05-15,proposal ,,
LD005162,CMP0017,2026-05-15,qualified,,
LD005163,CMP0017,2026-05-16,LOST,,2026-05-29
LD005164,CMP0017,2026-05-16,Qualified,,
LD005165,CMP0017,2026-05-16,Lost,,2026-06-12
LD005166,CMP0017,2026-05-16,lost,,2026-06-17
LD005167,CMP0017,2026-05-16,won,200000.0,2026-06-20
LD005168,CMP0017,2026-05-16,lost,,2026-05-26
LD005169,CMP0017,2026-05-16,New,,
LD005170,CMP0017,2026-05-16,Qualified,,
LD005171,CMP0017,2026-05-16,LOST,,2026-06-05
LD005172,CMP0017,2026-05-17,New,,
LD005173,CMP0017,2026-05-17,proposal ,,
LD005174,CMP0017,2026-05-17,new,,
LD005175,CMP0017,2026-05-17,Lost,,2026-06-20
LD005176,CMP0017,2026-05-17,NEW ,,
LD005177,CMP0017,2026-05-17,qualified,,
LD005178,CMP0017,2026-05-17,Qualified,,
LD005179,CMP0017,2026-05-17,new,,
LD005180,CMP0017,2026-05-17,NEW ,,
LD005181,CMP0017,2026-05-17,new,,
LD005182,CMP0017,2026-05-17,qualified,,
LD005183,CMP0017,2026-05-17,Lost,,2026-06-18
LD005184,CMP0017,2026-05-18,New,,
LD005185,CMP0017,2026-05-18,qualified,,
LD005186,CMP0017,2026-05-18,New,,
LD005187,CMP0017,2026-05-18,qualified,,
LD005188,CMP0017,2026-05-18,Qualified,,
LD005189,CMP0017,2026-05-18,New,,
LD005190,CMP0017,2026-05-18,Lost,,2026-06-14
LD005191,CMP0017,2026-05-18,NEW ,,
LD005192,CMP0017,2026-05-18,New,,
LD005193,CMP0017,2026-05-18,new,,
LD005194,CMP0017,2026-05-18,New,,
LD005195,CMP0017,2026-05-18,Lost,,2026-06-28
LD005196,CMP0017,2026-05-18,LOST,,2026-06-15
LD005197,CMP0017,2026-05-19,New,,
LD005198,CMP0017,2026-05-19,Qualified,,
LD005199,CMP0017,2026-05-19,qualified,,
LD005200,CMP0017,2026-05-19,Proposal,,
LD005201,CMP0017,2026-05-19,New,,
LD005202,CMP0017,2026-05-19,Lost,,2026-06-11
LD005203,CMP0017,2026-05-19,NEW ,,
LD005204,CMP0017,2026-05-19,qualified,,
LD005205,CMP0017,2026-05-19,New,,
LD005206,CMP0017,2026-05-19,LOST,,2026-06-04
LD005207,CMP0017,2026-05-19,Lost,,2026-06-05
LD005208,CMP0017,2026-05-20,qualified,,
LD005209,CMP0017,2026-05-20,NEW ,,
LD005210,CMP0017,2026-05-20,Lost,,2026-06-28
LD005211,CMP0017,2026-05-20,Won,424100.0,2026-06-10
LD005212,CMP0017,2026-05-20,New,,
LD005213,CMP0017,2026-05-20,New,,
LD005214,CMP0017,2026-05-20,lost,,2026-06-16
LD005215,CMP0017,2026-05-20,Lost,,2026-05-29
LD005216,CMP0017,2026-05-20,Qualified,,
LD005217,CMP0017,2026-05-20,lost,,2026-06-27
LD005218,CMP0017,2026-05-20,qualified,,
LD005219,CMP0017,2026-05-21,new,,
LD005220,CMP0017,2026-05-21,won,310800.0,2026-07-09
LD005221,CMP0017,2026-05-21,qualified,,
LD005222,CMP0017,2026-05-21,NEW ,,
LD005223,CMP0017,2026-05-21,lost,,2026-07-03
LD005224,CMP0017,2026-05-21,LOST,,2026-05-31
LD005225,CMP0017,2026-05-21,Lost,,2026-07-01
LD005226,CMP0017,2026-05-21,LOST,,2026-06-08
LD005227,CMP0017,2026-05-21,lost,,2026-06-28
LD005228,CMP0017,2026-05-21,Qualified,,
LD005229,CMP0017,2026-05-21,qualified,,
LD005230,CMP0017,2026-05-21,lost,,2026-06-26
LD005231,CMP0017,2026-05-22,Lost,,2026-05-31
LD005232,CMP0017,2026-05-22,Qualified,,
LD005233,CMP0017,2026-05-22,lost,,2026-06-16
LD005234,CMP0017,2026-05-22,qualified,,
LD005235,CMP0017,2026-05-22,lost,,2026-07-02
LD005236,CMP0017,2026-05-22,lost,,2026-06-04
LD005237,CMP0017,2026-05-22,Qualified,,
LD005238,CMP0017,2026-05-22,qualified,,
LD005239,CMP0017,2026-05-23,Proposal,,
LD005240,CMP0017,2026-05-23,lost,,2026-06-05
LD005241,CMP0017,2026-05-23,LOST,,2026-06-28
LD005242,CMP0017,2026-05-23,lost,,2026-06-17
LD005243,CMP0017,2026-05-23,qualified,,
LD005244,CMP0017,2026-05-23,LOST,,2026-06-01
LD005245,CMP0017,2026-05-23,lost,,2026-06-19
LD005246,CMP0017,2026-05-23,new,,
LD005247,CMP0017,2026-05-23,new,,
LD005248,CMP0017,2026-05-23,Qualified,,
LD005249,CMP0017,2026-05-24,Proposal,,
LD005250,CMP0017,2026-05-24,LOST,,2026-06-03
LD005251,CMP0017,2026-05-24,qualified,,
LD005252,CMP0017,2026-05-24,NEW ,,
LD005253,CMP0017,2026-05-24,Proposal,,
LD005254,CMP0017,2026-05-24,LOST,,2026-06-15
LD005255,CMP0017,2026-05-24,NEW ,,
LD005256,CMP0017,2026-05-24,lost,,2026-07-07
LD005257,CMP0017,2026-05-24,Lost,,2026-07-03
LD005258,CMP0017,2026-05-25,qualified,,
LD005259,CMP0017,2026-05-25,Lost,,2026-07-08
LD005260,CMP0017,2026-05-25,qualified,,
LD005261,CMP0017,2026-05-25,Qualified,,
LD005262,CMP0017,2026-05-25,lost,,2026-07-01
LD005263,CMP0017,2026-05-25,Lost,,2026-06-22
LD005264,CMP0017,2026-05-25,Qualified,,
LD005265,CMP0017,2026-05-25,lost,,2026-06-06
LD005266,CMP0017,2026-05-25,proposal ,,
LD005267,CMP0017,2026-05-25,lost,,2026-07-02
LD005268,CMP0017,2026-05-25,proposal ,,
LD005269,CMP0017,2026-05-25,qualified,,
LD005270,CMP0017,2026-05-26,Lost,,2026-06-11
LD005271,CMP0017,2026-05-26,New,,
LD005272,CMP0017,2026-05-26,lost,,2026-06-11
LD005273,CMP0017,2026-05-26,WON,207400.0,2026-07-10
LD005274,CMP0017,2026-05-26,Qualified,,
LD005275,CMP0017,2026-05-26,qualified,,
LD005276,CMP0017,2026-05-26,Won ,212500.0,2026-07-23
LD005277,CMP0017,2026-05-26,Qualified,,
LD005278,CMP0017,2026-05-26,new,,
LD005279,CMP0017,2026-05-27,Lost,,2026-06-16
LD005280,CMP0017,2026-05-27,lost,,2026-06-06
LD005281,CMP0017,2026-05-27,WON,209100.0,2026-06-21
LD005282,CMP0017,2026-05-27,NEW ,,
LD005283,CMP0017,2026-05-27,new,,
LD005284,CMP0017,2026-05-27,lost,,2026-07-08
LD005285,CMP0017,2026-05-27,Lost,,2026-07-06
LD005286,CMP0017,2026-05-27,proposal ,,
LD005287,CMP0017,2026-05-27,qualified,,
LD005288,CMP0017,2026-05-27,LOST,,2026-06-18
LD005289,CMP0017,2026-05-28,Qualified,,
LD005290,CMP0017,2026-05-28,NEW ,,
LD005291,CMP0017,2026-05-28,Lost,,2026-06-12
LD005292,CMP0017,2026-05-28,new,,
LD005293,CMP0017,2026-05-28,Lost,,2026-06-08
LD005294,CMP0017,2026-05-28,lost,,2026-07-10
LD005295,CMP0017,2026-05-28,qualified,,
LD005296,CMP0017,2026-05-28,lost,,2026-07-07
LD005297,CMP0017,2026-05-29,Lost,,2026-06-05
LD005298,CMP0017,2026-05-29,Qualified,,
LD005299,CMP0017,2026-05-29,NEW ,,
LD005300,CMP0017,2026-05-29,won,330200.0,2026-06-12
LD005301,CMP0017,2026-05-29,New,,
LD005302,CMP0017,2026-05-29,New,,
LD005303,CMP0017,2026-05-29,Proposal,,
LD005304,CMP0017,2026-05-29,lost,,2026-07-02
LD005305,CMP0017,2026-05-29,New,,
LD005306,CMP0017,2026-05-29,Lost,,2026-06-19
LD005307,CMP0017,2026-05-29,NEW ,,
LD005308,CMP0017,2026-05-29,qualified,,
LD005309,CMP0017,2026-05-29,Lost,,2026-06-21
LD005310,CMP0017,2026-05-30,qualified,,
LD005311,CMP0017,2026-05-30,New,,
LD005312,CMP0017,2026-05-30,WON,256700.0,2026-06-28
LD005313,CMP0017,2026-05-30,lost,,2026-06-30
LD005314,CMP0017,2026-05-30,new,,
LD005315,CMP0017,2026-05-30,qualified,,
LD005316,CMP0017,2026-05-30,New,,
LD005317,CMP0017,2026-05-30,proposal ,,
LD005318,CMP0017,2026-05-30,NEW ,,
LD005319,CMP0017,2026-05-30,lost,,2026-07-03
LD005320,CMP0017,2026-05-30,New,,
LD005321,CMP0017,2026-05-30,NEW ,,
LD005322,CMP0017,2026-05-30,lost,,2026-07-07
LD005323,CMP0017,2026-05-31,LOST,,2026-06-19
LD005324,CMP0017,2026-05-31,Lost,,2026-06-22
LD005325,CMP0017,2026-05-31,NEW ,,
LD005326,CMP0017,2026-05-31,NEW ,,
LD005327,CMP0017,2026-05-31,qualified,,
LD005328,CMP0017,2026-05-31,Proposal,,
LD005329,CMP0017,2026-05-31,LOST,,2026-06-20
LD005330,CMP0017,2026-06-01,new,,
LD005331,CMP0017,2026-06-01,lost,,2026-06-30
LD005332,CMP0017,2026-06-01,new,,
LD005333,CMP0017,2026-06-01,NEW ,,
LD005334,CMP0017,2026-06-01,New,,
LD005335,CMP0017,2026-06-01,Lost,,2026-07-14
LD005336,CMP0017,2026-06-01,Qualified,,
LD005337,CMP0017,2026-06-01,New,,
LD005338,CMP0018,2026-02-05,Proposal,,
LD005339,CMP0018,2026-02-07,Lost,,2026-03-11
LD005340,CMP0018,2026-02-09,Qualified,,
LD005341,CMP0018,2026-02-09,Qualified,,
LD005342,CMP0018,2026-02-10,proposal ,,
LD005343,CMP0018,2026-02-10,qualified,,
LD005344,CMP0018,2026-02-10,new,,
LD005345,CMP0018,2026-02-10,qualified,,
LD005346,CMP0018,2026-02-10,Qualified,,
LD005347,CMP0018,2026-02-12,Qualified,,
LD005348,CMP0018,2026-02-12,Qualified,,
LD005349,CMP0018,2026-02-13,New,,
LD005350,CMP0018,2026-02-13,new,,
LD005351,CMP0018,2026-02-14,NEW ,,
LD005352,CMP0018,2026-02-16,NEW ,,
LD005353,CMP0018,2026-02-17,lost,,2026-04-02
LD005354,CMP0018,2026-02-17,proposal ,,
LD005355,CMP0018,2026-02-18,qualified,,
LD005356,CMP0018,2026-02-18,LOST,,2026-03-27
LD005357,CMP0018,2026-02-18,NEW ,,
LD005358,CMP0018,2026-02-19,lost,,2026-04-02
LD005359,CMP0018,2026-02-20,qualified,,
LD005360,CMP0018,2026-02-20,Qualified,,
LD005361,CMP0018,2026-02-20,qualified,,
LD005362,CMP0018,2026-02-21,Lost,,2026-03-05
LD005363,CMP0018,2026-02-22,lost,,2026-03-11
LD005364,CMP0018,2026-02-24,lost,,2026-03-20
LD005365,CMP0018,2026-02-26,Won ,244300.0,2026-04-14
LD005366,CMP0018,2026-02-27,WON,341200.0,2026-03-21
LD005367,CMP0018,2026-02-27,lost,,2026-03-18
LD005368,CMP0018,2026-02-27,WON,264400.0,2026-03-26
LD005369,CMP0018,2026-02-27,New,,
LD005370,CMP0018,2026-02-28,Qualified,,
LD005371,CMP0018,2026-03-01,Lost,,2026-04-09
LD005372,CMP0018,2026-03-01,New,,
LD005373,CMP0018,2026-03-01,NEW ,,
LD005374,CMP0018,2026-03-02,Lost,,2026-04-04
LD005375,CMP0018,2026-03-02,Lost,,2026-04-09
LD005376,CMP0018,2026-03-02,new,,
LD005377,CMP0018,2026-03-03,NEW ,,
LD005378,CMP0018,2026-03-03,Lost,,2026-03-11
LD005379,CMP0018,2026-03-03,Lost,,2026-03-12
LD005380,CMP0018,2026-03-03,new,,
LD005381,CMP0018,2026-03-04,LOST,,2026-03-16
LD005382,CMP0018,2026-03-06,NEW ,,
LD005383,CMP0018,2026-03-06,New,,
LD005384,CMP0018,2026-03-08,qualified,,
LD005385,CMP0018,2026-03-08,NEW ,,
LD005386,CMP0018,2026-03-09,new,,
LD005387,CMP0018,2026-03-09,LOST,,2026-04-15
LD005388,CMP0018,2026-03-10,lost,,2026-03-29
LD005389,CMP0018,2026-03-10,lost,,2026-03-23
LD005390,CMP0018,2026-03-10,qualified,,
LD005391,CMP0018,2026-03-11,lost,,2026-03-19
LD005392,CMP0018,2026-03-11,new,,
LD005393,CMP0018,2026-03-11,qualified,,
LD005394,CMP0018,2026-03-12,lost,,2026-03-22
LD005395,CMP0018,2026-03-12,Lost,,2026-04-18
LD005396,CMP0018,2026-03-12,Qualified,,
LD005397,CMP0018,2026-03-12,new,,
LD005398,CMP0018,2026-03-14,new,,
LD005399,CMP0018,2026-03-15,New,,
LD005400,CMP0018,2026-03-16,NEW ,,
LD005401,CMP0018,2026-03-16,Qualified,,
LD005402,CMP0018,2026-03-17,NEW ,,
LD005403,CMP0018,2026-03-17,WON,251600.0,2026-05-02
LD005404,CMP0018,2026-03-18,proposal ,,
LD005405,CMP0018,2026-03-18,NEW ,,
LD005406,CMP0018,2026-03-21,qualified,,
LD005407,CMP0018,2026-03-21,new,,
LD005408,CMP0018,2026-03-22,Qualified,,
LD005409,CMP0018,2026-03-23,new,,
LD005410,CMP0018,2026-03-23,Won ,316200.0,2026-04-14
LD005411,CMP0018,2026-03-23,Proposal,,
LD005412,CMP0018,2026-03-24,Proposal,,
LD005413,CMP0018,2026-03-24,Lost,,2026-04-09
LD005414,CMP0018,2026-03-26,Qualified,,
LD005415,CMP0018,2026-03-26,Qualified,,
LD005416,CMP0018,2026-03-26,new,,
LD005417,CMP0018,2026-03-28,Proposal,,
LD005418,CMP0018,2026-03-29,Lost,,2026-04-05
LD005419,CMP0018,2026-03-29,New,,
LD005420,CMP0018,2026-03-31,new,,
LD005421,CMP0018,2026-04-01,new,,
LD005422,CMP0018,2026-04-01,New,,
LD005423,CMP0018,2026-04-01,LOST,,2026-04-18
LD005424,CMP0018,2026-04-01,lost,,2026-04-18
LD005425,CMP0018,2026-04-01,Lost,,2026-04-10
LD005426,CMP0018,2026-04-02,new,,
LD005427,CMP0018,2026-04-02,Qualified,,
LD005428,CMP0018,2026-04-02,New,,
LD005429,CMP0018,2026-04-03,Won,222100.0,2026-05-21
LD005430,CMP0018,2026-04-03,Lost,,2026-04-20
LD005431,CMP0018,2026-04-03,Lost,,2026-04-30
LD005432,CMP0018,2026-04-05,new,,
LD005433,CMP0018,2026-04-06,new,,
LD005434,CMP0018,2026-04-07,proposal ,,
LD005435,CMP0018,2026-04-07,LOST,,2026-04-28
LD005436,CMP0018,2026-04-07,Won ,187700.0,2026-05-23
LD005437,CMP0018,2026-04-08,Lost,,2026-04-21
LD005438,CMP0018,2026-04-09,Lost,,2026-04-21
LD005439,CMP0018,2026-04-09,qualified,,
LD005440,CMP0018,2026-04-09,Qualified,,
LD005441,CMP0018,2026-04-10,Qualified,,
LD005442,CMP0018,2026-04-11,proposal ,,
LD005443,CMP0018,2026-04-11,LOST,,2026-05-24
LD005444,CMP0018,2026-04-11,WON,166200.0,2026-06-04
LD005445,CMP0018,2026-04-13,new,,
LD005446,CMP0018,2026-04-13,LOST,,2026-05-08
LD005447,CMP0018,2026-04-13,proposal ,,
LD005448,CMP0018,2026-04-14,LOST,,2026-05-19
LD005449,CMP0018,2026-04-14,LOST,,2026-04-21
LD005450,CMP0018,2026-04-15,lost,,2026-05-15
LD005451,CMP0018,2026-04-15,Lost,,2026-05-01
LD005452,CMP0018,2026-04-15,New,,
LD005453,CMP0018,2026-04-17,new,,
LD005454,CMP0018,2026-04-17,Lost,,2026-04-27
LD005455,CMP0018,2026-04-17,Qualified,,
LD005456,CMP0018,2026-04-18,New,,
LD005457,CMP0018,2026-04-18,New,,
LD005458,CMP0018,2026-04-19,new,,
LD005459,CMP0018,2026-04-19,New,,
LD005460,CMP0018,2026-04-20,Qualified,,
LD005461,CMP0018,2026-04-20,won,233100.0,2026-05-04
LD005462,CMP0018,2026-04-22,lost,,2026-05-05
LD005463,CMP0018,2026-04-24,NEW ,,
LD005464,CMP0018,2026-04-24,lost,,2026-06-05
LD005465,CMP0018,2026-04-25,NEW ,,
LD005466,CMP0018,2026-04-25,LOST,,2026-05-28
LD005467,CMP0018,2026-04-25,Lost,,2026-05-15
LD005468,CMP0018,2026-04-25,Proposal,,
LD005469,CMP0018,2026-04-26,new,,
LD005470,CMP0018,2026-04-27,Lost,,2026-05-31
LD005471,CMP0018,2026-04-27,Qualified,,
LD005472,CMP0018,2026-04-27,New,,
LD005473,CMP0018,2026-04-28,Qualified,,
LD005474,CMP0018,2026-04-28,Proposal,,
LD005475,CMP0018,2026-04-28,lost,,2026-06-06
LD005476,CMP0018,2026-04-29,New,,
LD005477,CMP0018,2026-04-30,Qualified,,
LD005478,CMP0018,2026-05-01,qualified,,
LD005479,CMP0018,2026-05-01,lost,,2026-06-04
LD005480,CMP0018,2026-05-01,new,,
LD005481,CMP0018,2026-05-01,Lost,,2026-05-26
LD005482,CMP0018,2026-05-02,LOST,,2026-06-12
LD005483,CMP0018,2026-05-02,lost,,2026-05-21
LD005484,CMP0018,2026-05-03,NEW ,,
LD005485,CMP0018,2026-05-03,New,,
LD005486,CMP0018,2026-05-07,qualified,,
LD005487,CMP0018,2026-05-08,Lost,,2026-06-08
LD005488,CMP0018,2026-05-08,NEW ,,
LD005489,CMP0018,2026-05-08,LOST,,2026-06-15
LD005490,CMP0018,2026-05-09,Lost,,2026-06-20
LD005491,CMP0018,2026-05-11,LOST,,2026-06-09
LD005492,CMP0018,2026-05-11,lost,,2026-05-29
LD005493,CMP0018,2026-05-14,lost,,2026-06-09
LD005494,CMP0018,2026-05-15,new,,
LD005495,CMP0018,2026-05-16,qualified,,
LD005496,CMP0018,2026-05-17,LOST,,2026-05-28
LD005497,CMP0018,2026-05-17,lost,,2026-06-25
LD005498,CMP0018,2026-05-18,qualified,,
LD005499,CMP0018,2026-05-18,Won,534800.0,2026-06-30
LD005500,CMP0018,2026-05-18,Lost,,2026-05-30
LD005501,CMP0018,2026-05-19,new,,
LD005502,CMP0018,2026-05-20,LOST,,2026-06-03
LD005503,CMP0018,2026-05-21,Qualified,,
LD005504,CMP0018,2026-05-21,Lost,,2026-06-26
LD005505,CMP0018,2026-05-21,Lost,,2026-06-27
LD005506,CMP0018,2026-05-22,LOST,,2026-06-22
LD005507,CMP0018,2026-05-22,lost,,2026-06-03
LD005508,CMP0018,2026-05-23,new,,
LD005509,CMP0018,2026-05-23,Qualified,,
LD005510,CMP0018,2026-05-24,won,205900.0,2026-07-11
LD005511,CMP0018,2026-05-24,Qualified,,
LD005512,CMP0018,2026-05-24,won,281800.0,2026-06-25
LD005513,CMP0018,2026-05-25,LOST,,2026-06-03
LD005514,CMP0018,2026-05-25,lost,,2026-06-22
LD005515,CMP0018,2026-05-26,Lost,,2026-06-02
LD005516,CMP0018,2026-05-26,LOST,,2026-06-24
LD005517,CMP0018,2026-05-26,lost,,2026-06-13
LD005518,CMP0018,2026-05-26,lost,,2026-06-02
LD005519,CMP0018,2026-05-27,LOST,,2026-07-06
LD005520,CMP0018,2026-05-27,qualified,,
LD005521,CMP0018,2026-05-28,New,,
LD005522,CMP0018,2026-05-28,LOST,,2026-06-17
LD005523,CMP0018,2026-05-28,lost,,2026-06-12
LD005524,CMP0018,2026-05-29,WON,232100.0,2026-06-27
LD005525,CMP0018,2026-05-30,new,,
LD005526,CMP0018,2026-05-31,WON,260800.0,2026-06-21
LD005527,CMP0018,2026-06-01,NEW ,,
LD005528,CMP0018,2026-06-02,Lost,,2026-07-11
LD005529,CMP0018,2026-06-03,Lost,,2026-07-08
LD005530,CMP0018,2026-06-04,New,,
LD005531,CMP0018,2026-06-05,new,,
LD005532,CMP0018,2026-06-05,Lost,,2026-07-08
LD005533,CMP0018,2026-06-07,NEW ,,
LD005534,CMP0018,2026-06-09,NEW ,,
LD005535,CMP0018,2026-06-09,new,,
LD005536,CMP0018,2026-06-10,NEW ,,
LD005537,CMP0018,2026-06-11,lost,,2026-06-27
LD005538,CMP0018,2026-06-12,Proposal,,
LD005539,CMP0018,2026-06-12,qualified,,
LD005540,CMP0018,2026-06-12,Won ,204800.0,2026-07-08
LD005541,CMP0018,2026-06-13,Lost,,2026-07-17
LD005542,CMP0018,2026-06-14,qualified,,
LD005543,CMP0018,2026-06-16,lost,,2026-06-23
LD005544,CMP0018,2026-06-17,New,,
LD005545,CMP0018,2026-06-17,Lost,,2026-06-28
LD005546,CMP0018,2026-06-18,qualified,,
LD005547,CMP0018,2026-06-19,Lost,,2026-07-05
LD005548,CMP0018,2026-06-20,qualified,,
LD005549,CMP0018,2026-06-21,proposal ,,
LD005550,CMP0018,2026-06-22,Lost,,2026-07-21
LD005551,CMP0018,2026-06-22,new,,
LD005552,CMP0018,2026-06-23,New,,
LD005553,CMP0018,2026-06-25,Lost,,2026-07-10
LD005554,CMP0018,2026-06-25,Qualified,,
LD005555,CMP0018,2026-06-25,Proposal,,
LD005556,CMP0018,2026-06-25,lost,,2026-07-05
LD005557,CMP0018,2026-06-26,WON,337600.0,2026-07-22
LD005558,CMP0018,2026-06-26,lost,,2026-08-09
LD005559,CMP0018,2026-06-26,new,,
LD005560,CMP0018,2026-06-27,new,,
LD005561,CMP0018,2026-06-28,qualified,,
LD005562,CMP0018,2026-06-28,Qualified,,
LD005563,CMP0018,2026-06-28,New,,
LD005564,CMP0018,2026-06-29,qualified,,
LD005565,CMP0018,2026-06-30,qualified,,
LD005566,CMP0018,2026-06-30,new,,
LD005567,CMP0018,2026-07-01,lost,,2026-07-27
LD005568,CMP0018,2026-07-01,New,,
LD005569,CMP0018,2026-07-01,WON,227800.0,2026-08-20
LD005570,CMP0018,2026-07-01,qualified,,
LD005571,CMP0018,2026-07-03,Qualified,,
LD005572,CMP0018,2026-07-03,new,,
LD005573,CMP0018,2026-07-03,Proposal,,
LD005574,CMP0018,2026-07-03,qualified,,
LD005575,CMP0018,2026-07-04,NEW ,,
LD005576,CMP0019,2025-11-17,New,,
LD005577,CMP0019,2025-11-17,Lost,,2025-11-26
LD005578,CMP0019,2025-11-17,qualified,,
LD005579,CMP0019,2025-11-17,Lost,,2025-11-28
LD005580,CMP0019,2025-11-17,qualified,,
LD005581,CMP0019,2025-11-17,LOST,,2025-12-15
LD005582,CMP0019,2025-11-17,proposal ,,
LD005583,CMP0019,2025-11-17,NEW ,,
LD005584,CMP0019,2025-11-17,new,,
LD005585,CMP0019,2025-11-17,qualified,,
LD005586,CMP0019,2025-11-17,won,49200.0,2025-12-04
LD005587,CMP0019,2025-11-17,LOST,,2025-12-02
LD005588,CMP0019,2025-11-18,lost,,2025-12-18
LD005589,CMP0019,2025-11-18,New,,
LD005590,CMP0019,2025-11-18,Lost,,2025-12-16
LD005591,CMP0019,2025-11-19,qualified,,
LD005592,CMP0019,2025-11-19,LOST,,2026-01-02
LD005593,CMP0019,2025-11-19,New,,
LD005594,CMP0019,2025-11-19,Qualified,,
LD005595,CMP0019,2025-11-19,New,,
LD005596,CMP0019,2025-11-19,new,,
LD005597,CMP0019,2025-11-19,NEW ,,
LD005598,CMP0019,2025-11-19,LOST,,2025-12-02
LD005599,CMP0019,2025-11-19,lost,,2025-12-24
LD005600,CMP0019,2025-11-20,proposal ,,
LD005601,CMP0019,2025-11-20,Proposal,,
LD005602,CMP0019,2025-11-20,lost,,2025-12-07
LD005603,CMP0019,2025-11-21,NEW ,,
LD005604,CMP0019,2025-11-21,New,,
LD005605,CMP0019,2025-11-21,Lost,,2025-12-01
LD005606,CMP0019,2025-11-21,lost,,2025-12-19
LD005607,CMP0019,2025-11-21,LOST,,2025-12-08
LD005608,CMP0019,2025-11-21,LOST,,2025-12-26
LD005609,CMP0019,2025-11-21,Won,68400.0,2025-12-21
LD005610,CMP0019,2025-11-22,new,,
LD005611,CMP0019,2025-11-22,Qualified,,
LD005612,CMP0019,2025-11-22,lost,,2025-12-26
LD005613,CMP0019,2025-11-22,Qualified,,
LD005614,CMP0019,2025-11-22,NEW ,,
LD005615,CMP0019,2025-11-23,Qualified,,
LD005616,CMP0019,2025-11-23,Won ,34700.0,2026-01-12
LD005617,CMP0019,2025-11-23,New,,
LD005618,CMP0019,2025-11-23,won,65200.0,2025-12-28
LD005619,CMP0019,2025-11-23,new,,
LD005620,CMP0019,2025-11-24,Lost,,2025-12-05
LD005621,CMP0019,2025-11-24,new,,
LD005622,CMP0019,2025-11-24,new,,
LD005623,CMP0019,2025-11-24,New,,
LD005624,CMP0019,2025-11-25,lost,,2025-12-08
LD005625,CMP0019,2025-11-25,LOST,,2026-01-01
LD005626,CMP0019,2025-11-25,New,,
LD005627,CMP0019,2025-11-26,Qualified,,
LD005628,CMP0019,2025-11-26,qualified,,
LD005629,CMP0019,2025-11-26,Proposal,,
LD005630,CMP0019,2025-11-26,NEW ,,
LD005631,CMP0019,2025-11-26,new,,
LD005632,CMP0019,2025-11-27,qualified,,
LD005633,CMP0019,2025-11-27,lost,,2025-12-28
LD005634,CMP0019,2025-11-27,lost,,2025-12-11
LD005635,CMP0019,2025-11-27,new,,
LD005636,CMP0019,2025-11-28,qualified,,
LD005637,CMP0019,2025-11-28,NEW ,,
LD005638,CMP0019,2025-11-28,new,,
LD005639,CMP0019,2025-11-28,lost,,2026-01-08
LD005640,CMP0019,2025-11-28,Qualified,,
LD005641,CMP0019,2025-11-28,LOST,,2025-12-30
LD005642,CMP0019,2025-11-28,LOST,,2025-12-15
LD005643,CMP0019,2025-11-28,New,,
LD005644,CMP0019,2025-11-28,Lost,,2025-12-28
LD005645,CMP0019,2025-11-29,Won ,35500.0,2025-12-22
LD005646,CMP0019,2025-11-29,new,,
LD005647,CMP0019,2025-11-29,lost,,2025-12-29
LD005648,CMP0019,2025-11-29,Qualified,,
LD005649,CMP0019,2025-11-29,new,,
LD005650,CMP0019,2025-11-29,Qualified,,
LD005651,CMP0019,2025-11-29,qualified,,
LD005652,CMP0019,2025-11-29,LOST,,2026-01-11
LD005653,CMP0019,2025-11-29,new,,
LD005654,CMP0019,2025-11-30,Lost,,2025-12-18
LD005655,CMP0019,2025-11-30,NEW ,,
LD005656,CMP0019,2025-11-30,new,,
LD005657,CMP0019,2025-11-30,new,,
LD005658,CMP0019,2025-12-01,NEW ,,
LD005659,CMP0019,2025-12-01,LOST,,2025-12-23
LD005660,CMP0019,2025-12-01,LOST,,2025-12-10
LD005661,CMP0019,2025-12-01,NEW ,,
LD005662,CMP0019,2025-12-01,Lost,,2026-01-08
LD005663,CMP0019,2025-12-01,new,,
LD005664,CMP0019,2025-12-02,New,,
LD005665,CMP0019,2025-12-02,New,,
LD005666,CMP0019,2025-12-02,qualified,,
LD005667,CMP0019,2025-12-02,new,,
LD005668,CMP0019,2025-12-02,qualified,,
LD005669,CMP0019,2025-12-02,qualified,,
LD005670,CMP0019,2025-12-02,New,,
LD005671,CMP0019,2025-12-02,NEW ,,
LD005672,CMP0019,2025-12-02,Proposal,,
LD005673,CMP0019,2025-12-03,LOST,,2025-12-22
LD005674,CMP0019,2025-12-03,Lost,,2026-01-13
LD005675,CMP0019,2025-12-03,Qualified,,
LD005676,CMP0019,2025-12-03,LOST,,2025-12-19
LD005677,CMP0019,2025-12-03,new,,
LD005678,CMP0019,2025-12-03,qualified,,
LD005679,CMP0019,2025-12-03,New,,
LD005680,CMP0019,2025-12-04,Lost,,2026-01-17
LD005681,CMP0019,2025-12-04,lost,,2025-12-27
LD005682,CMP0019,2025-12-04,NEW ,,
LD005683,CMP0019,2025-12-04,LOST,,2025-12-14
LD005684,CMP0019,2025-12-04,NEW ,,
LD005685,CMP0019,2025-12-04,lost,,2025-12-18
LD005686,CMP0019,2025-12-04,Qualified,,
LD005687,CMP0019,2025-12-04,Qualified,,
LD005688,CMP0019,2025-12-05,qualified,,
LD005689,CMP0019,2025-12-05,new,,
LD005690,CMP0019,2025-12-05,qualified,,
LD005691,CMP0019,2025-12-05,Proposal,,
LD005692,CMP0019,2025-12-05,Won,42300.0,2025-12-21
LD005693,CMP0019,2025-12-05,Qualified,,
LD005694,CMP0019,2025-12-05,new,,
LD005695,CMP0019,2025-12-06,New,,
LD005696,CMP0019,2025-12-06,qualified,,
LD005697,CMP0019,2025-12-06,new,,
LD005698,CMP0019,2025-12-06,qualified,,
LD005699,CMP0019,2025-12-06,NEW ,,
LD005700,CMP0019,2025-12-06,Proposal,,
LD005701,CMP0019,2025-12-07,NEW ,,
LD005702,CMP0019,2025-12-07,WON,53400.0,2025-12-27
LD005703,CMP0019,2025-12-07,Qualified,,
LD005704,CMP0019,2025-12-07,new,,
LD005705,CMP0019,2025-12-08,Lost,,2025-12-26
LD005706,CMP0019,2025-12-08,lost,,2026-01-08
LD005707,CMP0019,2025-12-08,lost,,2025-12-15
LD005708,CMP0019,2025-12-08,Qualified,,
LD005709,CMP0019,2025-12-08,new,,
LD005710,CMP0019,2025-12-08,new,,
LD005711,CMP0019,2025-12-08,new,,
LD005712,CMP0019,2025-12-08,LOST,,2026-01-10
LD005713,CMP0019,2025-12-09,New,,
LD005714,CMP0019,2025-12-09,NEW ,,
LD005715,CMP0019,2025-12-09,Lost,,2026-01-05
LD005716,CMP0019,2025-12-09,New,,
LD005717,CMP0019,2025-12-09,NEW ,,
LD005718,CMP0019,2025-12-09,new,,
LD005719,CMP0019,2025-12-09,WON,29100.0,2026-01-09
LD005720,CMP0019,2025-12-09,new,,
LD005721,CMP0019,2025-12-10,NEW ,,
LD005722,CMP0019,2025-12-10,New,,
LD005723,CMP0019,2025-12-10,new,,
LD005724,CMP0019,2025-12-10,lost,,2025-12-23
LD005725,CMP0019,2025-12-10,lost,,2025-12-26
LD005726,CMP0019,2025-12-10,NEW ,,
LD005727,CMP0019,2025-12-10,lost,,2025-12-27
LD005728,CMP0019,2025-12-10,New,,
LD005729,CMP0019,2025-12-11,proposal ,,
LD005730,CMP0019,2025-12-11,Lost,,2026-01-03
LD005731,CMP0019,2025-12-11,LOST,,2026-01-13
LD005732,CMP0019,2025-12-11,lost,,2025-12-28
LD005733,CMP0019,2025-12-11,new,,
LD005734,CMP0019,2025-12-11,lost,,2025-12-20
LD005735,CMP0019,2025-12-12,NEW ,,
LD005736,CMP0019,2025-12-12,NEW ,,
LD005737,CMP0019,2025-12-12,proposal ,,
LD005738,CMP0019,2025-12-12,Lost,,2026-01-21
LD005739,CMP0019,2025-12-12,lost,,2026-01-14
LD005740,CMP0019,2025-12-12,Qualified,,
LD005741,CMP0019,2025-12-13,new,,
LD005742,CMP0019,2025-12-14,new,,
LD005743,CMP0019,2025-12-14,Qualified,,
LD005744,CMP0019,2025-12-15,new,,
LD005745,CMP0019,2025-12-15,Lost,,2025-12-31
LD005746,CMP0019,2025-12-15,LOST,,2026-01-23
LD005747,CMP0019,2025-12-15,lost,,2026-01-15
LD005748,CMP0019,2025-12-15,New,,
LD005749,CMP0019,2025-12-16,lost,,2025-12-25
LD005750,CMP0019,2025-12-16,Lost,,2026-01-21
LD005751,CMP0019,2025-12-16,qualified,,
LD005752,CMP0019,2025-12-16,LOST,,2026-01-03
LD005753,CMP0019,2025-12-16,won,42000.0,2026-02-11
LD005754,CMP0019,2025-12-16,Lost,,2025-12-31
LD005755,CMP0019,2025-12-16,Proposal,,
LD005756,CMP0019,2025-12-17,Qualified,,
LD005757,CMP0019,2025-12-17,New,,
LD005758,CMP0019,2025-12-17,lost,,2026-01-01
LD005759,CMP0019,2025-12-17,New,,
LD005760,CMP0019,2025-12-17,New,,
LD005761,CMP0019,2025-12-17,new,,
LD005762,CMP0019,2025-12-17,lost,,2026-01-18
LD005763,CMP0019,2025-12-18,lost,,2026-01-19
LD005764,CMP0019,2025-12-18,NEW ,,
LD005765,CMP0019,2025-12-18,Lost,,2026-01-14
LD005766,CMP0019,2025-12-18,won,64100.0,2026-01-05
LD005767,CMP0019,2025-12-18,new,,
LD005768,CMP0019,2025-12-18,Lost,,2026-01-16
LD005769,CMP0019,2025-12-19,qualified,,
LD005770,CMP0019,2025-12-19,Lost,,2026-01-09
LD005771,CMP0019,2025-12-19,new,,
LD005772,CMP0019,2025-12-19,NEW ,,
LD005773,CMP0019,2025-12-19,Lost,,2026-01-09
LD005774,CMP0019,2025-12-19,qualified,,
LD005775,CMP0019,2025-12-19,qualified,,
LD005776,CMP0019,2025-12-19,NEW ,,
LD005777,CMP0019,2025-12-19,Lost,,2026-01-28
LD005778,CMP0019,2025-12-20,Qualified,,
LD005779,CMP0019,2025-12-20,Lost,,2026-01-17
LD005780,CMP0019,2025-12-20,LOST,,2026-01-11
LD005781,CMP0019,2025-12-21,Proposal,,
LD005782,CMP0019,2025-12-21,qualified,,
LD005783,CMP0019,2025-12-21,New,,
LD005784,CMP0019,2025-12-22,lost,,2026-01-20
LD005785,CMP0019,2025-12-22,Qualified,,
LD005786,CMP0019,2025-12-23,lost,,2026-01-16
LD005787,CMP0019,2025-12-24,LOST,,2026-02-02
LD005788,CMP0019,2025-12-24,NEW ,,
LD005789,CMP0019,2025-12-24,New,,
LD005790,CMP0019,2025-12-24,New,,
LD005791,CMP0019,2025-12-24,lost,,2026-01-18
LD005792,CMP0019,2025-12-24,won,21000.0,2026-01-10
LD005793,CMP0019,2025-12-25,Qualified,,
LD005794,CMP0019,2025-12-25,NEW ,,
LD005795,CMP0019,2025-12-25,New,,
LD005796,CMP0019,2025-12-25,qualified,,
LD005797,CMP0019,2025-12-26,qualified,,
LD005798,CMP0019,2025-12-26,lost,,2026-01-30
LD005799,CMP0019,2025-12-26,Qualified,,
LD005800,CMP0019,2025-12-27,Proposal,,
LD005801,CMP0019,2025-12-27,Won ,47200.0,2026-01-17
LD005802,CMP0019,2025-12-27,qualified,,
LD005803,CMP0019,2025-12-28,lost,,2026-01-25
LD005804,CMP0019,2025-12-28,New,,
LD005805,CMP0019,2025-12-28,Qualified,,
LD005806,CMP0019,2025-12-28,NEW ,,
LD005807,CMP0019,2025-12-28,Proposal,,
LD005808,CMP0019,2025-12-29,NEW ,,
LD005809,CMP0019,2025-12-29,Qualified,,
LD005810,CMP0019,2025-12-29,New,,
LD005811,CMP0019,2025-12-29,LOST,,2026-02-08
LD005812,CMP0019,2025-12-29,Qualified,,
LD005813,CMP0019,2025-12-29,NEW ,,
LD005814,CMP0019,2025-12-29,LOST,,2026-01-29
LD005815,CMP0019,2025-12-29,Qualified,,
LD005816,CMP0019,2025-12-29,LOST,,2026-01-24
LD005817,CMP0019,2025-12-30,new,,
LD005818,CMP0019,2025-12-30,qualified,,
LD005819,CMP0019,2025-12-30,LOST,,2026-02-05
LD005820,CMP0019,2025-12-30,Qualified,,
LD005821,CMP0019,2025-12-30,qualified,,
LD005822,CMP0019,2025-12-30,Won ,39500.0,2026-02-09
LD005823,CMP0019,2025-12-30,Lost,,2026-01-10
LD005824,CMP0019,2025-12-30,qualified,,
LD005825,CMP0019,2025-12-31,new,,
LD005826,CMP0019,2025-12-31,won,54100.0,2026-02-15
LD005827,CMP0019,2025-12-31,New,,
LD005828,CMP0019,2025-12-31,lost,,2026-02-12
LD005829,CMP0019,2025-12-31,NEW ,,
LD005830,CMP0019,2025-12-31,NEW ,,
LD005831,CMP0019,2025-12-31,new,,
LD005832,CMP0019,2026-01-01,NEW ,,
LD005833,CMP0019,2026-01-01,NEW ,,
LD005834,CMP0019,2026-01-01,Qualified,,
LD005835,CMP0019,2026-01-01,lost,,2026-01-26
LD005836,CMP0019,2026-01-01,lost,,2026-01-22
LD005837,CMP0019,2026-01-01,new,,
LD005838,CMP0019,2026-01-01,qualified,,
LD005839,CMP0019,2026-01-02,New,,
LD005840,CMP0019,2026-01-02,Lost,,2026-01-18
LD005841,CMP0019,2026-01-02,New,,
LD005842,CMP0019,2026-01-02,Proposal,,
LD005843,CMP0019,2026-01-02,WON,37000.0,2026-01-17
LD005844,CMP0019,2026-01-02,Qualified,,
LD005845,CMP0019,2026-01-02,New,,
LD005846,CMP0019,2026-01-02,NEW ,,
LD005847,CMP0019,2026-01-03,proposal ,,
LD005848,CMP0019,2026-01-03,New,,
LD005849,CMP0019,2026-01-03,Lost,,2026-02-01
LD005850,CMP0019,2026-01-03,Lost,,2026-02-03
LD005851,CMP0019,2026-01-03,qualified,,
LD005852,CMP0019,2026-01-04,proposal ,,
LD005853,CMP0019,2026-01-04,lost,,2026-02-09
LD005854,CMP0019,2026-01-04,New,,
LD005855,CMP0019,2026-01-04,qualified,,
LD005856,CMP0019,2026-01-04,LOST,,2026-01-23
LD005857,CMP0019,2026-01-04,New,,
LD005858,CMP0019,2026-01-04,NEW ,,
LD005859,CMP0019,2026-01-04,lost,,2026-02-15
LD005860,CMP0019,2026-01-05,NEW ,,
LD005861,CMP0019,2026-01-05,lost,,2026-01-20
LD005862,CMP0019,2026-01-05,Qualified,,
LD005863,CMP0019,2026-01-05,lost,,2026-01-16
LD005864,CMP0019,2026-01-06,lost,,2026-01-25
LD005865,CMP0019,2026-01-06,qualified,,
LD005866,CMP0019,2026-01-06,Qualified,,
LD005867,CMP0019,2026-01-06,Lost,,2026-01-25
LD005868,CMP0019,2026-01-06,new,,
LD005869,CMP0019,2026-01-07,qualified,,
LD005870,CMP0019,2026-01-07,new,,
LD005871,CMP0019,2026-01-07,qualified,,
LD005872,CMP0019,2026-01-07,lost,,2026-02-10
LD005873,CMP0019,2026-01-07,LOST,,2026-02-05
LD005874,CMP0019,2026-01-07,Lost,,2026-01-16
LD005875,CMP0019,2026-01-07,qualified,,
LD005876,CMP0019,2026-01-07,Proposal,,
LD005877,CMP0019,2026-01-08,new,,
LD005878,CMP0019,2026-01-08,New,,
LD005879,CMP0019,2026-01-08,qualified,,
LD005880,CMP0019,2026-01-08,Qualified,,
LD005881,CMP0019,2026-01-08,new,,
LD005882,CMP0019,2026-01-08,proposal ,,
LD005883,CMP0019,2026-01-08,New,,
LD005884,CMP0019,2026-01-09,New,,
LD005885,CMP0019,2026-01-09,New,,
LD005886,CMP0019,2026-01-09,New,,
LD005887,CMP0019,2026-01-09,new,,
LD005888,CMP0019,2026-01-09,LOST,,2026-02-16
LD005889,CMP0019,2026-01-10,Lost,,2026-02-19
LD005890,CMP0019,2026-01-10,Lost,,2026-01-17
LD005891,CMP0019,2026-01-10,lost,,2026-01-31
LD005892,CMP0019,2026-01-11,New,,
LD005893,CMP0019,2026-01-11,new,,
LD005894,CMP0019,2026-01-11,proposal ,,
LD005895,CMP0019,2026-01-11,Proposal,,
LD005896,CMP0019,2026-01-11,won,72900.0,2026-02-27
LD005897,CMP0019,2026-01-11,NEW ,,
LD005898,CMP0019,2026-01-11,Lost,,2026-02-14
LD005899,CMP0019,2026-01-12,Qualified,,
LD005900,CMP0019,2026-01-12,Lost,,2026-01-30
LD005901,CMP0019,2026-01-12,new,,
LD005902,CMP0019,2026-01-12,LOST,,2026-01-22
LD005903,CMP0019,2026-01-12,lost,,2026-02-03
LD005904,CMP0019,2026-01-13,LOST,,2026-02-09
LD005905,CMP0019,2026-01-13,qualified,,
LD005906,CMP0019,2026-01-13,qualified,,
LD005907,CMP0019,2026-01-13,LOST,,2026-01-25
LD005908,CMP0019,2026-01-13,LOST,,2026-02-08
LD005909,CMP0019,2026-01-13,Lost,,2026-02-18
LD005910,CMP0019,2026-01-14,new,,
LD005911,CMP0019,2026-01-14,qualified,,
LD005912,CMP0019,2026-01-14,new,,
LD005913,CMP0019,2026-01-14,Lost,,2026-02-27
LD005914,CMP0019,2026-01-14,Qualified,,
LD005915,CMP0019,2026-01-14,Lost,,2026-02-09
LD005916,CMP0019,2026-01-15,lost,,2026-02-12
LD005917,CMP0019,2026-01-15,Lost,,2026-02-23
LD005918,CMP0019,2026-01-15,LOST,,2026-02-04
LD005919,CMP0019,2026-01-15,New,,
LD005920,CMP0019,2026-01-15,lost,,2026-01-24
LD005921,CMP0019,2026-01-15,Qualified,,
LD005922,CMP0019,2026-01-15,qualified,,
LD005923,CMP0019,2026-01-15,qualified,,
LD005924,CMP0019,2026-01-16,Qualified,,
LD005925,CMP0019,2026-01-16,Qualified,,
LD005926,CMP0019,2026-01-16,new,,
LD005927,CMP0019,2026-01-16,new,,
LD005928,CMP0019,2026-01-16,proposal ,,
LD005929,CMP0019,2026-01-16,Qualified,,
LD005930,CMP0019,2026-01-17,qualified,,
LD005931,CMP0019,2026-01-17,LOST,,2026-02-25
LD005932,CMP0019,2026-01-17,qualified,,
LD005933,CMP0019,2026-01-17,LOST,,2026-02-07
LD005934,CMP0019,2026-01-17,WON,69100.0,2026-02-24
LD005935,CMP0019,2026-01-18,New,,
LD005936,CMP0019,2026-01-18,new,,
LD005937,CMP0019,2026-01-19,LOST,,2026-02-16
LD005938,CMP0019,2026-01-19,Qualified,,
LD005939,CMP0019,2026-01-19,NEW ,,
LD005940,CMP0019,2026-01-19,lost,,2026-02-11
LD005941,CMP0019,2026-01-20,NEW ,,
LD005942,CMP0019,2026-01-20,New,,
LD005943,CMP0019,2026-01-20,New,,
LD005944,CMP0019,2026-01-20,New,,
LD005945,CMP0019,2026-01-20,lost,,2026-02-22
LD005946,CMP0019,2026-01-21,won,51600.0,2026-02-17
LD005947,CMP0019,2026-01-21,Lost,,2026-02-19
LD005948,CMP0019,2026-01-21,Proposal,,
LD005949,CMP0019,2026-01-22,qualified,,
LD005950,CMP0019,2026-01-22,lost,,2026-02-12
LD005951,CMP0019,2026-01-22,Qualified,,
LD005952,CMP0019,2026-01-22,Proposal,,
LD005953,CMP0019,2026-01-22,New,,
LD005954,CMP0019,2026-01-22,lost,,2026-02-10
LD005955,CMP0019,2026-01-23,Qualified,,
LD005956,CMP0019,2026-01-23,Qualified,,
LD005957,CMP0019,2026-01-23,new,,
LD005958,CMP0019,2026-01-23,Qualified,,
LD005959,CMP0019,2026-01-23,LOST,,2026-02-25
LD005960,CMP0019,2026-01-23,new,,
LD005961,CMP0019,2026-01-23,Qualified,,
LD005962,CMP0019,2026-01-24,proposal ,,
LD005963,CMP0019,2026-01-24,Lost,,2026-02-08
LD005964,CMP0019,2026-01-24,lost,,2026-03-01
LD005965,CMP0019,2026-01-24,Proposal,,
LD005966,CMP0019,2026-01-24,Lost,,2026-02-20
LD005967,CMP0019,2026-01-24,New,,
LD005968,CMP0019,2026-01-24,LOST,,2026-03-05
LD005969,CMP0019,2026-01-25,lost,,2026-02-04
LD005970,CMP0019,2026-01-25,NEW ,,
LD005971,CMP0019,2026-01-26,Qualified,,
LD005972,CMP0019,2026-01-26,Won,31200.0,2026-02-26
LD005973,CMP0019,2026-01-26,qualified,,
LD005974,CMP0019,2026-01-26,Qualified,,
LD005975,CMP0019,2026-01-26,New,,
LD005976,CMP0019,2026-01-27,Qualified,,
LD005977,CMP0019,2026-01-27,lost,,2026-02-14
LD005978,CMP0019,2026-01-27,Lost,,2026-02-17
LD005979,CMP0019,2026-01-27,LOST,,2026-02-06
LD005980,CMP0019,2026-01-27,new,,
LD005981,CMP0019,2026-01-27,Lost,,2026-02-27
LD005982,CMP0019,2026-01-27,New,,
LD005983,CMP0019,2026-01-28,Qualified,,
LD005984,CMP0019,2026-01-28,lost,,2026-02-08
LD005985,CMP0019,2026-01-28,lost,,2026-03-05
LD005986,CMP0019,2026-01-28,LOST,,2026-02-22
LD005987,CMP0019,2026-01-29,New,,
LD005988,CMP0019,2026-01-29,Lost,,2026-02-06
LD005989,CMP0019,2026-01-29,qualified,,
LD005990,CMP0019,2026-01-29,lost,,2026-02-06
LD005991,CMP0019,2026-01-29,LOST,,2026-02-18
LD005992,CMP0019,2026-01-29,Lost,,2026-02-26
LD005993,CMP0019,2026-01-29,LOST,,2026-02-18
LD005994,CMP0019,2026-01-29,Proposal,,
LD005995,CMP0019,2026-01-29,WON,38900.0,2026-03-12
LD005996,CMP0019,2026-01-30,new,,
LD005997,CMP0019,2026-01-30,LOST,,2026-03-03
LD005998,CMP0019,2026-01-30,lost,,2026-03-04
LD005999,CMP0019,2026-01-30,NEW ,,
LD006000,CMP0019,2026-01-30,New,,
LD006001,CMP0019,2026-01-30,lost,,2026-02-13
LD006002,CMP0019,2026-01-30,Qualified,,
LD006003,CMP0019,2026-01-31,lost,,2026-02-20
LD006004,CMP0019,2026-01-31,Qualified,,
LD006005,CMP0019,2026-01-31,qualified,,
LD006006,CMP0019,2026-02-01,NEW ,,
LD006007,CMP0019,2026-02-01,won,64300.0,2026-03-20
LD006008,CMP0019,2026-02-01,Lost,,2026-02-17
LD006009,CMP0019,2026-02-01,Qualified,,
LD006010,CMP0019,2026-02-01,LOST,,2026-03-16
LD006011,CMP0019,2026-02-01,new,,
LD006012,CMP0019,2026-02-01,lost,,2026-03-12
LD006013,CMP0019,2026-02-01,won,31300.0,2026-03-17
LD006014,CMP0019,2026-02-02,NEW ,,
LD006015,CMP0019,2026-02-02,NEW ,,
LD006016,CMP0019,2026-02-02,Qualified,,
LD006017,CMP0019,2026-02-02,WON,34900.0,2026-02-26
LD006018,CMP0019,2026-02-02,New,,
LD006019,CMP0019,2026-02-02,qualified,,
LD006020,CMP0019,2026-02-03,qualified,,
LD006021,CMP0019,2026-02-03,lost,,2026-03-01
LD006022,CMP0019,2026-02-03,new,,
LD006023,CMP0019,2026-02-03,New,,
LD006024,CMP0019,2026-02-03,lost,,2026-03-04
LD006025,CMP0019,2026-02-03,lost,,2026-02-10
LD006026,CMP0019,2026-02-03,qualified,,
LD006027,CMP0019,2026-02-03,LOST,,2026-03-07
LD006028,CMP0019,2026-02-03,qualified,,
LD006029,CMP0019,2026-02-04,proposal ,,
LD006030,CMP0019,2026-02-04,lost,,2026-02-13
LD006031,CMP0019,2026-02-04,qualified,,
LD006032,CMP0019,2026-02-04,New,,
LD006033,CMP0019,2026-02-04,NEW ,,
LD006034,CMP0019,2026-02-05,new,,
LD006035,CMP0019,2026-02-05,proposal ,,
LD006036,CMP0019,2026-02-05,Qualified,,
LD006037,CMP0019,2026-02-05,won,52700.0,2026-03-03
LD006038,CMP0019,2026-02-05,Qualified,,
LD006039,CMP0019,2026-02-05,NEW ,,
LD006040,CMP0019,2026-02-05,Qualified,,
LD006041,CMP0019,2026-02-06,Qualified,,
LD006042,CMP0019,2026-02-06,Qualified,,
LD006043,CMP0019,2026-02-06,Won ,47800.0,2026-03-15
LD006044,CMP0019,2026-02-07,LOST,,2026-03-14
LD006045,CMP0019,2026-02-08,NEW ,,
LD006046,CMP0019,2026-02-08,New,,
LD006047,CMP0019,2026-02-08,qualified,,
LD006048,CMP0019,2026-02-08,Qualified,,
LD006049,CMP0019,2026-02-08,Lost,,2026-03-19
LD006050,CMP0019,2026-02-09,NEW ,,
LD006051,CMP0019,2026-02-09,qualified,,
LD006052,CMP0019,2026-02-09,NEW ,,
LD006053,CMP0019,2026-02-09,NEW ,,
LD006054,CMP0019,2026-02-09,Lost,,2026-02-25
LD006055,CMP0019,2026-02-10,Qualified,,
LD006056,CMP0019,2026-02-10,new,,
LD006057,CMP0019,2026-02-10,LOST,,2026-02-22
LD006058,CMP0019,2026-02-10,NEW ,,
LD006059,CMP0019,2026-02-10,new,,
LD006060,CMP0019,2026-02-10,Lost,,2026-03-02
LD006061,CMP0019,2026-02-11,LOST,,2026-03-16
LD006062,CMP0019,2026-02-11,LOST,,2026-03-02
LD006063,CMP0019,2026-02-11,qualified,,
LD006064,CMP0019,2026-02-11,new,,
LD006065,CMP0019,2026-02-11,NEW ,,
LD006066,CMP0019,2026-02-11,qualified,,
LD006067,CMP0019,2026-02-11,Qualified,,
LD006068,CMP0019,2026-02-12,New,,
LD006069,CMP0019,2026-02-12,NEW ,,
LD006070,CMP0019,2026-02-12,Qualified,,
LD006071,CMP0019,2026-02-12,NEW ,,
LD006072,CMP0019,2026-02-12,lost,,2026-03-07
LD006073,CMP0019,2026-02-13,qualified,,
LD006074,CMP0019,2026-02-13,Lost,,2026-03-20
LD006075,CMP0019,2026-02-13,new,,
LD006076,CMP0019,2026-02-14,New,,
LD006077,CMP0019,2026-02-14,lost,,2026-03-28
LD006078,CMP0019,2026-02-14,Proposal,,
LD006079,CMP0019,2026-02-14,qualified,,
LD006080,CMP0019,2026-02-15,LOST,,2026-03-22
LD006081,CMP0019,2026-02-15,qualified,,
LD006082,CMP0019,2026-02-15,new,,
LD006083,CMP0019,2026-02-15,NEW ,,
LD006084,CMP0019,2026-02-15,lost,,2026-03-15
LD006085,CMP0019,2026-02-15,New,,
LD006086,CMP0019,2026-02-15,new,,
LD006087,CMP0019,2026-02-15,Lost,,2026-03-20
LD006088,CMP0019,2026-02-15,Qualified,,
LD006089,CMP0019,2026-02-16,Qualified,,
LD006090,CMP0019,2026-02-16,new,,
LD006091,CMP0019,2026-02-16,qualified,,
LD006092,CMP0019,2026-02-16,qualified,,
LD006093,CMP0019,2026-02-17,Qualified,,
LD006094,CMP0019,2026-02-17,new,,
LD006095,CMP0019,2026-02-17,new,,
LD006096,CMP0019,2026-02-17,Lost,,2026-03-09
LD006097,CMP0019,2026-02-18,Lost,,2026-03-06
LD006098,CMP0019,2026-02-18,NEW ,,
LD006099,CMP0019,2026-02-18,new,,
LD006100,CMP0019,2026-02-18,NEW ,,
LD006101,CMP0019,2026-02-18,lost,,2026-03-30
LD006102,CMP0019,2026-02-18,NEW ,,
LD006103,CMP0019,2026-02-18,new,,
LD006104,CMP0019,2026-02-18,New,,
LD006105,CMP0019,2026-02-18,qualified,,
LD006106,CMP0019,2026-02-18,LOST,,2026-03-13
LD006107,CMP0019,2026-02-18,lost,,2026-03-13
LD006108,CMP0019,2026-02-18,Qualified,,
LD006109,CMP0019,2026-02-19,qualified,,
LD006110,CMP0019,2026-02-19,NEW ,,
LD006111,CMP0019,2026-02-19,lost,,2026-04-02
LD006112,CMP0019,2026-02-19,New,,
LD006113,CMP0019,2026-02-19,Lost,,2026-04-02
LD006114,CMP0019,2026-02-19,LOST,,2026-03-11
LD006115,CMP0019,2026-02-20,lost,,2026-03-26
LD006116,CMP0019,2026-02-20,Won,96800.0,2026-03-14
LD006117,CMP0019,2026-02-20,new,,
LD006118,CMP0019,2026-02-20,Lost,,2026-04-03
LD006119,CMP0019,2026-02-21,new,,
LD006120,CMP0019,2026-02-21,LOST,,2026-03-21
LD006121,CMP0019,2026-02-21,LOST,,2026-03-30
LD006122,CMP0019,2026-02-21,NEW ,,
LD006123,CMP0019,2026-02-21,Lost,,2026-03-19
LD006124,CMP0019,2026-02-21,qualified,,
LD006125,CMP0019,2026-02-21,lost,,2026-03-04
LD006126,CMP0019,2026-02-21,lost,,2026-03-09
LD006127,CMP0019,2026-02-22,new,,
LD006128,CMP0019,2026-02-22,NEW ,,
LD006129,CMP0019,2026-02-22,new,,
LD006130,CMP0019,2026-02-22,NEW ,,
LD006131,CMP0019,2026-02-22,LOST,,2026-03-09
LD006132,CMP0019,2026-02-23,new,,
LD006133,CMP0019,2026-02-23,LOST,,2026-03-26
LD006134,CMP0019,2026-02-23,New,,
LD006135,CMP0019,2026-02-23,Lost,,2026-04-06
LD006136,CMP0019,2026-02-23,Qualified,,
LD006137,CMP0019,2026-02-23,Lost,,2026-03-19
LD006138,CMP0019,2026-02-24,proposal ,,
LD006139,CMP0019,2026-02-24,Lost,,2026-04-05
LD006140,CMP0019,2026-02-24,qualified,,
LD006141,CMP0019,2026-02-24,won,38900.0,2026-04-16
LD006142,CMP0019,2026-02-24,qualified,,
LD006143,CMP0019,2026-02-25,NEW ,,
LD006144,CMP0019,2026-02-25,LOST,,2026-04-04
LD006145,CMP0019,2026-02-25,NEW ,,
LD006146,CMP0019,2026-02-25,Qualified,,
LD006147,CMP0019,2026-02-25,LOST,,2026-03-13
LD006148,CMP0019,2026-02-25,lost,,2026-03-10
LD006149,CMP0019,2026-02-26,NEW ,,
LD006150,CMP0019,2026-02-26,qualified,,
LD006151,CMP0019,2026-02-27,New,,
LD006152,CMP0019,2026-02-27,lost,,2026-03-25
LD006153,CMP0019,2026-02-27,LOST,,2026-03-26
LD006154,CMP0019,2026-02-27,new,,
LD006155,CMP0019,2026-02-27,qualified,,
LD006156,CMP0019,2026-02-28,LOST,,2026-04-06
LD006157,CMP0019,2026-02-28,Qualified,,
LD006158,CMP0019,2026-02-28,NEW ,,
LD006159,CMP0019,2026-02-28,new,,
LD006160,CMP0019,2026-02-28,lost,,2026-03-24
LD006161,CMP0019,2026-02-28,NEW ,,
LD006162,CMP0019,2026-03-01,Lost,,2026-03-21
LD006163,CMP0019,2026-03-01,Qualified,,
LD006164,CMP0019,2026-03-01,LOST,,2026-03-30
LD006165,CMP0019,2026-03-02,Lost,,2026-03-21
LD006166,CMP0019,2026-03-02,NEW ,,
LD006167,CMP0019,2026-03-02,Proposal,,
LD006168,CMP0019,2026-03-03,WON,26900.0,2026-03-18
LD006169,CMP0019,2026-03-03,qualified,,
LD006170,CMP0019,2026-03-03,new,,
LD006171,CMP0019,2026-03-03,Qualified,,
LD006172,CMP0019,2026-03-03,lost,,2026-04-01
LD006173,CMP0019,2026-03-03,lost,,2026-03-27
LD006174,CMP0019,2026-03-04,NEW ,,
LD006175,CMP0019,2026-03-04,new,,
LD006176,CMP0019,2026-03-04,New,,
LD006177,CMP0019,2026-03-04,new,,
LD006178,CMP0019,2026-03-04,proposal ,,
LD006179,CMP0019,2026-03-04,New,,
LD006180,CMP0019,2026-03-04,proposal ,,
LD006181,CMP0019,2026-03-04,Proposal,,
LD006182,CMP0019,2026-03-05,Qualified,,
LD006183,CMP0019,2026-03-05,New,,
LD006184,CMP0019,2026-03-05,NEW ,,
LD006185,CMP0019,2026-03-05,WON,39700.0,2026-03-28
LD006186,CMP0019,2026-03-05,qualified,,
LD006187,CMP0019,2026-03-05,qualified,,
LD006188,CMP0019,2026-03-05,Qualified,,
LD006189,CMP0019,2026-03-05,New,,
LD006190,CMP0019,2026-03-06,NEW ,,
LD006191,CMP0019,2026-03-06,new,,
LD006192,CMP0019,2026-03-06,Qualified,,
LD006193,CMP0019,2026-03-06,New,,
LD006194,CMP0019,2026-03-06,proposal ,,
LD006195,CMP0019,2026-03-06,qualified,,
LD006196,CMP0019,2026-03-06,New,,
LD006197,CMP0019,2026-03-07,lost,,2026-03-15
LD006198,CMP0019,2026-03-08,new,,
LD006199,CMP0019,2026-03-08,NEW ,,
LD006200,CMP0019,2026-03-08,Proposal,,
LD006201,CMP0019,2026-03-08,qualified,,
LD006202,CMP0019,2026-03-08,NEW ,,
LD006203,CMP0019,2026-03-08,NEW ,,
LD006204,CMP0019,2026-03-08,lost,,2026-04-18
LD006205,CMP0019,2026-03-08,LOST,,2026-04-01
LD006206,CMP0019,2026-03-08,lost,,2026-03-30
LD006207,CMP0019,2026-03-09,New,,
LD006208,CMP0019,2026-03-09,lost,,2026-04-08
LD006209,CMP0019,2026-03-09,LOST,,2026-04-01
LD006210,CMP0019,2026-03-09,Qualified,,
LD006211,CMP0019,2026-03-09,NEW ,,
LD006212,CMP0019,2026-03-09,New,,
LD006213,CMP0019,2026-03-09,New,,
LD006214,CMP0019,2026-03-09,LOST,,2026-03-17
LD006215,CMP0019,2026-03-09,LOST,,2026-04-01
LD006216,CMP0019,2026-03-09,new,,
LD006217,CMP0019,2026-03-10,Won,67700.0,2026-03-25
LD006218,CMP0019,2026-03-10,lost,,2026-04-07
LD006219,CMP0019,2026-03-10,LOST,,2026-04-11
LD006220,CMP0019,2026-03-10,lost,,2026-03-23
LD006221,CMP0019,2026-03-10,New,,
LD006222,CMP0019,2026-03-10,Qualified,,
LD006223,CMP0019,2026-03-10,NEW ,,
LD006224,CMP0019,2026-03-10,Lost,,2026-03-17
LD006225,CMP0019,2026-03-11,New,,
LD006226,CMP0019,2026-03-11,NEW ,,
LD006227,CMP0019,2026-03-11,LOST,,2026-03-18
LD006228,CMP0019,2026-03-11,NEW ,,
LD006229,CMP0019,2026-03-11,Lost,,2026-04-23
LD006230,CMP0019,2026-03-11,qualified,,
LD006231,CMP0019,2026-03-12,qualified,,
LD006232,CMP0019,2026-03-12,Lost,,2026-03-24
LD006233,CMP0019,2026-03-12,NEW ,,
LD006234,CMP0019,2026-03-12,LOST,,2026-04-03
LD006235,CMP0019,2026-03-12,new,,
LD006236,CMP0019,2026-03-12,LOST,,2026-04-15
LD006237,CMP0019,2026-03-12,new,,
LD006238,CMP0019,2026-03-13,qualified,,
LD006239,CMP0019,2026-03-13,lost,,2026-04-08
LD006240,CMP0019,2026-03-13,LOST,,2026-04-01
LD006241,CMP0019,2026-03-13,lost,,2026-04-08
LD006242,CMP0019,2026-03-13,New,,
LD006243,CMP0019,2026-03-13,NEW ,,
LD006244,CMP0019,2026-03-13,Proposal,,
LD006245,CMP0019,2026-03-14,Qualified,,
LD006246,CMP0019,2026-03-14,new,,
LD006247,CMP0019,2026-03-14,New,,
LD006248,CMP0019,2026-03-14,Lost,,2026-04-10
LD006249,CMP0019,2026-03-14,LOST,,2026-04-15
LD006250,CMP0019,2026-03-14,qualified,,
LD006251,CMP0019,2026-03-15,LOST,,2026-04-23
LD006252,CMP0019,2026-03-15,lost,,2026-04-27
LD006253,CMP0019,2026-03-15,Qualified,,
LD006254,CMP0019,2026-03-15,NEW ,,
LD006255,CMP0019,2026-03-15,qualified,,
LD006256,CMP0019,2026-03-16,Lost,,2026-03-23
LD006257,CMP0019,2026-03-16,NEW ,,
LD006258,CMP0019,2026-03-16,Qualified,,
LD006259,CMP0019,2026-03-16,LOST,,2026-04-29
LD006260,CMP0019,2026-03-16,qualified,,
LD006261,CMP0019,2026-03-16,lost,,2026-04-06
LD006262,CMP0019,2026-03-17,NEW ,,
LD006263,CMP0019,2026-03-17,Lost,,2026-04-15
LD006264,CMP0019,2026-03-17,qualified,,
LD006265,CMP0019,2026-03-17,qualified,,
LD006266,CMP0019,2026-03-17,qualified,,
LD006267,CMP0019,2026-03-18,LOST,,2026-04-20
LD006268,CMP0019,2026-03-18,New,,
LD006269,CMP0019,2026-03-18,Qualified,,
LD006270,CMP0019,2026-03-18,qualified,,
LD006271,CMP0019,2026-03-18,lost,,2026-04-28
LD006272,CMP0019,2026-03-19,Lost,,2026-04-20
LD006273,CMP0019,2026-03-19,proposal ,,
LD006274,CMP0019,2026-03-20,qualified,,
LD006275,CMP0019,2026-03-20,New,,
LD006276,CMP0019,2026-03-20,lost,,2026-04-05
LD006277,CMP0019,2026-03-20,LOST,,2026-04-07
LD006278,CMP0019,2026-03-20,WON,47400.0,2026-04-12
LD006279,CMP0019,2026-03-21,qualified,,
LD006280,CMP0019,2026-03-21,NEW ,,
LD006281,CMP0019,2026-03-21,qualified,,
LD006282,CMP0020,2025-10-03,lost,,2025-11-14
LD006283,CMP0020,2025-10-03,Won,36200.0,2025-11-20
LD006284,CMP0020,2025-10-04,Proposal,,
LD006285,CMP0020,2025-10-05,new,,
LD006286,CMP0020,2025-10-06,LOST,,2025-11-18
LD006287,CMP0020,2025-10-06,New,,
LD006288,CMP0020,2025-10-06,WON,56000.0,2025-11-01
LD006289,CMP0020,2025-10-06,new,,
LD006290,CMP0020,2025-10-07,lost,,2025-10-25
LD006291,CMP0020,2025-10-07,new,,
LD006292,CMP0020,2025-10-08,Won ,25500.0,2025-11-30
LD006293,CMP0020,2025-10-08,New,,
LD006294,CMP0020,2025-10-08,Qualified,,
LD006295,CMP0020,2025-10-09,NEW ,,
LD006296,CMP0020,2025-10-09,qualified,,
LD006297,CMP0020,2025-10-09,NEW ,,
LD006298,CMP0020,2025-10-09,NEW ,,
LD006299,CMP0020,2025-10-10,won,48800.0,2025-11-11
LD006300,CMP0020,2025-10-11,Lost,,2025-11-13
LD006301,CMP0020,2025-10-12,proposal ,,
LD006302,CMP0020,2025-10-13,Lost,,2025-11-23
LD006303,CMP0020,2025-10-13,qualified,,
LD006304,CMP0020,2025-10-15,lost,,2025-11-12
LD006305,CMP0020,2025-10-15,WON,51300.0,2025-11-07
LD006306,CMP0020,2025-10-15,Lost,,2025-11-26
LD006307,CMP0020,2025-10-15,lost,,2025-11-26
LD006308,CMP0020,2025-10-16,Qualified,,
LD006309,CMP0020,2025-10-16,lost,,2025-11-03
LD006310,CMP0020,2025-10-17,Qualified,,
LD006311,CMP0020,2025-10-17,won,69200.0,2025-11-09
LD006312,CMP0020,2025-10-17,Qualified,,
LD006313,CMP0020,2025-10-18,lost,,2025-11-28
LD006314,CMP0020,2025-10-19,NEW ,,
LD006315,CMP0020,2025-10-19,proposal ,,
LD006316,CMP0020,2025-10-19,Qualified,,
LD006317,CMP0020,2025-10-20,Proposal,,
LD006318,CMP0020,2025-10-20,New,,
LD006319,CMP0020,2025-10-20,New,,
LD006320,CMP0020,2025-10-21,NEW ,,
LD006321,CMP0020,2025-10-21,Proposal,,
LD006322,CMP0020,2025-10-22,lost,,2025-12-03
LD006323,CMP0020,2025-10-23,Won,49400.0,2025-11-27
LD006324,CMP0020,2025-10-23,Lost,,2025-11-22
LD006325,CMP0020,2025-10-23,NEW ,,
LD006326,CMP0020,2025-10-24,qualified,,
LD006327,CMP0020,2025-10-24,LOST,,2025-12-06
LD006328,CMP0020,2025-10-25,qualified,,
LD006329,CMP0020,2025-10-25,LOST,,2025-11-29
LD006330,CMP0020,2025-10-26,lost,,2025-12-07
LD006331,CMP0020,2025-10-26,LOST,,2025-11-05
LD006332,CMP0020,2025-10-26,LOST,,2025-11-14
LD006333,CMP0020,2025-10-28,NEW ,,
LD006334,CMP0020,2025-10-28,new,,
LD006335,CMP0020,2025-10-28,qualified,,
LD006336,CMP0020,2025-10-28,Proposal,,
LD006337,CMP0020,2025-10-29,Won ,50800.0,2025-12-12
LD006338,CMP0020,2025-10-30,New,,
LD006339,CMP0020,2025-10-30,New,,
LD006340,CMP0020,2025-10-30,lost,,2025-11-11
LD006341,CMP0020,2025-10-31,LOST,,2025-12-08
LD006342,CMP0020,2025-11-02,Won ,36600.0,2025-11-19
LD006343,CMP0020,2025-11-02,Lost,,2025-11-29
LD006344,CMP0020,2025-11-02,Qualified,,
LD006345,CMP0020,2025-11-03,lost,,2025-12-12
LD006346,CMP0020,2025-11-03,new,,
LD006347,CMP0020,2025-11-03,lost,,2025-12-02
LD006348,CMP0020,2025-11-03,qualified,,
LD006349,CMP0020,2025-11-03,LOST,,2025-12-10
LD006350,CMP0020,2025-11-04,Lost,,2025-11-16
LD006351,CMP0020,2025-11-04,new,,
LD006352,CMP0020,2025-11-05,LOST,,2025-12-19
LD006353,CMP0020,2025-11-05,New,,
LD006354,CMP0020,2025-11-05,LOST,,2025-12-02
LD006355,CMP0020,2025-11-05,Proposal,,
LD006356,CMP0020,2025-11-06,new,,
LD006357,CMP0020,2025-11-06,new,,
LD006358,CMP0020,2025-11-08,qualified,,
LD006359,CMP0020,2025-11-08,Won,42000.0,2025-12-08
LD006360,CMP0020,2025-11-08,qualified,,
LD006361,CMP0020,2025-11-09,Won,52000.0,2025-12-05
LD006362,CMP0020,2025-11-09,lost,,2025-11-24
LD006363,CMP0020,2025-11-09,lost,,2025-11-19
LD006364,CMP0020,2025-11-10,lost,,2025-11-23
LD006365,CMP0020,2025-11-11,qualified,,
LD006366,CMP0020,2025-11-12,new,,
LD006367,CMP0020,2025-11-13,Lost,,2025-12-25
LD006368,CMP0020,2025-11-14,lost,,2025-12-04
LD006369,CMP0020,2025-11-14,lost,,2025-12-16
LD006370,CMP0020,2025-11-15,lost,,2025-11-24
LD006371,CMP0020,2025-11-16,NEW ,,
LD006372,CMP0020,2025-11-17,Lost,,2025-12-05
LD006373,CMP0020,2025-11-17,LOST,,2025-12-23
LD006374,CMP0020,2025-11-17,new,,
LD006375,CMP0020,2025-11-17,Qualified,,
LD006376,CMP0020,2025-11-19,NEW ,,
LD006377,CMP0020,2025-11-19,Lost,,2025-12-18
LD006378,CMP0020,2025-11-20,new,,
LD006379,CMP0020,2025-11-20,Lost,,2025-12-18
LD006380,CMP0020,2025-11-20,Lost,,2025-12-15
LD006381,CMP0020,2025-11-20,proposal ,,
LD006382,CMP0020,2025-11-21,qualified,,
LD006383,CMP0020,2025-11-21,qualified,,
LD006384,CMP0020,2025-11-22,new,,
LD006385,CMP0020,2025-11-24,LOST,,2026-01-05
LD006386,CMP0020,2025-11-24,Qualified,,
LD006387,CMP0020,2025-11-24,lost,,2025-12-13
LD006388,CMP0020,2025-11-25,qualified,,
LD006389,CMP0020,2025-11-25,Qualified,,
LD006390,CMP0020,2025-11-25,Lost,,2025-12-12
LD006391,CMP0020,2025-11-26,proposal ,,
LD006392,CMP0020,2025-11-28,NEW ,,
LD006393,CMP0020,2025-11-28,qualified,,
LD006394,CMP0020,2025-11-29,Qualified,,
LD006395,CMP0020,2025-11-29,Proposal,,
LD006396,CMP0020,2025-11-30,Lost,,2026-01-07
LD006397,CMP0020,2025-12-01,Qualified,,
LD006398,CMP0020,2025-12-01,new,,
LD006399,CMP0020,2025-12-01,qualified,,
LD006400,CMP0020,2025-12-02,NEW ,,
LD006401,CMP0020,2025-12-03,Qualified,,
LD006402,CMP0020,2025-12-04,proposal ,,
LD006403,CMP0020,2025-12-05,lost,,2026-01-13
LD006404,CMP0020,2025-12-05,WON,58000.0,2026-01-27
LD006405,CMP0020,2025-12-06,Lost,,2025-12-23
LD006406,CMP0020,2025-12-08,LOST,,2026-01-10
LD006407,CMP0020,2025-12-08,NEW ,,
LD006408,CMP0020,2025-12-08,Qualified,,
LD006409,CMP0020,2025-12-09,Proposal,,
LD006410,CMP0020,2025-12-09,qualified,,
LD006411,CMP0020,2025-12-10,proposal ,,
LD006412,CMP0020,2025-12-10,Qualified,,
LD006413,CMP0020,2025-12-11,new,,
LD006414,CMP0020,2025-12-11,New,,
LD006415,CMP0020,2025-12-13,LOST,,2026-01-12
LD006416,CMP0020,2025-12-13,Qualified,,
LD006417,CMP0020,2025-12-14,LOST,,2026-01-25
LD006418,CMP0020,2025-12-15,NEW ,,
LD006419,CMP0020,2025-12-15,Qualified,,
LD006420,CMP0020,2025-12-16,qualified,,
LD006421,CMP0020,2025-12-17,NEW ,,
LD006422,CMP0020,2025-12-17,New,,
LD006423,CMP0020,2025-12-18,lost,,2026-01-26
LD006424,CMP0020,2025-12-18,LOST,,2026-01-09
LD006425,CMP0020,2025-12-19,New,,
LD006426,CMP0020,2025-12-19,LOST,,2026-01-15
LD006427,CMP0020,2025-12-19,LOST,,2025-12-31
LD006428,CMP0020,2025-12-19,NEW ,,
LD006429,CMP0020,2025-12-19,Lost,,2026-01-11
LD006430,CMP0020,2025-12-20,lost,,2026-01-18
LD006431,CMP0020,2025-12-21,NEW ,,
LD006432,CMP0020,2025-12-22,Qualified,,
LD006433,CMP0020,2025-12-23,Qualified,,
LD006434,CMP0020,2025-12-24,NEW ,,
LD006435,CMP0020,2025-12-24,New,,
LD006436,CMP0020,2025-12-24,lost,,2026-01-18
LD006437,CMP0020,2025-12-24,LOST,,2026-01-15
LD006438,CMP0020,2025-12-25,qualified,,
LD006439,CMP0020,2025-12-25,New,,
LD006440,CMP0020,2025-12-25,qualified,,
LD006441,CMP0020,2025-12-26,qualified,,
LD006442,CMP0020,2025-12-26,NEW ,,
LD006443,CMP0020,2025-12-27,LOST,,2026-01-11
LD006444,CMP0020,2025-12-29,lost,,2026-01-25
LD006445,CMP0020,2025-12-30,Lost,,2026-02-05
LD006446,CMP0020,2025-12-30,NEW ,,
LD006447,CMP0020,2025-12-31,LOST,,2026-01-16
LD006448,CMP0020,2025-12-31,New,,
LD006449,CMP0020,2026-01-01,Proposal,,
LD006450,CMP0020,2026-01-02,New,,
LD006451,CMP0020,2026-01-02,new,,
LD006452,CMP0020,2026-01-05,lost,,2026-02-17
LD006453,CMP0020,2026-01-05,new,,
LD006454,CMP0020,2026-01-06,Qualified,,
LD006455,CMP0020,2026-01-06,NEW ,,
LD006456,CMP0020,2026-01-07,NEW ,,
LD006457,CMP0020,2026-01-08,New,,
LD006458,CMP0020,2026-01-08,qualified,,
LD006459,CMP0020,2026-01-08,Qualified,,
LD006460,CMP0020,2026-01-08,proposal ,,
LD006461,CMP0020,2026-01-09,qualified,,
LD006462,CMP0020,2026-01-09,qualified,,
LD006463,CMP0020,2026-01-09,lost,,2026-02-08
LD006464,CMP0020,2026-01-09,New,,
LD006465,CMP0020,2026-01-11,New,,
LD006466,CMP0020,2026-01-12,Lost,,2026-02-03
LD006467,CMP0020,2026-01-12,New,,
LD006468,CMP0020,2026-01-12,lost,,2026-02-22
LD006469,CMP0020,2026-01-13,lost,,2026-02-11
LD006470,CMP0020,2026-01-13,Qualified,,
LD006471,CMP0020,2026-01-14,Lost,,2026-02-14
LD006472,CMP0020,2026-01-14,NEW ,,
LD006473,CMP0020,2026-01-15,New,,
LD006474,CMP0020,2026-01-15,LOST,,2026-02-16
LD006475,CMP0020,2026-01-15,qualified,,
LD006476,CMP0020,2026-01-16,new,,
LD006477,CMP0020,2026-01-16,qualified,,
LD006478,CMP0020,2026-01-16,lost,,2026-02-21
LD006479,CMP0020,2026-01-17,lost,,2026-02-06
LD006480,CMP0020,2026-01-18,Lost,,2026-01-28
LD006481,CMP0020,2026-01-19,lost,,2026-02-11
LD006482,CMP0020,2026-01-19,proposal ,,
LD006483,CMP0020,2026-01-19,Lost,,2026-02-15
LD006484,CMP0020,2026-01-19,Lost,,2026-02-08
LD006485,CMP0021,2026-03-25,NEW ,,
LD006486,CMP0021,2026-03-25,NEW ,,
LD006487,CMP0021,2026-03-28,Won ,29000.0,2026-05-01
LD006488,CMP0021,2026-03-28,lost,,2026-04-18
LD006489,CMP0021,2026-03-28,WON,43400.0,2026-05-26
LD006490,CMP0021,2026-04-02,Qualified,,
LD006491,CMP0021,2026-04-03,LOST,,2026-04-14
LD006492,CMP0021,2026-04-04,New,,
LD006493,CMP0021,2026-04-05,new,,
LD006494,CMP0021,2026-04-08,Lost,,2026-05-09
LD006495,CMP0021,2026-04-09,lost,,2026-05-16
LD006496,CMP0021,2026-04-11,won,42000.0,2026-05-31
LD006497,CMP0021,2026-04-13,Won,73200.0,2026-05-29
LD006498,CMP0021,2026-04-17,lost,,2026-04-24
LD006499,CMP0021,2026-04-17,Lost,,2026-05-12
LD006500,CMP0021,2026-04-17,won,42200.0,2026-05-05
LD006501,CMP0021,2026-04-18,Won ,44100.0,2026-06-10
LD006502,CMP0021,2026-04-20,LOST,,2026-05-25
LD006503,CMP0021,2026-04-21,Proposal,,
LD006504,CMP0021,2026-04-22,Lost,,2026-05-03
LD006505,CMP0021,2026-04-24,new,,
LD006506,CMP0021,2026-04-24,qualified,,
LD006507,CMP0021,2026-04-26,qualified,,
LD006508,CMP0021,2026-04-27,Lost,,2026-05-30
LD006509,CMP0021,2026-04-29,Qualified,,
LD006510,CMP0021,2026-04-30,won,80200.0,2026-06-08
LD006511,CMP0021,2026-04-30,Lost,,2026-06-13
LD006512,CMP0021,2026-05-03,new,,
LD006513,CMP0021,2026-05-04,Lost,,2026-05-14
LD006514,CMP0021,2026-05-05,Qualified,,
LD006515,CMP0021,2026-05-08,lost,,2026-06-19
LD006516,CMP0021,2026-05-08,proposal ,,
LD006517,CMP0021,2026-05-08,NEW ,,
LD006518,CMP0021,2026-05-12,proposal ,,
LD006519,CMP0021,2026-05-15,New,,
LD006520,CMP0021,2026-05-16,LOST,,2026-06-20
LD006521,CMP0021,2026-05-16,qualified,,
LD006522,CMP0021,2026-05-17,lost,,2026-06-27
LD006523,CMP0021,2026-05-17,Qualified,,
LD006524,CMP0021,2026-05-17,Qualified,,
LD006525,CMP0021,2026-05-18,LOST,,2026-06-18
LD006526,CMP0021,2026-05-19,new,,
LD006527,CMP0021,2026-05-21,NEW ,,
LD006528,CMP0021,2026-05-22,Lost,,2026-06-17
LD006529,CMP0021,2026-05-22,Won ,40600.0,2026-07-04
LD006530,CMP0021,2026-05-23,Lost,,2026-06-18
LD006531,CMP0021,2026-05-23,LOST,,2026-06-17
LD006532,CMP0021,2026-05-24,WON,43900.0,2026-07-04
LD006533,CMP0021,2026-05-26,New,,
LD006534,CMP0021,2026-05-26,qualified,,
LD006535,CMP0021,2026-05-27,Qualified,,
LD006536,CMP0021,2026-05-28,Qualified,,
LD006537,CMP0021,2026-05-31,LOST,,2026-07-09
LD006538,CMP0021,2026-05-31,new,,
LD006539,CMP0021,2026-05-31,LOST,,2026-06-15
LD006540,CMP0021,2026-05-31,LOST,,2026-06-19
LD006541,CMP0021,2026-06-03,qualified,,
LD006542,CMP0021,2026-06-05,WON,33000.0,2026-07-20
LD006543,CMP0021,2026-06-08,LOST,,2026-07-08
LD006544,CMP0021,2026-06-09,qualified,,
LD006545,CMP0021,2026-06-10,LOST,,2026-07-20
LD006546,CMP0021,2026-06-10,New,,
LD006547,CMP0021,2026-06-14,New,,
LD006548,CMP0021,2026-06-16,Lost,,2026-07-18
LD006549,CMP0021,2026-06-18,New,,
LD006550,CMP0021,2026-06-18,new,,
LD006551,CMP0021,2026-06-18,LOST,,2026-07-22
LD006552,CMP0021,2026-06-18,Proposal,,
LD006553,CMP0021,2026-06-19,lost,,2026-07-29
LD006554,CMP0021,2026-06-23,lost,,2026-07-14
LD006555,CMP0021,2026-06-25,lost,,2026-08-07
LD006556,CMP0021,2026-06-26,Won ,49600.0,2026-07-20
LD006557,CMP0021,2026-06-27,New,,
LD006558,CMP0021,2026-06-27,Qualified,,
LD006559,CMP0021,2026-06-29,lost,,2026-07-22
LD006560,CMP0021,2026-06-29,New,,
LD006561,CMP0021,2026-06-29,Qualified,,
LD006562,CMP0021,2026-06-30,qualified,,
LD006563,CMP0021,2026-07-01,Lost,,2026-07-22
LD006564,CMP0021,2026-07-02,LOST,,2026-07-16
LD006565,CMP0021,2026-07-04,qualified,,
LD006566,CMP0021,2026-07-05,Qualified,,
LD006567,CMP0021,2026-07-08,new,,
LD006568,CMP0021,2026-07-08,New,,
LD006569,CMP0021,2026-07-09,new,,
LD006570,CMP0021,2026-07-10,Qualified,,
LD006571,CMP0021,2026-07-10,Qualified,,
LD006572,CMP0021,2026-07-11,qualified,,
LD006573,CMP0021,2026-07-13,qualified,,
LD006574,CMP0021,2026-07-15,qualified,,
LD006575,CMP0021,2026-07-15,NEW ,,
LD006576,CMP0021,2026-07-16,New,,
LD006577,CMP0021,2026-07-17,qualified,,
LD006578,CMP0021,2026-07-17,proposal ,,
LD006579,CMP0021,2026-07-18,Qualified,,
LD006580,CMP0021,2026-07-19,Qualified,,
LD006581,CMP0021,2026-07-19,New,,
LD006582,CMP0021,2026-07-20,qualified,,
LD006583,CMP0021,2026-07-25,Qualified,,
LD006584,CMP0021,2026-07-27,qualified,,
LD006585,CMP0021,2026-07-29,qualified,,
LD006586,CMP0021,2026-07-30,qualified,,
LD006587,CMP0021,2026-07-30,qualified,,
LD006588,CMP0021,2026-08-01,New,,
LD006589,CMP0021,2026-08-02,Qualified,,
LD006590,CMP0021,2026-08-04,qualified,,
LD006591,CMP0021,2026-08-05,Qualified,,
LD006592,CMP0021,2026-08-06,Qualified,,
LD006593,CMP0021,2026-08-06,new,,
LD006594,CMP0021,2026-08-07,qualified,,
LD006595,CMP0021,2026-08-08,Qualified,,
LD006596,CMP0021,2026-08-08,Qualified,,
LD006597,CMP0021,2026-08-09,qualified,,
LD006598,CMP0021,2026-08-10,Qualified,,
LD006599,CMP0021,2026-08-11,NEW ,,
LD006600,CMP0021,2026-08-12,New,,
LD006601,CMP0021,2026-08-12,NEW ,,
LD006602,CMP0021,2026-08-12,Qualified,,
LD006603,CMP0021,2026-08-13,qualified,,
LD006604,CMP0021,2026-08-13,Qualified,,
LD006605,CMP0021,2026-08-22,qualified,,
LD006606,CMP0021,2026-08-25,NEW ,,
LD006607,CMP0021,2026-08-26,qualified,,
LD006608,CMP0021,2026-08-28,Qualified,,
LD006609,CMP0021,2026-08-29,qualified,,
LD006610,CMP0021,2026-08-30,Qualified,,
LD006611,CMP0022,2026-04-11,NEW ,,
LD006612,CMP0022,2026-04-12,WON,27200.0,2026-04-28
LD006613,CMP0022,2026-04-15,qualified,,
LD006614,CMP0022,2026-04-16,New,,
LD006615,CMP0022,2026-04-17,NEW ,,
LD006616,CMP0022,2026-04-17,qualified,,
LD006617,CMP0022,2026-04-17,qualified,,
LD006618,CMP0022,2026-04-19,NEW ,,
LD006619,CMP0022,2026-04-20,Proposal,,
LD006620,CMP0022,2026-04-21,Lost,,2026-05-12
LD006621,CMP0022,2026-04-21,LOST,,2026-05-18
LD006622,CMP0022,2026-04-22,qualified,,
LD006623,CMP0022,2026-04-22,lost,,2026-05-16
LD006624,CMP0022,2026-04-24,NEW ,,
LD006625,CMP0022,2026-04-24,NEW ,,
LD006626,CMP0022,2026-04-28,Qualified,,
LD006627,CMP0022,2026-04-28,Lost,,2026-05-10
LD006628,CMP0022,2026-05-04,NEW ,,
LD006629,CMP0022,2026-05-05,Qualified,,
LD006630,CMP0022,2026-05-05,LOST,,2026-06-13
LD006631,CMP0022,2026-05-06,qualified,,
LD006632,CMP0022,2026-05-07,New,,
LD006633,CMP0022,2026-05-11,won,48600.0,2026-06-07
LD006634,CMP0022,2026-05-12,New,,
LD006635,CMP0022,2026-05-14,NEW ,,
LD006636,CMP0022,2026-05-17,NEW ,,
LD006637,CMP0022,2026-05-18,LOST,,2026-06-24
LD006638,CMP0022,2026-05-18,lost,,2026-06-23
LD006639,CMP0022,2026-05-18,qualified,,
LD006640,CMP0022,2026-05-19,lost,,2026-07-01
LD006641,CMP0022,2026-05-20,new,,
LD006642,CMP0022,2026-05-20,Proposal,,
LD006643,CMP0022,2026-05-21,new,,
LD006644,CMP0022,2026-05-22,NEW ,,
LD006645,CMP0022,2026-05-23,qualified,,
LD006646,CMP0022,2026-05-24,Proposal,,
LD006647,CMP0022,2026-05-25,Qualified,,
LD006648,CMP0022,2026-05-26,NEW ,,
LD006649,CMP0022,2026-05-27,Lost,,2026-06-15
LD006650,CMP0022,2026-05-29,new,,
LD006651,CMP0022,2026-06-01,Qualified,,
LD006652,CMP0022,2026-06-02,lost,,2026-06-13
LD006653,CMP0022,2026-06-04,lost,,2026-06-24
LD006654,CMP0022,2026-06-06,qualified,,
LD006655,CMP0022,2026-06-06,LOST,,2026-06-16
LD006656,CMP0022,2026-06-14,Qualified,,
LD006657,CMP0022,2026-06-14,LOST,,2026-06-29
LD006658,CMP0022,2026-06-14,qualified,,
LD006659,CMP0022,2026-06-16,lost,,2026-07-20
LD006660,CMP0022,2026-06-17,Lost,,2026-07-02
LD006661,CMP0022,2026-06-19,qualified,,
LD006662,CMP0022,2026-06-19,new,,
LD006663,CMP0022,2026-06-20,LOST,,2026-07-24
LD006664,CMP0022,2026-06-21,Lost,,2026-07-23
LD006665,CMP0022,2026-06-24,new,,
LD006666,CMP0022,2026-06-25,Qualified,,
LD006667,CMP0022,2026-06-26,Qualified,,
LD006668,CMP0022,2026-06-27,LOST,,2026-07-29
LD006669,CMP0022,2026-06-29,new,,
LD006670,CMP0022,2026-07-01,New,,
LD006671,CMP0022,2026-07-01,LOST,,2026-07-22
LD006672,CMP0022,2026-07-01,NEW ,,
LD006673,CMP0022,2026-07-02,qualified,,
LD006674,CMP0022,2026-07-03,proposal ,,
LD006675,CMP0022,2026-07-04,New,,
LD006676,CMP0022,2026-07-05,NEW ,,
LD006677,CMP0022,2026-07-05,qualified,,
LD006678,CMP0022,2026-07-06,NEW ,,
LD006679,CMP0022,2026-07-07,qualified,,
LD006680,CMP0022,2026-07-09,qualified,,
LD006681,CMP0022,2026-07-09,qualified,,
LD006682,CMP0022,2026-07-13,New,,
LD006683,CMP0022,2026-07-14,new,,
LD006684,CMP0022,2026-07-14,new,,
LD006685,CMP0022,2026-07-17,qualified,,
LD006686,CMP0022,2026-07-20,Qualified,,
LD006687,CMP0022,2026-07-20,Qualified,,
LD006688,CMP0022,2026-07-24,Qualified,,
LD006689,CMP0022,2026-07-27,Qualified,,
LD006690,CMP0022,2026-07-29,qualified,,
LD006691,CMP0022,2026-08-01,Qualified,,
LD006692,CMP0022,2026-08-03,qualified,,
LD006693,CMP0022,2026-08-03,Qualified,,
LD006694,CMP0022,2026-08-03,Qualified,,
LD006695,CMP0022,2026-08-04,qualified,,
LD006696,CMP0022,2026-08-09,Qualified,,
LD006697,CMP0022,2026-08-10,Qualified,,
LD006698,CMP0022,2026-08-10,proposal ,,
LD006699,CMP0022,2026-08-12,Qualified,,
LD006700,CMP0022,2026-08-12,NEW ,,
LD006701,CMP0022,2026-08-15,Qualified,,
LD006702,CMP0022,2026-08-15,Qualified,,
LD006703,CMP0022,2026-08-15,Qualified,,
LD006704,CMP0022,2026-08-16,Qualified,,
LD006705,CMP0022,2026-08-17,NEW ,,
LD006706,CMP0022,2026-08-18,New,,
LD006707,CMP0022,2026-08-20,new,,
LD006708,CMP0022,2026-08-21,new,,
LD006709,CMP0022,2026-08-26,Proposal,,
LD006710,CMP0022,2026-08-28,qualified,,
LD006711,CMP0022,2026-08-30,qualified,,
LD006712,CMP0023,2025-11-20,LOST,,2025-12-24
LD006713,CMP0023,2025-11-23,Qualified,,
LD006714,CMP0023,2025-11-26,Lost,,2025-12-04
LD006715,CMP0023,2025-12-07,NEW ,,
LD006716,CMP0023,2025-12-17,LOST,,2026-01-30
LD006717,CMP0023,2025-12-23,Lost,,2026-01-01
LD006718,CMP0023,2025-12-31,new,,
LD006719,CMP0023,2026-01-03,won,36300.0,2026-01-31
LD006720,CMP0023,2026-01-03,New,,
LD006721,CMP0023,2026-01-13,LOST,,2026-01-27
LD006722,CMP0023,2026-01-20,NEW ,,
LD006723,CMP0023,2026-02-05,NEW ,,
LD006724,CMP0023,2026-02-13,New,,
LD006725,CMP0023,2026-02-15,New,,
LD006726,CMP0023,2026-02-16,Won,47600.0,2026-04-14
LD006727,CMP0023,2026-02-23,New,,
LD006728,CMP0023,2026-02-25,qualified,,
LD006729,CMP0023,2026-03-01,new,,
LD006730,CMP0023,2026-03-03,NEW ,,
LD006731,CMP0023,2026-03-07,Qualified,,
LD006732,CMP0023,2026-03-11,Qualified,,
LD006733,CMP0023,2026-03-12,NEW ,,
LD006734,CMP0023,2026-03-17,lost,,2026-04-06
LD006735,CMP0023,2026-03-28,LOST,,2026-04-25
LD006736,CMP0023,2026-04-02,Lost,,2026-05-13
LD006737,CMP0023,2026-04-10,qualified,,
LD006738,CMP0024,2025-11-06,WON,43900.0,2025-11-20
LD006739,CMP0024,2025-11-06,Qualified,,
LD006740,CMP0024,2025-11-06,qualified,,
LD006741,CMP0024,2025-11-07,qualified,,
LD006742,CMP0024,2025-11-07,New,,
LD006743,CMP0024,2025-11-07,LOST,,2025-12-14
LD006744,CMP0024,2025-11-08,Lost,,2025-12-22
LD006745,CMP0024,2025-11-08,Lost,,2025-12-11
LD006746,CMP0024,2025-11-08,New,,
LD006747,CMP0024,2025-11-08,Lost,,2025-12-22
LD006748,CMP0024,2025-11-08,LOST,,2025-12-07
LD006749,CMP0024,2025-11-08,lost,,2025-11-23
LD006750,CMP0024,2025-11-08,Won,25900.0,2025-12-03
LD006751,CMP0024,2025-11-09,Qualified,,
LD006752,CMP0024,2025-11-09,New,,
LD006753,CMP0024,2025-11-09,Lost,,2025-12-12
LD006754,CMP0024,2025-11-10,lost,,2025-11-24
LD006755,CMP0024,2025-11-10,qualified,,
LD006756,CMP0024,2025-11-10,LOST,,2025-11-20
LD006757,CMP0024,2025-11-10,NEW ,,
LD006758,CMP0024,2025-11-10,lost,,2025-12-01
LD006759,CMP0024,2025-11-10,Won,45100.0,2025-12-02
LD006760,CMP0024,2025-11-11,lost,,2025-12-01
LD006761,CMP0024,2025-11-11,New,,
LD006762,CMP0024,2025-11-11,Lost,,2025-11-20
LD006763,CMP0024,2025-11-12,New,,
LD006764,CMP0024,2025-11-12,lost,,2025-12-16
LD006765,CMP0024,2025-11-12,new,,
LD006766,CMP0024,2025-11-13,qualified,,
LD006767,CMP0024,2025-11-13,Lost,,2025-11-28
LD006768,CMP0024,2025-11-13,Lost,,2025-12-13
LD006769,CMP0024,2025-11-14,Lost,,2025-12-14
LD006770,CMP0024,2025-11-14,New,,
LD006771,CMP0024,2025-11-14,Won ,33800.0,2025-12-07
LD006772,CMP0024,2025-11-14,NEW ,,
LD006773,CMP0024,2025-11-14,new,,
LD006774,CMP0024,2025-11-15,Qualified,,
LD006775,CMP0024,2025-11-15,lost,,2025-12-04
LD006776,CMP0024,2025-11-16,won,28100.0,2025-12-23
LD006777,CMP0024,2025-11-16,lost,,2025-12-01
LD006778,CMP0024,2025-11-16,qualified,,
LD006779,CMP0024,2025-11-17,Lost,,2025-12-09
LD006780,CMP0024,2025-11-17,WON,40500.0,2026-01-03
LD006781,CMP0024,2025-11-17,new,,
LD006782,CMP0024,2025-11-18,Qualified,,
LD006783,CMP0024,2025-11-18,New,,
LD006784,CMP0024,2025-11-18,Qualified,,
LD006785,CMP0024,2025-11-18,Proposal,,
LD006786,CMP0024,2025-11-18,lost,,2025-12-23
LD006787,CMP0024,2025-11-19,new,,
LD006788,CMP0024,2025-11-19,new,,
LD006789,CMP0024,2025-11-19,Lost,,2025-11-29
LD006790,CMP0024,2025-11-19,Qualified,,
LD006791,CMP0024,2025-11-19,NEW ,,
LD006792,CMP0024,2025-11-19,new,,
LD006793,CMP0024,2025-11-19,LOST,,2025-12-28
LD006794,CMP0024,2025-11-19,lost,,2025-12-02
LD006795,CMP0024,2025-11-20,qualified,,
LD006796,CMP0024,2025-11-20,proposal ,,
LD006797,CMP0024,2025-11-20,Lost,,2025-12-20
LD006798,CMP0024,2025-11-20,New,,
LD006799,CMP0024,2025-11-20,qualified,,
LD006800,CMP0024,2025-11-21,new,,
LD006801,CMP0024,2025-11-21,lost,,2026-01-04
LD006802,CMP0024,2025-11-21,Qualified,,
LD006803,CMP0024,2025-11-21,New,,
LD006804,CMP0024,2025-11-21,qualified,,
LD006805,CMP0024,2025-11-22,new,,
LD006806,CMP0024,2025-11-22,New,,
LD006807,CMP0024,2025-11-22,lost,,2025-12-07
LD006808,CMP0024,2025-11-22,WON,29000.0,2026-01-01
LD006809,CMP0024,2025-11-22,proposal ,,
LD006810,CMP0024,2025-11-23,lost,,2025-11-30
LD006811,CMP0024,2025-11-23,LOST,,2025-12-26
LD006812,CMP0024,2025-11-23,Qualified,,
LD006813,CMP0024,2025-11-23,Lost,,2025-12-25
LD006814,CMP0024,2025-11-23,qualified,,
LD006815,CMP0024,2025-11-23,Lost,,2025-12-14
LD006816,CMP0024,2025-11-23,NEW ,,
LD006817,CMP0024,2025-11-24,qualified,,
LD006818,CMP0024,2025-11-24,lost,,2025-12-03
LD006819,CMP0024,2025-11-24,NEW ,,
LD006820,CMP0024,2025-11-24,NEW ,,
LD006821,CMP0024,2025-11-25,LOST,,2025-12-04
LD006822,CMP0024,2025-11-25,new,,
LD006823,CMP0024,2025-11-25,Lost,,2025-12-04
LD006824,CMP0024,2025-11-25,won,28100.0,2025-12-29
LD006825,CMP0024,2025-11-25,LOST,,2025-12-06
LD006826,CMP0024,2025-11-26,Qualified,,
LD006827,CMP0024,2025-11-26,New,,
LD006828,CMP0024,2025-11-26,qualified,,
LD006829,CMP0024,2025-11-27,New,,
LD006830,CMP0024,2025-11-27,lost,,2026-01-07
LD006831,CMP0024,2025-11-27,new,,
LD006832,CMP0024,2025-11-27,Lost,,2025-12-15
LD006833,CMP0024,2025-11-27,lost,,2026-01-07
LD006834,CMP0024,2025-11-27,Lost,,2026-01-10
LD006835,CMP0024,2025-11-28,qualified,,
LD006836,CMP0024,2025-11-28,qualified,,
LD006837,CMP0024,2025-11-28,NEW ,,
LD006838,CMP0024,2025-11-28,NEW ,,
LD006839,CMP0024,2025-11-28,new,,
LD006840,CMP0024,2025-11-28,NEW ,,
LD006841,CMP0024,2025-11-28,qualified,,
LD006842,CMP0024,2025-11-28,LOST,,2026-01-04
LD006843,CMP0024,2025-11-29,LOST,,2025-12-26
LD006844,CMP0024,2025-11-29,Qualified,,
LD006845,CMP0024,2025-11-30,LOST,,2025-12-24
LD006846,CMP0024,2025-11-30,New,,
LD006847,CMP0024,2025-12-01,lost,,2026-01-14
LD006848,CMP0024,2025-12-03,NEW ,,
LD006849,CMP0024,2025-12-03,Lost,,2025-12-17
LD006850,CMP0024,2025-12-03,Qualified,,
LD006851,CMP0024,2025-12-04,lost,,2025-12-14
LD006852,CMP0024,2025-12-04,Lost,,2025-12-18
LD006853,CMP0024,2025-12-04,WON,31300.0,2026-01-05
LD006854,CMP0024,2025-12-04,qualified,,
LD006855,CMP0024,2025-12-04,Qualified,,
LD006856,CMP0024,2025-12-04,LOST,,2026-01-02
LD006857,CMP0024,2025-12-05,qualified,,
LD006858,CMP0024,2025-12-05,LOST,,2025-12-23
LD006859,CMP0024,2025-12-06,Lost,,2025-12-15
LD006860,CMP0024,2025-12-06,won,35200.0,2025-12-21
LD006861,CMP0024,2025-12-07,Won ,36500.0,2026-01-20
LD006862,CMP0024,2025-12-07,Qualified,,
LD006863,CMP0024,2025-12-07,LOST,,2025-12-28
LD006864,CMP0024,2025-12-07,lost,,2025-12-24
LD006865,CMP0024,2025-12-08,Qualified,,
LD006866,CMP0024,2025-12-08,Qualified,,
LD006867,CMP0024,2025-12-08,Qualified,,
LD006868,CMP0024,2025-12-08,New,,
LD006869,CMP0024,2025-12-08,lost,,2025-12-26
LD006870,CMP0024,2025-12-09,qualified,,
LD006871,CMP0024,2025-12-09,Lost,,2026-01-18
LD006872,CMP0024,2025-12-09,Lost,,2026-01-21
LD006873,CMP0024,2025-12-09,proposal ,,
LD006874,CMP0024,2025-12-09,Won ,28300.0,2026-02-02
LD006875,CMP0024,2025-12-10,Lost,,2025-12-27
LD006876,CMP0024,2025-12-10,Qualified,,
LD006877,CMP0024,2025-12-10,NEW ,,
LD006878,CMP0024,2025-12-11,Qualified,,
LD006879,CMP0024,2025-12-11,Lost,,2026-01-12
LD006880,CMP0024,2025-12-11,New,,
LD006881,CMP0024,2025-12-11,qualified,,
LD006882,CMP0024,2025-12-11,NEW ,,
LD006883,CMP0024,2025-12-12,New,,
LD006884,CMP0024,2025-12-12,lost,,2025-12-26
LD006885,CMP0024,2025-12-12,qualified,,
LD006886,CMP0024,2025-12-12,New,,
LD006887,CMP0024,2025-12-12,NEW ,,
LD006888,CMP0024,2025-12-12,Lost,,2026-01-19
LD006889,CMP0024,2025-12-13,Qualified,,
LD006890,CMP0024,2025-12-14,new,,
LD006891,CMP0024,2025-12-14,LOST,,2026-01-13
LD006892,CMP0024,2025-12-14,new,,
LD006893,CMP0024,2025-12-14,new,,
LD006894,CMP0024,2025-12-15,NEW ,,
LD006895,CMP0024,2025-12-15,New,,
LD006896,CMP0024,2025-12-15,WON,42200.0,2026-01-09
LD006897,CMP0024,2025-12-15,Qualified,,
LD006898,CMP0024,2025-12-15,Lost,,2026-01-27
LD006899,CMP0024,2025-12-15,LOST,,2025-12-27
LD006900,CMP0024,2025-12-15,lost,,2026-01-07
LD006901,CMP0024,2025-12-15,WON,37600.0,2026-01-14
LD006902,CMP0024,2025-12-16,New,,
LD006903,CMP0024,2025-12-16,NEW ,,
LD006904,CMP0024,2025-12-16,Lost,,2026-01-07
LD006905,CMP0024,2025-12-16,new,,
LD006906,CMP0024,2025-12-16,won,38900.0,2026-01-17
LD006907,CMP0024,2025-12-16,lost,,2026-01-10
LD006908,CMP0024,2025-12-17,NEW ,,
LD006909,CMP0024,2025-12-17,qualified,,
LD006910,CMP0024,2025-12-17,lost,,2026-01-30
LD006911,CMP0024,2025-12-17,proposal ,,
LD006912,CMP0024,2025-12-17,qualified,,
LD006913,CMP0024,2025-12-17,lost,,2026-01-12
LD006914,CMP0024,2025-12-18,LOST,,2026-01-25
LD006915,CMP0024,2025-12-18,Proposal,,
LD006916,CMP0024,2025-12-18,New,,
LD006917,CMP0024,2025-12-18,lost,,2026-01-12
LD006918,CMP0024,2025-12-18,Lost,,2026-01-29
LD006919,CMP0024,2025-12-18,LOST,,2025-12-29
LD006920,CMP0024,2025-12-19,lost,,2026-01-23
LD006921,CMP0024,2025-12-19,New,,
LD006922,CMP0024,2025-12-19,NEW ,,
LD006923,CMP0024,2025-12-19,NEW ,,
LD006924,CMP0024,2025-12-19,New,,
LD006925,CMP0024,2025-12-19,Qualified,,
LD006926,CMP0024,2025-12-19,lost,,2026-01-19
LD006927,CMP0024,2025-12-19,Lost,,2026-01-10
LD006928,CMP0024,2025-12-19,Lost,,2025-12-27
LD006929,CMP0024,2025-12-19,LOST,,2026-01-30
LD006930,CMP0024,2025-12-20,lost,,2026-01-12
LD006931,CMP0024,2025-12-20,new,,
LD006932,CMP0024,2025-12-21,lost,,2026-01-12
LD006933,CMP0024,2025-12-21,LOST,,2026-02-03
LD006934,CMP0024,2025-12-21,new,,
LD006935,CMP0024,2025-12-22,new,,
LD006936,CMP0024,2025-12-22,LOST,,2026-01-06
LD006937,CMP0024,2025-12-22,won,43200.0,2026-01-28
LD006938,CMP0024,2025-12-22,NEW ,,
LD006939,CMP0024,2025-12-22,New,,
LD006940,CMP0024,2025-12-22,qualified,,
LD006941,CMP0024,2025-12-22,Lost,,2026-01-26
LD006942,CMP0024,2025-12-22,Qualified,,
LD006943,CMP0024,2025-12-22,lost,,2026-01-01
LD006944,CMP0024,2025-12-23,WON,50800.0,2026-01-11
LD006945,CMP0024,2025-12-23,LOST,,2026-01-10
LD006946,CMP0024,2025-12-23,LOST,,2026-01-22
LD006947,CMP0024,2025-12-24,New,,
LD006948,CMP0024,2025-12-24,qualified,,
LD006949,CMP0024,2025-12-24,LOST,,2026-02-03
LD006950,CMP0024,2025-12-24,LOST,,2026-01-13
LD006951,CMP0024,2025-12-25,Qualified,,
LD006952,CMP0024,2025-12-25,proposal ,,
LD006953,CMP0024,2025-12-25,LOST,,2026-01-06
LD006954,CMP0024,2025-12-25,NEW ,,
LD006955,CMP0024,2025-12-25,qualified,,
LD006956,CMP0024,2025-12-26,qualified,,
LD006957,CMP0024,2025-12-26,Qualified,,
LD006958,CMP0024,2025-12-26,lost,,2026-02-04
LD006959,CMP0024,2025-12-26,LOST,,2026-01-12
LD006960,CMP0024,2025-12-28,lost,,2026-01-18
LD006961,CMP0024,2025-12-28,Qualified,,
LD006962,CMP0024,2025-12-29,lost,,2026-01-07
LD006963,CMP0024,2025-12-29,Lost,,2026-02-01
LD006964,CMP0024,2025-12-29,won,44600.0,2026-02-21
LD006965,CMP0024,2025-12-30,qualified,,
LD006966,CMP0024,2025-12-30,new,,
LD006967,CMP0024,2025-12-31,LOST,,2026-02-12
LD006968,CMP0024,2025-12-31,NEW ,,
LD006969,CMP0024,2026-01-01,Qualified,,
LD006970,CMP0024,2026-01-01,New,,
LD006971,CMP0024,2026-01-02,LOST,,2026-01-10
LD006972,CMP0024,2026-01-02,qualified,,
LD006973,CMP0024,2026-01-02,Lost,,2026-02-11
LD006974,CMP0024,2026-01-02,LOST,,2026-01-12
LD006975,CMP0024,2026-01-02,WON,58900.0,2026-02-23
LD006976,CMP0024,2026-01-03,new,,
LD006977,CMP0024,2026-01-03,new,,
LD006978,CMP0024,2026-01-04,proposal ,,
LD006979,CMP0024,2026-01-04,WON,29900.0,2026-03-01
LD006980,CMP0024,2026-01-04,New,,
LD006981,CMP0024,2026-01-04,LOST,,2026-02-10
LD006982,CMP0024,2026-01-04,Qualified,,
LD006983,CMP0024,2026-01-04,LOST,,2026-02-09
LD006984,CMP0024,2026-01-05,NEW ,,
LD006985,CMP0024,2026-01-05,Lost,,2026-01-20
LD006986,CMP0024,2026-01-06,NEW ,,
LD006987,CMP0024,2026-01-06,Qualified,,
LD006988,CMP0024,2026-01-06,new,,
LD006989,CMP0024,2026-01-06,qualified,,
LD006990,CMP0024,2026-01-06,new,,
LD006991,CMP0024,2026-01-06,Lost,,2026-02-03
LD006992,CMP0024,2026-01-07,NEW ,,
LD006993,CMP0024,2026-01-07,Proposal,,
LD006994,CMP0024,2026-01-07,Lost,,2026-01-27
LD006995,CMP0024,2026-01-07,LOST,,2026-01-21
LD006996,CMP0024,2026-01-08,Proposal,,
LD006997,CMP0024,2026-01-08,lost,,2026-01-22
LD006998,CMP0024,2026-01-08,lost,,2026-02-19
LD006999,CMP0024,2026-01-09,LOST,,2026-01-19
LD007000,CMP0024,2026-01-09,new,,
LD007001,CMP0024,2026-01-09,qualified,,
LD007002,CMP0024,2026-01-10,New,,
LD007003,CMP0024,2026-01-11,Lost,,2026-02-17
LD007004,CMP0024,2026-01-11,Lost,,2026-01-20
LD007005,CMP0024,2026-01-11,LOST,,2026-02-16
LD007006,CMP0024,2026-01-11,New,,
LD007007,CMP0024,2026-01-11,new,,
LD007008,CMP0024,2026-01-12,Qualified,,
LD007009,CMP0024,2026-01-12,lost,,2026-02-23
LD007010,CMP0024,2026-01-13,NEW ,,
LD007011,CMP0024,2026-01-14,qualified,,
LD007012,CMP0024,2026-01-14,LOST,,2026-02-25
LD007013,CMP0024,2026-01-14,LOST,,2026-01-23
LD007014,CMP0024,2026-01-14,Qualified,,
LD007015,CMP0024,2026-01-15,Qualified,,
LD007016,CMP0024,2026-01-15,Qualified,,
LD007017,CMP0024,2026-01-15,New,,
LD007018,CMP0024,2026-01-15,Qualified,,
LD007019,CMP0024,2026-01-15,new,,
LD007020,CMP0024,2026-01-15,Proposal,,
LD007021,CMP0024,2026-01-15,new,,
LD007022,CMP0024,2026-01-16,NEW ,,
LD007023,CMP0024,2026-01-16,won,29900.0,2026-01-30
LD007024,CMP0024,2026-01-18,lost,,2026-02-15
LD007025,CMP0024,2026-01-19,qualified,,
LD007026,CMP0024,2026-01-19,NEW ,,
LD007027,CMP0024,2026-01-19,won,34700.0,2026-02-14
LD007028,CMP0024,2026-01-19,Lost,,2026-02-14
LD007029,CMP0024,2026-01-19,new,,
LD007030,CMP0024,2026-01-19,New,,
LD007031,CMP0024,2026-01-19,new,,
LD007032,CMP0024,2026-01-20,Lost,,2026-02-08
LD007033,CMP0024,2026-01-20,proposal ,,
LD007034,CMP0024,2026-01-20,won,51000.0,2026-03-02
LD007035,CMP0024,2026-01-20,proposal ,,
LD007036,CMP0024,2026-01-21,New,,
LD007037,CMP0024,2026-01-21,lost,,2026-02-05
LD007038,CMP0024,2026-01-21,LOST,,2026-03-02
LD007039,CMP0024,2026-01-22,new,,
LD007040,CMP0024,2026-01-22,Lost,,2026-01-30
LD007041,CMP0024,2026-01-22,new,,
LD007042,CMP0024,2026-01-22,lost,,2026-02-16
LD007043,CMP0024,2026-01-22,new,,
LD007044,CMP0024,2026-01-22,Lost,,2026-03-03
LD007045,CMP0024,2026-01-22,lost,,2026-02-19
LD007046,CMP0024,2026-01-23,NEW ,,
LD007047,CMP0024,2026-01-23,qualified,,
LD007048,CMP0024,2026-01-23,lost,,2026-02-12
LD007049,CMP0024,2026-01-23,LOST,,2026-02-10
LD007050,CMP0024,2026-01-24,WON,50600.0,2026-03-20
LD007051,CMP0024,2026-01-24,New,,
LD007052,CMP0024,2026-01-24,NEW ,,
LD007053,CMP0024,2026-01-24,NEW ,,
LD007054,CMP0024,2026-01-25,LOST,,2026-02-17
LD007055,CMP0024,2026-01-26,won,54600.0,2026-03-24
LD007056,CMP0024,2026-01-26,lost,,2026-02-07
LD007057,CMP0024,2026-01-26,Lost,,2026-03-03
LD007058,CMP0024,2026-01-27,WON,34600.0,2026-02-16
LD007059,CMP0024,2026-01-27,qualified,,
LD007060,CMP0024,2026-01-28,lost,,2026-02-25
LD007061,CMP0024,2026-01-28,LOST,,2026-02-15
LD007062,CMP0024,2026-01-28,new,,
LD007063,CMP0024,2026-01-28,new,,
LD007064,CMP0024,2026-01-28,Lost,,2026-02-11
LD007065,CMP0024,2026-01-28,LOST,,2026-02-12
LD007066,CMP0024,2026-01-28,new,,
LD007067,CMP0024,2026-01-29,LOST,,2026-03-09
LD007068,CMP0024,2026-01-29,qualified,,
LD007069,CMP0024,2026-01-29,qualified,,
LD007070,CMP0024,2026-01-29,won,25500.0,2026-03-16
LD007071,CMP0024,2026-01-29,Lost,,2026-02-10
LD007072,CMP0024,2026-01-30,WON,24800.0,2026-03-25
LD007073,CMP0024,2026-01-30,New,,
LD007074,CMP0024,2026-01-30,Lost,,2026-02-06
LD007075,CMP0024,2026-01-31,lost,,2026-03-12
LD007076,CMP0024,2026-01-31,LOST,,2026-02-08
LD007077,CMP0024,2026-01-31,NEW ,,
LD007078,CMP0024,2026-01-31,NEW ,,
LD007079,CMP0024,2026-01-31,NEW ,,
LD007080,CMP0024,2026-02-01,Qualified,,
LD007081,CMP0024,2026-02-01,LOST,,2026-03-12
LD007082,CMP0024,2026-02-01,New,,
LD007083,CMP0024,2026-02-02,New,,
LD007084,CMP0024,2026-02-02,Lost,,2026-02-19
LD007085,CMP0024,2026-02-02,New,,
LD007086,CMP0024,2026-02-02,new,,
LD007087,CMP0024,2026-02-02,qualified,,
LD007088,CMP0024,2026-02-02,qualified,,
LD007089,CMP0024,2026-02-03,qualified,,
LD007090,CMP0024,2026-02-03,qualified,,
LD007091,CMP0024,2026-02-03,NEW ,,
LD007092,CMP0024,2026-02-03,lost,,2026-03-06
LD007093,CMP0024,2026-02-03,new,,
LD007094,CMP0024,2026-02-03,Lost,,2026-03-17
LD007095,CMP0024,2026-02-03,Lost,,2026-02-24
LD007096,CMP0024,2026-02-03,New,,
LD007097,CMP0024,2026-02-04,Qualified,,
LD007098,CMP0024,2026-02-04,LOST,,2026-03-15
LD007099,CMP0024,2026-02-04,New,,
LD007100,CMP0024,2026-02-04,new,,
LD007101,CMP0024,2026-02-04,Proposal,,
LD007102,CMP0024,2026-02-05,Proposal,,
LD007103,CMP0024,2026-02-05,Lost,,2026-02-17
LD007104,CMP0024,2026-02-05,NEW ,,
LD007105,CMP0024,2026-02-05,Qualified,,
LD007106,CMP0024,2026-02-05,lost,,2026-02-26
LD007107,CMP0024,2026-02-06,won,41800.0,2026-03-08
LD007108,CMP0024,2026-02-06,LOST,,2026-03-10
LD007109,CMP0024,2026-02-06,LOST,,2026-03-03
LD007110,CMP0024,2026-02-06,Proposal,,
LD007111,CMP0024,2026-02-06,qualified,,
LD007112,CMP0024,2026-02-07,LOST,,2026-03-05
LD007113,CMP0024,2026-02-07,LOST,,2026-03-19
LD007114,CMP0024,2026-02-07,lost,,2026-02-23
LD007115,CMP0024,2026-02-08,Qualified,,
LD007116,CMP0024,2026-02-08,Lost,,2026-02-27
LD007117,CMP0024,2026-02-08,NEW ,,
LD007118,CMP0024,2026-02-09,Qualified,,
LD007119,CMP0024,2026-02-09,Lost,,2026-03-21
LD007120,CMP0024,2026-02-09,NEW ,,
LD007121,CMP0024,2026-02-09,new,,
LD007122,CMP0024,2026-02-09,NEW ,,
LD007123,CMP0024,2026-02-09,LOST,,2026-03-19
LD007124,CMP0024,2026-02-10,new,,
LD007125,CMP0024,2026-02-10,Qualified,,
LD007126,CMP0024,2026-02-11,new,,
LD007127,CMP0024,2026-02-11,New,,
LD007128,CMP0024,2026-02-11,lost,,2026-03-15
LD007129,CMP0024,2026-02-12,qualified,,
LD007130,CMP0024,2026-02-12,lost,,2026-03-02
LD007131,CMP0024,2026-02-12,new,,
LD007132,CMP0024,2026-02-12,qualified,,
LD007133,CMP0024,2026-02-12,Lost,,2026-02-23
LD007134,CMP0024,2026-02-12,New,,
LD007135,CMP0024,2026-02-13,Lost,,2026-03-04
LD007136,CMP0024,2026-02-14,won,26600.0,2026-03-11
LD007137,CMP0024,2026-02-14,Lost,,2026-02-23
LD007138,CMP0024,2026-02-14,Lost,,2026-02-26
LD007139,CMP0024,2026-02-14,NEW ,,
LD007140,CMP0024,2026-02-15,LOST,,2026-03-10
LD007141,CMP0024,2026-02-15,Lost,,2026-03-26
LD007142,CMP0024,2026-02-16,NEW ,,
LD007143,CMP0024,2026-02-16,Lost,,2026-03-13
LD007144,CMP0024,2026-02-16,LOST,,2026-03-06
LD007145,CMP0024,2026-02-16,New,,
LD007146,CMP0024,2026-02-17,Qualified,,
LD007147,CMP0024,2026-02-17,NEW ,,
LD007148,CMP0024,2026-02-17,NEW ,,
LD007149,CMP0024,2026-02-17,Lost,,2026-02-24
LD007150,CMP0024,2026-02-17,NEW ,,
LD007151,CMP0024,2026-02-17,qualified,,
LD007152,CMP0024,2026-02-18,LOST,,2026-03-05
LD007153,CMP0024,2026-02-18,Lost,,2026-03-02
LD007154,CMP0024,2026-02-18,lost,,2026-04-02
LD007155,CMP0024,2026-02-18,LOST,,2026-03-20
LD007156,CMP0024,2026-02-18,lost,,2026-03-07
LD007157,CMP0024,2026-02-18,Qualified,,
LD007158,CMP0024,2026-02-18,new,,
LD007159,CMP0024,2026-02-18,won,53900.0,2026-04-04
LD007160,CMP0024,2026-02-19,lost,,2026-03-25
LD007161,CMP0024,2026-02-19,New,,
LD007162,CMP0024,2026-02-19,lost,,2026-03-13
LD007163,CMP0024,2026-02-19,LOST,,2026-04-04
LD007164,CMP0024,2026-02-20,lost,,2026-02-27
LD007165,CMP0024,2026-02-20,lost,,2026-03-09
LD007166,CMP0024,2026-02-20,Lost,,2026-03-29
LD007167,CMP0024,2026-02-20,LOST,,2026-04-05
LD007168,CMP0024,2026-02-21,LOST,,2026-03-01
LD007169,CMP0024,2026-02-21,LOST,,2026-03-29
LD007170,CMP0024,2026-02-22,LOST,,2026-04-04
LD007171,CMP0024,2026-02-22,New,,
LD007172,CMP0024,2026-02-23,lost,,2026-03-08
LD007173,CMP0024,2026-02-24,won,32400.0,2026-04-07
LD007174,CMP0024,2026-02-24,New,,
LD007175,CMP0024,2026-02-24,Lost,,2026-04-08
LD007176,CMP0024,2026-02-24,LOST,,2026-03-25
LD007177,CMP0024,2026-02-24,WON,53600.0,2026-04-05
LD007178,CMP0024,2026-02-24,Proposal,,
LD007179,CMP0024,2026-02-24,new,,
LD007180,CMP0024,2026-02-24,Lost,,2026-03-27
LD007181,CMP0024,2026-02-24,lost,,2026-03-13
LD007182,CMP0024,2026-02-25,Lost,,2026-03-08
LD007183,CMP0024,2026-02-25,WON,44400.0,2026-04-24
LD007184,CMP0024,2026-02-25,qualified,,
LD007185,CMP0024,2026-02-26,New,,
LD007186,CMP0024,2026-02-26,New,,
LD007187,CMP0024,2026-02-26,NEW ,,
LD007188,CMP0024,2026-02-26,NEW ,,
LD007189,CMP0024,2026-02-27,qualified,,
LD007190,CMP0024,2026-02-27,New,,
LD007191,CMP0024,2026-02-27,Lost,,2026-03-18
LD007192,CMP0024,2026-02-28,New,,
LD007193,CMP0024,2026-02-28,qualified,,
LD007194,CMP0024,2026-02-28,qualified,,
LD007195,CMP0024,2026-02-28,Proposal,,
LD007196,CMP0024,2026-03-01,qualified,,
LD007197,CMP0024,2026-03-01,Qualified,,
LD007198,CMP0024,2026-03-01,Lost,,2026-03-28
LD007199,CMP0024,2026-03-01,New,,
LD007200,CMP0024,2026-03-02,New,,
LD007201,CMP0024,2026-03-02,New,,
LD007202,CMP0024,2026-03-02,LOST,,2026-03-10
LD007203,CMP0024,2026-03-03,New,,
LD007204,CMP0024,2026-03-03,Qualified,,
LD007205,CMP0024,2026-03-03,Lost,,2026-03-24
LD007206,CMP0024,2026-03-03,Qualified,,
LD007207,CMP0024,2026-03-03,NEW ,,
LD007208,CMP0024,2026-03-03,qualified,,
LD007209,CMP0024,2026-03-03,Won,28800.0,2026-04-18
LD007210,CMP0024,2026-03-04,qualified,,
LD007211,CMP0024,2026-03-04,new,,
LD007212,CMP0024,2026-03-04,Qualified,,
LD007213,CMP0024,2026-03-04,New,,
LD007214,CMP0024,2026-03-05,New,,
LD007215,CMP0024,2026-03-05,Proposal,,
LD007216,CMP0024,2026-03-05,New,,
LD007217,CMP0024,2026-03-06,Qualified,,
LD007218,CMP0024,2026-03-06,LOST,,2026-04-18
LD007219,CMP0024,2026-03-06,Qualified,,
LD007220,CMP0024,2026-03-08,New,,
LD007221,CMP0024,2026-03-08,New,,
LD007222,CMP0024,2026-03-08,won,39200.0,2026-05-06
LD007223,CMP0024,2026-03-08,New,,
LD007224,CMP0024,2026-03-09,lost,,2026-04-16
LD007225,CMP0024,2026-03-09,New,,
LD007226,CMP0024,2026-03-09,qualified,,
LD007227,CMP0024,2026-03-09,Qualified,,
LD007228,CMP0024,2026-03-09,Proposal,,
LD007229,CMP0024,2026-03-10,lost,,2026-04-14
LD007230,CMP0024,2026-03-10,new,,
LD007231,CMP0024,2026-03-10,Lost,,2026-04-09
LD007232,CMP0024,2026-03-10,Lost,,2026-04-22
LD007233,CMP0024,2026-03-10,Lost,,2026-03-20
LD007234,CMP0024,2026-03-11,Qualified,,
LD007235,CMP0024,2026-03-11,qualified,,
LD007236,CMP0024,2026-03-11,lost,,2026-03-19
LD007237,CMP0024,2026-03-11,New,,
LD007238,CMP0024,2026-03-11,new,,
LD007239,CMP0024,2026-03-11,new,,
LD007240,CMP0024,2026-03-12,Qualified,,
LD007241,CMP0024,2026-03-13,won,46400.0,2026-05-10
LD007242,CMP0024,2026-03-13,qualified,,
LD007243,CMP0024,2026-03-13,Lost,,2026-03-30
LD007244,CMP0024,2026-03-13,qualified,,
LD007245,CMP0024,2026-03-14,LOST,,2026-04-20
LD007246,CMP0024,2026-03-14,New,,
LD007247,CMP0024,2026-03-14,Lost,,2026-03-30
LD007248,CMP0024,2026-03-14,Lost,,2026-03-28
LD007249,CMP0024,2026-03-14,qualified,,
LD007250,CMP0024,2026-03-15,proposal ,,
LD007251,CMP0024,2026-03-16,NEW ,,
LD007252,CMP0024,2026-03-16,qualified,,
LD007253,CMP0024,2026-03-16,NEW ,,
LD007254,CMP0024,2026-03-16,new,,
LD007255,CMP0024,2026-03-16,qualified,,
LD007256,CMP0024,2026-03-16,LOST,,2026-04-25
LD007257,CMP0024,2026-03-17,qualified,,
LD007258,CMP0024,2026-03-17,qualified,,
LD007259,CMP0024,2026-03-17,NEW ,,
LD007260,CMP0024,2026-03-17,Won ,49200.0,2026-04-21
LD007261,CMP0024,2026-03-18,Won,20600.0,2026-04-07
LD007262,CMP0024,2026-03-18,Lost,,2026-04-08
LD007263,CMP0024,2026-03-18,NEW ,,
LD007264,CMP0024,2026-03-18,New,,
LD007265,CMP0024,2026-03-18,Qualified,,
LD007266,CMP0024,2026-03-19,Qualified,,
LD007267,CMP0024,2026-03-19,New,,
LD007268,CMP0024,2026-03-19,Lost,,2026-04-16
LD007269,CMP0024,2026-03-19,new,,
LD007270,CMP0024,2026-03-20,Qualified,,
LD007271,CMP0024,2026-03-20,New,,
LD007272,CMP0024,2026-03-20,LOST,,2026-04-12
LD007273,CMP0024,2026-03-20,qualified,,
LD007274,CMP0024,2026-03-21,new,,
LD007275,CMP0024,2026-03-21,LOST,,2026-03-30
LD007276,CMP0024,2026-03-21,NEW ,,
LD007277,CMP0024,2026-03-21,Qualified,,
LD007278,CMP0024,2026-03-21,Won,61500.0,2026-04-21
LD007279,CMP0024,2026-03-22,qualified,,
LD007280,CMP0024,2026-03-22,LOST,,2026-04-02
LD007281,CMP0024,2026-03-22,Qualified,,
LD007282,CMP0024,2026-03-22,lost,,2026-03-31
LD007283,CMP0024,2026-03-22,LOST,,2026-04-11
LD007284,CMP0024,2026-03-22,Won,31200.0,2026-04-10
LD007285,CMP0024,2026-03-22,qualified,,
LD007286,CMP0024,2026-03-23,Proposal,,
LD007287,CMP0024,2026-03-23,lost,,2026-04-01
LD007288,CMP0024,2026-03-23,Won,46600.0,2026-04-19
LD007289,CMP0024,2026-03-24,Qualified,,
LD007290,CMP0024,2026-03-24,NEW ,,
LD007291,CMP0024,2026-03-24,Lost,,2026-04-22
LD007292,CMP0024,2026-03-24,NEW ,,
LD007293,CMP0024,2026-03-24,Qualified,,
LD007294,CMP0024,2026-03-24,qualified,,
LD007295,CMP0024,2026-03-24,Qualified,,
LD007296,CMP0024,2026-03-25,LOST,,2026-04-17
LD007297,CMP0024,2026-03-25,lost,,2026-04-12
LD007298,CMP0024,2026-03-25,lost,,2026-04-17
LD007299,CMP0024,2026-03-25,Lost,,2026-05-08
LD007300,CMP0024,2026-03-25,lost,,2026-05-05
LD007301,CMP0024,2026-03-26,Qualified,,
LD007302,CMP0024,2026-03-26,new,,
LD007303,CMP0024,2026-03-26,lost,,2026-05-06
LD007304,CMP0024,2026-03-27,Lost,,2026-04-23
LD007305,CMP0024,2026-03-27,qualified,,
LD007306,CMP0024,2026-03-27,Qualified,,
LD007307,CMP0024,2026-03-27,WON,35100.0,2026-05-03
LD007308,CMP0024,2026-03-27,Won ,55200.0,2026-05-08
LD007309,CMP0024,2026-03-27,New,,
LD007310,CMP0024,2026-03-27,Lost,,2026-05-06
LD007311,CMP0024,2026-03-28,Proposal,,
LD007312,CMP0024,2026-03-28,New,,
LD007313,CMP0024,2026-03-28,Qualified,,
LD007314,CMP0024,2026-03-28,qualified,,
LD007315,CMP0024,2026-03-28,NEW ,,
LD007316,CMP0024,2026-03-28,Qualified,,
LD007317,CMP0024,2026-03-28,NEW ,,
LD007318,CMP0024,2026-03-29,NEW ,,
LD007319,CMP0024,2026-03-29,qualified,,
LD007320,CMP0024,2026-03-29,new,,
LD007321,CMP0024,2026-03-30,Lost,,2026-05-06
LD007322,CMP0024,2026-03-31,proposal ,,
LD007323,CMP0024,2026-03-31,Lost,,2026-04-12
LD007324,CMP0024,2026-03-31,Qualified,,
LD007325,CMP0024,2026-03-31,qualified,,
LD007326,CMP0024,2026-04-01,LOST,,2026-04-13
LD007327,CMP0024,2026-04-01,New,,
LD007328,CMP0024,2026-04-01,WON,24200.0,2026-05-21
LD007329,CMP0024,2026-04-01,Qualified,,
LD007330,CMP0024,2026-04-01,NEW ,,
LD007331,CMP0024,2026-04-01,LOST,,2026-05-02
LD007332,CMP0024,2026-04-02,qualified,,
LD007333,CMP0024,2026-04-02,proposal ,,
LD007334,CMP0024,2026-04-02,Lost,,2026-05-02
LD007335,CMP0024,2026-04-02,lost,,2026-04-17
LD007336,CMP0024,2026-04-03,NEW ,,
LD007337,CMP0024,2026-04-03,qualified,,
LD007338,CMP0024,2026-04-04,Qualified,,
LD007339,CMP0024,2026-04-04,qualified,,
LD007340,CMP0024,2026-04-04,new,,
LD007341,CMP0024,2026-04-04,NEW ,,
LD007342,CMP0024,2026-04-05,NEW ,,
LD007343,CMP0024,2026-04-05,lost,,2026-04-23
LD007344,CMP0024,2026-04-05,New,,
LD007345,CMP0024,2026-04-05,New,,
LD007346,CMP0024,2026-04-06,lost,,2026-05-20
LD007347,CMP0024,2026-04-06,Lost,,2026-05-03
LD007348,CMP0024,2026-04-06,Lost,,2026-04-30
LD007349,CMP0024,2026-04-06,New,,
LD007350,CMP0024,2026-04-06,Won ,65500.0,2026-04-23
LD007351,CMP0024,2026-04-06,qualified,,
LD007352,CMP0024,2026-04-06,WON,45000.0,2026-05-11
LD007353,CMP0024,2026-04-06,new,,
LD007354,CMP0024,2026-04-06,NEW ,,
LD007355,CMP0024,2026-04-07,NEW ,,
LD007356,CMP0024,2026-04-07,NEW ,,
LD007357,CMP0024,2026-04-07,Lost,,2026-05-10
LD007358,CMP0024,2026-04-07,Qualified,,
LD007359,CMP0024,2026-04-07,NEW ,,
LD007360,CMP0024,2026-04-08,New,,
LD007361,CMP0024,2026-04-08,New,,
LD007362,CMP0024,2026-04-08,lost,,2026-04-16
LD007363,CMP0024,2026-04-08,lost,,2026-05-19
LD007364,CMP0024,2026-04-08,Lost,,2026-04-16
LD007365,CMP0024,2026-04-08,NEW ,,
LD007366,CMP0025,2025-11-12,new,,
LD007367,CMP0025,2025-11-12,Qualified,,
LD007368,CMP0025,2025-11-12,LOST,,2025-11-26
LD007369,CMP0025,2025-11-12,NEW ,,
LD007370,CMP0025,2025-11-13,WON,72600.0,2025-11-29
LD007371,CMP0025,2025-11-13,LOST,,2025-12-05
LD007372,CMP0025,2025-11-13,Proposal,,
LD007373,CMP0025,2025-11-13,LOST,,2025-11-29
LD007374,CMP0025,2025-11-13,LOST,,2025-12-16
LD007375,CMP0025,2025-11-13,Lost,,2025-12-27
LD007376,CMP0025,2025-11-13,lost,,2025-12-22
LD007377,CMP0025,2025-11-13,LOST,,2025-12-17
LD007378,CMP0025,2025-11-13,Qualified,,
LD007379,CMP0025,2025-11-14,lost,,2025-11-25
LD007380,CMP0025,2025-11-14,new,,
LD007381,CMP0025,2025-11-14,NEW ,,
LD007382,CMP0025,2025-11-14,Proposal,,
LD007383,CMP0025,2025-11-14,new,,
LD007384,CMP0025,2025-11-14,Qualified,,
LD007385,CMP0025,2025-11-14,New,,
LD007386,CMP0025,2025-11-14,lost,,2025-11-22
LD007387,CMP0025,2025-11-14,New,,
LD007388,CMP0025,2025-11-14,Qualified,,
LD007389,CMP0025,2025-11-14,New,,
LD007390,CMP0025,2025-11-14,New,,
LD007391,CMP0025,2025-11-15,NEW ,,
LD007392,CMP0025,2025-11-15,Qualified,,
LD007393,CMP0025,2025-11-15,new,,
LD007394,CMP0025,2025-11-15,new,,
LD007395,CMP0025,2025-11-15,Qualified,,
LD007396,CMP0025,2025-11-15,lost,,2025-12-16
LD007397,CMP0025,2025-11-15,New,,
LD007398,CMP0025,2025-11-15,Qualified,,
LD007399,CMP0025,2025-11-16,Proposal,,
LD007400,CMP0025,2025-11-16,Qualified,,
LD007401,CMP0025,2025-11-16,Qualified,,
LD007402,CMP0025,2025-11-16,qualified,,
LD007403,CMP0025,2025-11-17,new,,
LD007404,CMP0025,2025-11-17,NEW ,,
LD007405,CMP0025,2025-11-17,LOST,,2025-12-16
LD007406,CMP0025,2025-11-17,Lost,,2025-12-30
LD007407,CMP0025,2025-11-17,proposal ,,
LD007408,CMP0025,2025-11-17,lost,,2025-12-25
LD007409,CMP0025,2025-11-17,Qualified,,
LD007410,CMP0025,2025-11-17,new,,
LD007411,CMP0025,2025-11-18,New,,
LD007412,CMP0025,2025-11-18,lost,,2025-12-10
LD007413,CMP0025,2025-11-18,Qualified,,
LD007414,CMP0025,2025-11-18,NEW ,,
LD007415,CMP0025,2025-11-18,New,,
LD007416,CMP0025,2025-11-18,Lost,,2025-12-21
LD007417,CMP0025,2025-11-18,lost,,2025-12-04
LD007418,CMP0025,2025-11-18,Qualified,,
LD007419,CMP0025,2025-11-18,Lost,,2025-12-24
LD007420,CMP0025,2025-11-19,new,,
LD007421,CMP0025,2025-11-19,WON,33900.0,2026-01-01
LD007422,CMP0025,2025-11-19,Lost,,2025-12-30
LD007423,CMP0025,2025-11-19,NEW ,,
LD007424,CMP0025,2025-11-20,Lost,,2025-12-05
LD007425,CMP0025,2025-11-20,qualified,,
LD007426,CMP0025,2025-11-20,lost,,2025-11-28
LD007427,CMP0025,2025-11-20,proposal ,,
LD007428,CMP0025,2025-11-20,qualified,,
LD007429,CMP0025,2025-11-21,WON,40600.0,2025-12-13
LD007430,CMP0025,2025-11-21,new,,
LD007431,CMP0025,2025-11-21,LOST,,2025-12-10
LD007432,CMP0025,2025-11-21,Qualified,,
LD007433,CMP0025,2025-11-21,qualified,,
LD007434,CMP0025,2025-11-21,new,,
LD007435,CMP0025,2025-11-21,Lost,,2025-12-04
LD007436,CMP0025,2025-11-21,LOST,,2026-01-02
LD007437,CMP0025,2025-11-21,Qualified,,
LD007438,CMP0025,2025-11-22,NEW ,,
LD007439,CMP0025,2025-11-22,new,,
LD007440,CMP0025,2025-11-22,NEW ,,
LD007441,CMP0025,2025-11-22,Qualified,,
LD007442,CMP0025,2025-11-23,LOST,,2025-11-30
LD007443,CMP0025,2025-11-23,Proposal,,
LD007444,CMP0025,2025-11-23,NEW ,,
LD007445,CMP0025,2025-11-23,Qualified,,
LD007446,CMP0025,2025-11-23,Qualified,,
LD007447,CMP0025,2025-11-24,LOST,,2026-01-06
LD007448,CMP0025,2025-11-24,Lost,,2025-12-10
LD007449,CMP0025,2025-11-24,Won,36700.0,2026-01-02
LD007450,CMP0025,2025-11-24,new,,
LD007451,CMP0025,2025-11-24,qualified,,
LD007452,CMP0025,2025-11-24,new,,
LD007453,CMP0025,2025-11-24,new,,
LD007454,CMP0025,2025-11-24,proposal ,,
LD007455,CMP0025,2025-11-24,New,,
LD007456,CMP0025,2025-11-25,New,,
LD007457,CMP0025,2025-11-25,Won,35500.0,2026-01-06
LD007458,CMP0025,2025-11-25,new,,
LD007459,CMP0025,2025-11-25,New,,
LD007460,CMP0025,2025-11-25,new,,
LD007461,CMP0025,2025-11-25,new,,
LD007462,CMP0025,2025-11-25,new,,
LD007463,CMP0025,2025-11-26,New,,
LD007464,CMP0025,2025-11-26,qualified,,
LD007465,CMP0025,2025-11-26,new,,
LD007466,CMP0025,2025-11-26,Qualified,,
LD007467,CMP0025,2025-11-26,lost,,2025-12-07
LD007468,CMP0025,2025-11-26,Lost,,2025-12-08
LD007469,CMP0025,2025-11-27,LOST,,2025-12-05
LD007470,CMP0025,2025-11-27,Qualified,,
LD007471,CMP0025,2025-11-27,Qualified,,
LD007472,CMP0025,2025-11-27,Lost,,2026-01-04
LD007473,CMP0025,2025-11-27,qualified,,
LD007474,CMP0025,2025-11-27,WON,43000.0,2025-12-14
LD007475,CMP0025,2025-11-28,New,,
LD007476,CMP0025,2025-11-28,qualified,,
LD007477,CMP0025,2025-11-28,proposal ,,
LD007478,CMP0025,2025-11-28,NEW ,,
LD007479,CMP0025,2025-11-29,Qualified,,
LD007480,CMP0025,2025-11-29,lost,,2025-12-30
LD007481,CMP0025,2025-11-29,LOST,,2025-12-06
LD007482,CMP0025,2025-11-29,Qualified,,
LD007483,CMP0025,2025-11-29,Qualified,,
LD007484,CMP0025,2025-11-29,Qualified,,
LD007485,CMP0025,2025-11-29,Proposal,,
LD007486,CMP0025,2025-11-29,Qualified,,
LD007487,CMP0025,2025-11-30,qualified,,
LD007488,CMP0025,2025-11-30,Qualified,,
LD007489,CMP0025,2025-12-01,LOST,,2025-12-10
LD007490,CMP0025,2025-12-01,Qualified,,
LD007491,CMP0025,2025-12-01,LOST,,2025-12-27
LD007492,CMP0025,2025-12-01,NEW ,,
LD007493,CMP0025,2025-12-02,Qualified,,
LD007494,CMP0025,2025-12-02,Lost,,2025-12-09
LD007495,CMP0025,2025-12-02,Qualified,,
LD007496,CMP0025,2025-12-02,New,,
LD007497,CMP0025,2025-12-03,LOST,,2026-01-01
LD007498,CMP0025,2025-12-03,Lost,,2026-01-13
LD007499,CMP0025,2025-12-03,qualified,,
LD007500,CMP0025,2025-12-03,New,,
LD007501,CMP0025,2025-12-03,Qualified,,
LD007502,CMP0025,2025-12-03,qualified,,
LD007503,CMP0025,2025-12-03,Qualified,,
LD007504,CMP0025,2025-12-03,qualified,,
LD007505,CMP0025,2025-12-03,lost,,2025-12-22
LD007506,CMP0025,2025-12-03,LOST,,2026-01-13
LD007507,CMP0025,2025-12-03,new,,
LD007508,CMP0025,2025-12-03,Lost,,2026-01-04
LD007509,CMP0025,2025-12-04,lost,,2025-12-13
LD007510,CMP0025,2025-12-04,qualified,,
LD007511,CMP0025,2025-12-04,lost,,2025-12-18
LD007512,CMP0025,2025-12-05,lost,,2026-01-04
LD007513,CMP0025,2025-12-05,new,,
LD007514,CMP0025,2025-12-05,Lost,,2025-12-31
LD007515,CMP0025,2025-12-05,New,,
LD007516,CMP0025,2025-12-05,new,,
LD007517,CMP0025,2025-12-06,NEW ,,
LD007518,CMP0025,2025-12-06,lost,,2025-12-23
LD007519,CMP0025,2025-12-06,qualified,,
LD007520,CMP0025,2025-12-06,New,,
LD007521,CMP0025,2025-12-07,New,,
LD007522,CMP0025,2025-12-07,Lost,,2025-12-31
LD007523,CMP0025,2025-12-07,LOST,,2026-01-15
LD007524,CMP0025,2025-12-08,Qualified,,
LD007525,CMP0025,2025-12-08,proposal ,,
LD007526,CMP0025,2025-12-08,New,,
LD007527,CMP0025,2025-12-09,Lost,,2025-12-31
LD007528,CMP0025,2025-12-09,Lost,,2026-01-15
LD007529,CMP0025,2025-12-09,LOST,,2025-12-19
LD007530,CMP0025,2025-12-09,LOST,,2025-12-23
LD007531,CMP0025,2025-12-09,new,,
LD007532,CMP0025,2025-12-09,New,,
LD007533,CMP0025,2025-12-09,proposal ,,
LD007534,CMP0025,2025-12-10,New,,
LD007535,CMP0025,2025-12-10,LOST,,2026-01-01
LD007536,CMP0025,2025-12-10,LOST,,2025-12-23
LD007537,CMP0025,2025-12-11,new,,
LD007538,CMP0025,2025-12-11,qualified,,
LD007539,CMP0025,2025-12-11,lost,,2026-01-24
LD007540,CMP0025,2025-12-11,LOST,,2026-01-01
LD007541,CMP0025,2025-12-11,new,,
LD007542,CMP0025,2025-12-11,Proposal,,
LD007543,CMP0025,2025-12-11,Lost,,2026-01-15
LD007544,CMP0025,2025-12-12,Qualified,,
LD007545,CMP0025,2025-12-12,New,,
LD007546,CMP0025,2025-12-12,NEW ,,
LD007547,CMP0025,2025-12-12,Qualified,,
LD007548,CMP0025,2025-12-12,qualified,,
LD007549,CMP0025,2025-12-12,NEW ,,
LD007550,CMP0025,2025-12-13,lost,,2026-01-02
LD007551,CMP0025,2025-12-13,Lost,,2025-12-30
LD007552,CMP0025,2025-12-13,LOST,,2025-12-31
LD007553,CMP0025,2025-12-13,New,,
LD007554,CMP0025,2025-12-13,new,,
LD007555,CMP0025,2025-12-13,qualified,,
LD007556,CMP0025,2025-12-14,qualified,,
LD007557,CMP0025,2025-12-14,qualified,,
LD007558,CMP0025,2025-12-14,LOST,,2026-01-09
LD007559,CMP0025,2025-12-14,LOST,,2026-01-20
LD007560,CMP0025,2025-12-14,Qualified,,
LD007561,CMP0025,2025-12-14,Qualified,,
LD007562,CMP0025,2025-12-14,Proposal,,
LD007563,CMP0025,2025-12-14,New,,
LD007564,CMP0025,2025-12-15,new,,
LD007565,CMP0025,2025-12-15,new,,
LD007566,CMP0025,2025-12-15,new,,
LD007567,CMP0025,2025-12-15,Lost,,2026-01-22
LD007568,CMP0025,2025-12-15,Qualified,,
LD007569,CMP0025,2025-12-16,New,,
LD007570,CMP0025,2025-12-16,proposal ,,
LD007571,CMP0025,2025-12-16,LOST,,2025-12-24
LD007572,CMP0025,2025-12-16,new,,
LD007573,CMP0025,2025-12-16,New,,
LD007574,CMP0025,2025-12-16,lost,,2026-01-10
LD007575,CMP0025,2025-12-17,Qualified,,
LD007576,CMP0025,2025-12-17,New,,
LD007577,CMP0025,2025-12-17,lost,,2025-12-28
LD007578,CMP0025,2025-12-17,New,,
LD007579,CMP0025,2025-12-17,Qualified,,
LD007580,CMP0025,2025-12-18,LOST,,2026-01-20
LD007581,CMP0025,2025-12-18,new,,
LD007582,CMP0025,2025-12-18,New,,
LD007583,CMP0025,2025-12-18,Qualified,,
LD007584,CMP0025,2025-12-18,New,,
LD007585,CMP0025,2025-12-18,proposal ,,
LD007586,CMP0025,2025-12-18,NEW ,,
LD007587,CMP0025,2025-12-18,Lost,,2026-01-02
LD007588,CMP0025,2025-12-18,LOST,,2026-01-25
LD007589,CMP0025,2025-12-19,lost,,2026-01-23
LD007590,CMP0025,2025-12-19,NEW ,,
LD007591,CMP0025,2025-12-19,lost,,2026-01-23
LD007592,CMP0025,2025-12-19,New,,
LD007593,CMP0025,2025-12-19,Qualified,,
LD007594,CMP0025,2025-12-19,Proposal,,
LD007595,CMP0025,2025-12-20,LOST,,2026-01-26
LD007596,CMP0025,2025-12-20,Proposal,,
LD007597,CMP0025,2025-12-20,new,,
LD007598,CMP0025,2025-12-20,new,,
LD007599,CMP0025,2025-12-20,new,,
LD007600,CMP0025,2025-12-21,Lost,,2026-01-19
LD007601,CMP0025,2025-12-21,NEW ,,
LD007602,CMP0025,2025-12-21,Lost,,2026-01-27
LD007603,CMP0025,2025-12-22,New,,
LD007604,CMP0025,2025-12-22,new,,
LD007605,CMP0025,2025-12-22,LOST,,2026-01-09
LD007606,CMP0025,2025-12-22,new,,
LD007607,CMP0025,2025-12-23,New,,
LD007608,CMP0025,2025-12-23,New,,
LD007609,CMP0025,2025-12-23,Lost,,2026-01-19
LD007610,CMP0025,2025-12-23,new,,
LD007611,CMP0025,2025-12-23,new,,
LD007612,CMP0025,2025-12-23,new,,
LD007613,CMP0025,2025-12-23,LOST,,2026-01-03
LD007614,CMP0025,2025-12-24,NEW ,,
LD007615,CMP0025,2025-12-24,New,,
LD007616,CMP0025,2025-12-24,Lost,,2026-01-01
LD007617,CMP0025,2025-12-24,qualified,,
LD007618,CMP0025,2025-12-24,Qualified,,
LD007619,CMP0025,2025-12-24,qualified,,
LD007620,CMP0025,2025-12-24,qualified,,
LD007621,CMP0025,2025-12-25,LOST,,2026-02-01
LD007622,CMP0025,2025-12-25,LOST,,2026-02-03
LD007623,CMP0025,2025-12-25,New,,
LD007624,CMP0025,2025-12-25,New,,
LD007625,CMP0025,2025-12-25,Qualified,,
LD007626,CMP0025,2025-12-25,Qualified,,
LD007627,CMP0025,2025-12-25,NEW ,,
LD007628,CMP0025,2025-12-25,LOST,,2026-01-15
LD007629,CMP0025,2025-12-25,new,,
LD007630,CMP0025,2025-12-26,proposal ,,
LD007631,CMP0025,2025-12-26,Lost,,2026-01-12
LD007632,CMP0025,2025-12-26,Lost,,2026-01-25
LD007633,CMP0025,2025-12-26,Qualified,,
LD007634,CMP0025,2025-12-26,Lost,,2026-01-27
LD007635,CMP0025,2025-12-26,New,,
LD007636,CMP0025,2025-12-26,Lost,,2026-02-01
LD007637,CMP0025,2025-12-26,NEW ,,
LD007638,CMP0025,2025-12-26,Lost,,2026-01-05
LD007639,CMP0025,2025-12-27,LOST,,2026-01-14
LD007640,CMP0025,2025-12-27,New,,
LD007641,CMP0025,2025-12-27,NEW ,,
LD007642,CMP0025,2025-12-27,lost,,2026-02-08
LD007643,CMP0025,2025-12-28,NEW ,,
LD007644,CMP0025,2025-12-28,lost,,2026-02-04
LD007645,CMP0025,2025-12-28,Lost,,2026-01-29
LD007646,CMP0025,2025-12-28,Proposal,,
LD007647,CMP0025,2025-12-28,qualified,,
LD007648,CMP0025,2025-12-28,qualified,,
LD007649,CMP0025,2025-12-28,New,,
LD007650,CMP0025,2025-12-29,qualified,,
LD007651,CMP0025,2025-12-29,Lost,,2026-02-06
LD007652,CMP0025,2025-12-29,Won ,28500.0,2026-02-19
LD007653,CMP0025,2025-12-29,New,,
LD007654,CMP0025,2025-12-29,lost,,2026-02-02
LD007655,CMP0025,2025-12-29,new,,
LD007656,CMP0025,2025-12-29,new,,
LD007657,CMP0025,2025-12-30,NEW ,,
LD007658,CMP0025,2025-12-30,Lost,,2026-02-05
LD007659,CMP0025,2025-12-30,Proposal,,
LD007660,CMP0025,2025-12-30,LOST,,2026-01-15
LD007661,CMP0025,2025-12-30,Lost,,2026-02-03
LD007662,CMP0025,2025-12-30,new,,
LD007663,CMP0025,2025-12-30,Qualified,,
LD007664,CMP0025,2025-12-31,proposal ,,
LD007665,CMP0025,2025-12-31,NEW ,,
LD007666,CMP0025,2025-12-31,lost,,2026-02-07
LD007667,CMP0025,2025-12-31,lost,,2026-01-17
LD007668,CMP0025,2025-12-31,LOST,,2026-02-13
LD007669,CMP0025,2026-01-01,qualified,,
LD007670,CMP0025,2026-01-01,qualified,,
LD007671,CMP0025,2026-01-01,new,,
LD007672,CMP0025,2026-01-01,NEW ,,
LD007673,CMP0025,2026-01-01,LOST,,2026-01-16
LD007674,CMP0025,2026-01-01,Qualified,,
LD007675,CMP0025,2026-01-01,new,,
LD007676,CMP0025,2026-01-02,qualified,,
LD007677,CMP0025,2026-01-02,LOST,,2026-01-10
LD007678,CMP0025,2026-01-02,Qualified,,
LD007679,CMP0025,2026-01-02,New,,
LD007680,CMP0025,2026-01-02,New,,
LD007681,CMP0025,2026-01-02,proposal ,,
LD007682,CMP0025,2026-01-02,Qualified,,
LD007683,CMP0025,2026-01-03,qualified,,
LD007684,CMP0025,2026-01-03,qualified,,
LD007685,CMP0025,2026-01-03,LOST,,2026-02-02
LD007686,CMP0025,2026-01-03,Lost,,2026-01-26
LD007687,CMP0025,2026-01-03,New,,
LD007688,CMP0025,2026-01-04,qualified,,
LD007689,CMP0025,2026-01-04,NEW ,,
LD007690,CMP0025,2026-01-04,Lost,,2026-02-15
LD007691,CMP0025,2026-01-04,New,,
LD007692,CMP0025,2026-01-04,Lost,,2026-02-01
LD007693,CMP0025,2026-01-04,Qualified,,
LD007694,CMP0025,2026-01-04,new,,
LD007695,CMP0025,2026-01-04,lost,,2026-02-15
LD007696,CMP0025,2026-01-05,qualified,,
LD007697,CMP0025,2026-01-05,new,,
LD007698,CMP0025,2026-01-05,proposal ,,
LD007699,CMP0025,2026-01-06,New,,
LD007700,CMP0025,2026-01-06,Qualified,,
LD007701,CMP0025,2026-01-06,Proposal,,
LD007702,CMP0025,2026-01-06,NEW ,,
LD007703,CMP0025,2026-01-07,Qualified,,
LD007704,CMP0025,2026-01-07,new,,
LD007705,CMP0025,2026-01-08,Lost,,2026-02-05
LD007706,CMP0025,2026-01-08,NEW ,,
LD007707,CMP0025,2026-01-08,lost,,2026-02-06
LD007708,CMP0025,2026-01-08,Proposal,,
LD007709,CMP0025,2026-01-08,lost,,2026-01-16
LD007710,CMP0025,2026-01-09,New,,
LD007711,CMP0025,2026-01-09,NEW ,,
LD007712,CMP0025,2026-01-09,Qualified,,
LD007713,CMP0025,2026-01-09,Lost,,2026-01-24
LD007714,CMP0025,2026-01-09,LOST,,2026-02-03
LD007715,CMP0025,2026-01-09,qualified,,
LD007716,CMP0025,2026-01-10,new,,
LD007717,CMP0025,2026-01-10,lost,,2026-01-30
LD007718,CMP0025,2026-01-10,qualified,,
LD007719,CMP0025,2026-01-10,NEW ,,
LD007720,CMP0025,2026-01-10,LOST,,2026-01-21
LD007721,CMP0025,2026-01-10,Lost,,2026-02-04
LD007722,CMP0025,2026-01-11,qualified,,
LD007723,CMP0025,2026-01-11,qualified,,
LD007724,CMP0025,2026-01-11,NEW ,,
LD007725,CMP0025,2026-01-12,LOST,,2026-01-25
LD007726,CMP0025,2026-01-12,qualified,,
LD007727,CMP0025,2026-01-12,new,,
LD007728,CMP0025,2026-01-12,LOST,,2026-02-25
LD007729,CMP0025,2026-01-12,LOST,,2026-01-22
LD007730,CMP0025,2026-01-13,qualified,,
LD007731,CMP0025,2026-01-13,LOST,,2026-02-16
LD007732,CMP0025,2026-01-13,new,,
LD007733,CMP0025,2026-01-13,NEW ,,
LD007734,CMP0025,2026-01-14,qualified,,
LD007735,CMP0025,2026-01-14,new,,
LD007736,CMP0025,2026-01-14,LOST,,2026-01-31
LD007737,CMP0025,2026-01-14,qualified,,
LD007738,CMP0025,2026-01-14,Qualified,,
LD007739,CMP0025,2026-01-14,Qualified,,
LD007740,CMP0025,2026-01-15,NEW ,,
LD007741,CMP0025,2026-01-15,qualified,,
LD007742,CMP0025,2026-01-15,new,,
LD007743,CMP0025,2026-01-15,lost,,2026-01-31
LD007744,CMP0025,2026-01-15,NEW ,,
LD007745,CMP0025,2026-01-15,new,,
LD007746,CMP0025,2026-01-15,Proposal,,
LD007747,CMP0025,2026-01-16,new,,
LD007748,CMP0025,2026-01-16,new,,
LD007749,CMP0025,2026-01-16,NEW ,,
LD007750,CMP0025,2026-01-16,LOST,,2026-01-29
LD007751,CMP0025,2026-01-16,Lost,,2026-02-25
LD007752,CMP0025,2026-01-16,qualified,,
LD007753,CMP0025,2026-01-16,lost,,2026-01-26
LD007754,CMP0025,2026-01-16,NEW ,,
LD007755,CMP0025,2026-01-16,Lost,,2026-02-10
LD007756,CMP0025,2026-01-17,Qualified,,
LD007757,CMP0025,2026-01-17,lost,,2026-02-25
LD007758,CMP0025,2026-01-17,New,,
LD007759,CMP0025,2026-01-17,LOST,,2026-02-02
LD007760,CMP0025,2026-01-17,NEW ,,
LD007761,CMP0025,2026-01-17,new,,
LD007762,CMP0025,2026-01-18,LOST,,2026-01-26
LD007763,CMP0025,2026-01-18,new,,
LD007764,CMP0025,2026-01-18,LOST,,2026-02-02
LD007765,CMP0025,2026-01-19,Lost,,2026-02-13
LD007766,CMP0025,2026-01-19,qualified,,
LD007767,CMP0025,2026-01-19,proposal ,,
LD007768,CMP0025,2026-01-19,new,,
LD007769,CMP0025,2026-01-19,LOST,,2026-01-26
LD007770,CMP0025,2026-01-20,qualified,,
LD007771,CMP0025,2026-01-20,New,,
LD007772,CMP0025,2026-01-20,LOST,,2026-02-20
LD007773,CMP0025,2026-01-20,Qualified,,
LD007774,CMP0025,2026-01-21,qualified,,
LD007775,CMP0025,2026-01-21,Proposal,,
LD007776,CMP0025,2026-01-21,Qualified,,
LD007777,CMP0025,2026-01-21,New,,
LD007778,CMP0025,2026-01-21,lost,,2026-02-12
LD007779,CMP0025,2026-01-21,NEW ,,
LD007780,CMP0025,2026-01-21,Proposal,,
LD007781,CMP0025,2026-01-22,LOST,,2026-02-11
LD007782,CMP0025,2026-01-22,qualified,,
LD007783,CMP0025,2026-01-22,Won,33900.0,2026-03-02
LD007784,CMP0025,2026-01-22,NEW ,,
LD007785,CMP0025,2026-01-22,LOST,,2026-02-14
LD007786,CMP0025,2026-01-22,qualified,,
LD007787,CMP0025,2026-01-23,LOST,,2026-03-04
LD007788,CMP0025,2026-01-23,Qualified,,
LD007789,CMP0025,2026-01-23,Lost,,2026-02-09
LD007790,CMP0025,2026-01-23,Proposal,,
LD007791,CMP0025,2026-01-23,Won ,44700.0,2026-03-05
LD007792,CMP0025,2026-01-24,LOST,,2026-03-07
LD007793,CMP0025,2026-01-24,NEW ,,
LD007794,CMP0025,2026-01-24,Qualified,,
LD007795,CMP0025,2026-01-24,LOST,,2026-02-16
LD007796,CMP0025,2026-01-24,New,,
LD007797,CMP0025,2026-01-24,LOST,,2026-02-26
LD007798,CMP0025,2026-01-24,new,,
LD007799,CMP0025,2026-01-25,LOST,,2026-02-27
LD007800,CMP0025,2026-01-25,LOST,,2026-02-10
LD007801,CMP0025,2026-01-25,lost,,2026-03-03
LD007802,CMP0025,2026-01-26,New,,
LD007803,CMP0025,2026-01-26,qualified,,
LD007804,CMP0025,2026-01-26,lost,,2026-03-03
LD007805,CMP0025,2026-01-26,Lost,,2026-02-09
LD007806,CMP0025,2026-01-26,Lost,,2026-03-08
LD007807,CMP0025,2026-01-26,lost,,2026-02-14
LD007808,CMP0025,2026-01-27,WON,28500.0,2026-03-04
LD007809,CMP0025,2026-01-27,LOST,,2026-03-09
LD007810,CMP0025,2026-01-27,won,30400.0,2026-03-22
LD007811,CMP0025,2026-01-27,Lost,,2026-02-26
LD007812,CMP0025,2026-01-27,Qualified,,
LD007813,CMP0025,2026-01-27,Lost,,2026-02-25
LD007814,CMP0025,2026-01-28,Proposal,,
LD007815,CMP0025,2026-01-28,LOST,,2026-02-22
LD007816,CMP0025,2026-01-28,New,,
LD007817,CMP0025,2026-01-28,LOST,,2026-02-24
LD007818,CMP0025,2026-01-28,qualified,,
LD007819,CMP0025,2026-01-28,LOST,,2026-02-05
LD007820,CMP0025,2026-01-28,new,,
LD007821,CMP0025,2026-01-28,New,,
LD007822,CMP0025,2026-01-28,proposal ,,
LD007823,CMP0025,2026-01-28,qualified,,
LD007824,CMP0025,2026-01-29,New,,
LD007825,CMP0025,2026-01-29,LOST,,2026-02-18
LD007826,CMP0025,2026-01-29,NEW ,,
LD007827,CMP0025,2026-01-29,Qualified,,
LD007828,CMP0025,2026-01-29,proposal ,,
LD007829,CMP0025,2026-01-29,LOST,,2026-03-08
LD007830,CMP0025,2026-01-30,New,,
LD007831,CMP0025,2026-01-30,new,,
LD007832,CMP0025,2026-01-30,Lost,,2026-02-25
LD007833,CMP0025,2026-01-30,LOST,,2026-02-28
LD007834,CMP0025,2026-01-30,NEW ,,
LD007835,CMP0025,2026-01-30,new,,
LD007836,CMP0025,2026-01-30,LOST,,2026-02-06
LD007837,CMP0025,2026-01-30,New,,
LD007838,CMP0025,2026-01-30,Lost,,2026-02-10
LD007839,CMP0025,2026-01-30,New,,
LD007840,CMP0025,2026-01-31,qualified,,
LD007841,CMP0025,2026-01-31,qualified,,
LD007842,CMP0025,2026-01-31,qualified,,
LD007843,CMP0025,2026-02-01,qualified,,
LD007844,CMP0025,2026-02-01,new,,
LD007845,CMP0025,2026-02-01,LOST,,2026-03-12
LD007846,CMP0025,2026-02-02,Lost,,2026-03-15
LD007847,CMP0025,2026-02-02,Qualified,,
LD007848,CMP0025,2026-02-02,lost,,2026-03-16
LD007849,CMP0025,2026-02-02,New,,
LD007850,CMP0025,2026-02-02,NEW ,,
LD007851,CMP0025,2026-02-03,Lost,,2026-02-23
LD007852,CMP0025,2026-02-03,lost,,2026-02-11
LD007853,CMP0025,2026-02-03,new,,
LD007854,CMP0025,2026-02-04,new,,
LD007855,CMP0025,2026-02-04,LOST,,2026-02-13
LD007856,CMP0025,2026-02-04,new,,
LD007857,CMP0025,2026-02-04,NEW ,,
LD007858,CMP0025,2026-02-04,new,,
LD007859,CMP0025,2026-02-04,Lost,,2026-03-07
LD007860,CMP0025,2026-02-04,Qualified,,
LD007861,CMP0025,2026-02-05,LOST,,2026-03-04
LD007862,CMP0025,2026-02-05,new,,
LD007863,CMP0025,2026-02-05,LOST,,2026-03-07
LD007864,CMP0025,2026-02-05,lost,,2026-03-19
LD007865,CMP0025,2026-02-05,proposal ,,
LD007866,CMP0025,2026-02-05,LOST,,2026-03-07
LD007867,CMP0025,2026-02-05,lost,,2026-03-10
LD007868,CMP0025,2026-02-05,NEW ,,
LD007869,CMP0025,2026-02-06,New,,
LD007870,CMP0025,2026-02-06,new,,
LD007871,CMP0025,2026-02-06,qualified,,
LD007872,CMP0025,2026-02-06,NEW ,,
LD007873,CMP0025,2026-02-06,Proposal,,
LD007874,CMP0025,2026-02-06,proposal ,,
LD007875,CMP0025,2026-02-06,proposal ,,
LD007876,CMP0025,2026-02-06,new,,
LD007877,CMP0025,2026-02-06,lost,,2026-02-18
LD007878,CMP0025,2026-02-07,Lost,,2026-02-27
LD007879,CMP0025,2026-02-07,new,,
LD007880,CMP0025,2026-02-07,LOST,,2026-03-09
LD007881,CMP0025,2026-02-07,qualified,,
LD007882,CMP0025,2026-02-07,new,,
LD007883,CMP0025,2026-02-07,new,,
LD007884,CMP0025,2026-02-08,NEW ,,
LD007885,CMP0025,2026-02-08,lost,,2026-02-21
LD007886,CMP0025,2026-02-08,Lost,,2026-03-16
LD007887,CMP0025,2026-02-08,Proposal,,
LD007888,CMP0025,2026-02-08,Proposal,,
LD007889,CMP0025,2026-02-08,New,,
LD007890,CMP0025,2026-02-09,qualified,,
LD007891,CMP0025,2026-02-09,Qualified,,
LD007892,CMP0025,2026-02-09,Lost,,2026-03-10
LD007893,CMP0025,2026-02-09,new,,
LD007894,CMP0025,2026-02-09,lost,,2026-03-03
LD007895,CMP0025,2026-02-09,Lost,,2026-03-10
LD007896,CMP0025,2026-02-09,new,,
LD007897,CMP0025,2026-02-09,Qualified,,
LD007898,CMP0025,2026-02-09,new,,
LD007899,CMP0025,2026-02-09,Lost,,2026-03-05
LD007900,CMP0025,2026-02-09,New,,
LD007901,CMP0025,2026-02-09,New,,
LD007902,CMP0025,2026-02-10,NEW ,,
LD007903,CMP0025,2026-02-10,New,,
LD007904,CMP0025,2026-02-10,New,,
LD007905,CMP0025,2026-02-10,New,,
LD007906,CMP0025,2026-02-10,New,,
LD007907,CMP0025,2026-02-10,Qualified,,
LD007908,CMP0025,2026-02-11,qualified,,
LD007909,CMP0025,2026-02-11,LOST,,2026-03-02
LD007910,CMP0025,2026-02-11,LOST,,2026-03-01
LD007911,CMP0025,2026-02-11,qualified,,
LD007912,CMP0025,2026-02-11,qualified,,
LD007913,CMP0025,2026-02-11,New,,
LD007914,CMP0025,2026-02-11,qualified,,
LD007915,CMP0025,2026-02-11,Proposal,,
LD007916,CMP0025,2026-02-11,NEW ,,
LD007917,CMP0025,2026-02-11,New,,
LD007918,CMP0025,2026-02-12,LOST,,2026-02-24
LD007919,CMP0025,2026-02-12,lost,,2026-03-28
LD007920,CMP0025,2026-02-12,New,,
LD007921,CMP0025,2026-02-12,Lost,,2026-03-24
LD007922,CMP0025,2026-02-12,LOST,,2026-03-28
LD007923,CMP0025,2026-02-12,New,,
LD007924,CMP0025,2026-02-13,Qualified,,
LD007925,CMP0025,2026-02-13,New,,
LD007926,CMP0025,2026-02-13,LOST,,2026-03-10
LD007927,CMP0025,2026-02-13,New,,
LD007928,CMP0025,2026-02-13,qualified,,
LD007929,CMP0025,2026-02-14,qualified,,
LD007930,CMP0025,2026-02-14,new,,
LD007931,CMP0025,2026-02-14,Qualified,,
LD007932,CMP0025,2026-02-14,qualified,,
LD007933,CMP0025,2026-02-15,LOST,,2026-03-10
LD007934,CMP0025,2026-02-15,Lost,,2026-03-06
LD007935,CMP0025,2026-02-15,new,,
LD007936,CMP0025,2026-02-15,New,,
LD007937,CMP0025,2026-02-16,NEW ,,
LD007938,CMP0025,2026-02-16,new,,
LD007939,CMP0025,2026-02-16,Qualified,,
LD007940,CMP0025,2026-02-16,New,,
LD007941,CMP0025,2026-02-16,Won,55200.0,2026-03-22
LD007942,CMP0025,2026-02-17,new,,
LD007943,CMP0025,2026-02-17,New,,
LD007944,CMP0025,2026-02-17,Lost,,2026-03-07
LD007945,CMP0025,2026-02-17,Lost,,2026-03-25
LD007946,CMP0025,2026-02-17,NEW ,,
LD007947,CMP0025,2026-02-18,Won,66500.0,2026-04-03
LD007948,CMP0025,2026-02-18,new,,
LD007949,CMP0025,2026-02-18,New,,
LD007950,CMP0025,2026-02-18,Proposal,,
LD007951,CMP0025,2026-02-18,proposal ,,
LD007952,CMP0025,2026-02-18,qualified,,
LD007953,CMP0026,2026-03-03,lost,,2026-03-10
LD007954,CMP0026,2026-03-03,NEW ,,
LD007955,CMP0026,2026-03-03,Qualified,,
LD007956,CMP0026,2026-03-03,qualified,,
LD007957,CMP0026,2026-03-03,New,,
LD007958,CMP0026,2026-03-04,new,,
LD007959,CMP0026,2026-03-06,new,,
LD007960,CMP0026,2026-03-08,NEW ,,
LD007961,CMP0026,2026-03-09,new,,
LD007962,CMP0026,2026-03-09,qualified,,
LD007963,CMP0026,2026-03-09,NEW ,,
LD007964,CMP0026,2026-03-10,Lost,,2026-04-23
LD007965,CMP0026,2026-03-11,qualified,,
LD007966,CMP0026,2026-03-12,Proposal,,
LD007967,CMP0026,2026-03-13,qualified,,
LD007968,CMP0026,2026-03-13,LOST,,2026-04-06
LD007969,CMP0026,2026-03-14,New,,
LD007970,CMP0026,2026-03-15,lost,,2026-04-21
LD007971,CMP0026,2026-03-15,new,,
LD007972,CMP0026,2026-03-17,new,,
LD007973,CMP0026,2026-03-19,New,,
LD007974,CMP0026,2026-03-19,NEW ,,
LD007975,CMP0026,2026-03-20,proposal ,,
LD007976,CMP0026,2026-03-21,NEW ,,
LD007977,CMP0026,2026-03-21,qualified,,
LD007978,CMP0026,2026-03-23,new,,
LD007979,CMP0026,2026-03-24,new,,
LD007980,CMP0026,2026-03-25,Qualified,,
LD007981,CMP0026,2026-03-26,LOST,,2026-05-05
LD007982,CMP0026,2026-03-27,LOST,,2026-04-09
LD007983,CMP0026,2026-03-28,Won,41200.0,2026-04-29
LD007984,CMP0026,2026-03-29,Qualified,,
LD007985,CMP0026,2026-03-30,New,,
LD007986,CMP0026,2026-04-01,Lost,,2026-05-06
LD007987,CMP0026,2026-04-02,new,,
LD007988,CMP0026,2026-04-03,qualified,,
LD007989,CMP0026,2026-04-03,Qualified,,
LD007990,CMP0026,2026-04-06,qualified,,
LD007991,CMP0026,2026-04-06,won,52200.0,2026-04-20
LD007992,CMP0026,2026-04-07,new,,
LD007993,CMP0026,2026-04-08,Qualified,,
LD007994,CMP0026,2026-04-08,new,,
LD007995,CMP0026,2026-04-09,qualified,,
LD007996,CMP0026,2026-04-10,LOST,,2026-05-12
LD007997,CMP0026,2026-04-10,lost,,2026-04-20
LD007998,CMP0026,2026-04-10,lost,,2026-05-19
LD007999,CMP0026,2026-04-11,NEW ,,
LD008000,CMP0026,2026-04-12,qualified,,
LD008001,CMP0026,2026-04-12,Lost,,2026-05-15
LD008002,CMP0026,2026-04-13,LOST,,2026-04-22
LD008003,CMP0026,2026-04-13,Qualified,,
LD008004,CMP0026,2026-04-13,new,,
LD008005,CMP0026,2026-04-14,new,,
LD008006,CMP0026,2026-04-15,Lost,,2026-04-22
LD008007,CMP0026,2026-04-15,lost,,2026-05-25
LD008008,CMP0026,2026-04-16,Lost,,2026-05-23
LD008009,CMP0026,2026-04-16,qualified,,
LD008010,CMP0026,2026-04-17,Lost,,2026-05-22
LD008011,CMP0026,2026-04-17,Qualified,,
LD008012,CMP0026,2026-04-19,NEW ,,
LD008013,CMP0026,2026-04-21,lost,,2026-04-29
LD008014,CMP0026,2026-04-24,new,,
LD008015,CMP0026,2026-04-26,LOST,,2026-05-03
LD008016,CMP0026,2026-04-29,NEW ,,
LD008017,CMP0026,2026-04-29,qualified,,
LD008018,CMP0026,2026-05-02,Lost,,2026-06-11
LD008019,CMP0026,2026-05-03,Lost,,2026-05-19
LD008020,CMP0026,2026-05-04,New,,
LD008021,CMP0026,2026-05-05,Proposal,,
LD008022,CMP0026,2026-05-05,new,,
LD008023,CMP0026,2026-05-06,NEW ,,
LD008024,CMP0026,2026-05-06,LOST,,2026-05-30
LD008025,CMP0026,2026-05-08,proposal ,,
LD008026,CMP0026,2026-05-09,proposal ,,
LD008027,CMP0026,2026-05-10,New,,
LD008028,CMP0026,2026-05-10,LOST,,2026-05-27
LD008029,CMP0026,2026-05-10,NEW ,,
LD008030,CMP0026,2026-05-11,new,,
LD008031,CMP0026,2026-05-11,LOST,,2026-05-29
LD008032,CMP0026,2026-05-12,proposal ,,
LD008033,CMP0026,2026-05-13,lost,,2026-05-22
LD008034,CMP0026,2026-05-13,lost,,2026-05-22
LD008035,CMP0026,2026-05-13,New,,
LD008036,CMP0026,2026-05-14,LOST,,2026-06-10
LD008037,CMP0026,2026-05-15,New,,
LD008038,CMP0026,2026-05-15,Lost,,2026-05-29
LD008039,CMP0026,2026-05-15,NEW ,,
LD008040,CMP0026,2026-05-16,LOST,,2026-06-28
LD008041,CMP0026,2026-05-16,Qualified,,
LD008042,CMP0026,2026-05-16,LOST,,2026-06-20
LD008043,CMP0026,2026-05-17,LOST,,2026-06-11
LD008044,CMP0026,2026-05-17,Lost,,2026-06-13
LD008045,CMP0026,2026-05-17,NEW ,,
LD008046,CMP0026,2026-05-18,Won,45000.0,2026-06-01
LD008047,CMP0026,2026-05-18,Qualified,,
LD008048,CMP0026,2026-05-19,Lost,,2026-06-22
LD008049,CMP0026,2026-05-20,NEW ,,
LD008050,CMP0026,2026-05-22,new,,
LD008051,CMP0026,2026-05-23,NEW ,,
LD008052,CMP0026,2026-05-23,lost,,2026-06-11
LD008053,CMP0026,2026-05-23,qualified,,
LD008054,CMP0026,2026-05-23,lost,,2026-06-30
LD008055,CMP0026,2026-05-24,Proposal,,
LD008056,CMP0026,2026-05-24,New,,
LD008057,CMP0026,2026-05-26,qualified,,
LD008058,CMP0026,2026-05-27,LOST,,2026-06-23
LD008059,CMP0026,2026-05-29,Lost,,2026-06-12
LD008060,CMP0026,2026-05-31,Qualified,,
LD008061,CMP0026,2026-05-31,lost,,2026-06-18
LD008062,CMP0026,2026-06-01,new,,
LD008063,CMP0026,2026-06-01,Qualified,,
LD008064,CMP0026,2026-06-02,New,,
LD008065,CMP0026,2026-06-03,qualified,,
LD008066,CMP0026,2026-06-04,New,,
LD008067,CMP0026,2026-06-05,New,,
LD008068,CMP0026,2026-06-06,LOST,,2026-07-14
LD008069,CMP0026,2026-06-08,qualified,,
LD008070,CMP0026,2026-06-09,LOST,,2026-06-17
LD008071,CMP0026,2026-06-10,LOST,,2026-07-24
LD008072,CMP0026,2026-06-11,LOST,,2026-06-19
LD008073,CMP0026,2026-06-11,Proposal,,
LD008074,CMP0026,2026-06-11,lost,,2026-07-11
LD008075,CMP0026,2026-06-11,Lost,,2026-07-13
LD008076,CMP0026,2026-06-17,new,,
LD008077,CMP0026,2026-06-17,proposal ,,
LD008078,CMP0026,2026-06-17,qualified,,
LD008079,CMP0026,2026-06-17,lost,,2026-07-25
LD008080,CMP0026,2026-06-18,qualified,,
LD008081,CMP0026,2026-06-18,NEW ,,
LD008082,CMP0026,2026-06-19,new,,
LD008083,CMP0026,2026-06-19,Qualified,,
LD008084,CMP0026,2026-06-21,lost,,2026-07-15
LD008085,CMP0026,2026-06-24,Qualified,,
LD008086,CMP0026,2026-06-24,qualified,,
LD008087,CMP0026,2026-06-26,New,,
LD008088,CMP0026,2026-06-26,Lost,,2026-08-05
LD008089,CMP0026,2026-06-26,qualified,,
LD008090,CMP0026,2026-06-26,lost,,2026-07-22
LD008091,CMP0026,2026-06-28,Won,38900.0,2026-08-26
LD008092,CMP0026,2026-06-29,qualified,,
LD008093,CMP0026,2026-06-29,Lost,,2026-07-27
LD008094,CMP0026,2026-07-01,Qualified,,
LD008095,CMP0026,2026-07-03,Qualified,,
LD008096,CMP0026,2026-07-03,new,,
LD008097,CMP0026,2026-07-04,qualified,,
LD008098,CMP0026,2026-07-05,Qualified,,
LD008099,CMP0026,2026-07-06,qualified,,
LD008100,CMP0026,2026-07-07,qualified,,
LD008101,CMP0026,2026-07-07,NEW ,,
LD008102,CMP0026,2026-07-07,new,,
LD008103,CMP0026,2026-07-07,qualified,,
LD008104,CMP0026,2026-07-08,Qualified,,
LD008105,CMP0026,2026-07-08,NEW ,,
LD008106,CMP0026,2026-07-08,Qualified,,
LD008107,CMP0026,2026-07-09,qualified,,
LD008108,CMP0026,2026-07-11,new,,
LD008109,CMP0026,2026-07-11,New,,
LD008110,CMP0026,2026-07-12,New,,
LD008111,CMP0026,2026-07-12,New,,
LD008112,CMP0026,2026-07-13,new,,
LD008113,CMP0026,2026-07-14,qualified,,
LD008114,CMP0026,2026-07-14,qualified,,
LD008115,CMP0026,2026-07-15,qualified,,
LD008116,CMP0026,2026-07-15,new,,
LD008117,CMP0026,2026-07-16,new,,
LD008118,CMP0026,2026-07-17,qualified,,
LD008119,CMP0026,2026-07-18,qualified,,
LD008120,CMP0026,2026-07-18,New,,
LD008121,CMP0026,2026-07-19,new,,
LD008122,CMP0026,2026-07-19,New,,
LD008123,CMP0026,2026-07-21,Qualified,,
LD008124,CMP0026,2026-07-21,Proposal,,
LD008125,CMP0026,2026-07-23,new,,
LD008126,CMP0026,2026-07-24,New,,
LD008127,CMP0026,2026-07-24,New,,
LD008128,CMP0026,2026-07-25,Qualified,,
LD008129,CMP0026,2026-07-26,qualified,,
LD008130,CMP0026,2026-07-26,New,,
LD008131,CMP0026,2026-07-27,New,,
LD008132,CMP0027,2025-12-04,lost,,2025-12-19
LD008133,CMP0027,2025-12-07,Lost,,2026-01-17
LD008134,CMP0027,2025-12-09,Qualified,,
LD008135,CMP0027,2025-12-10,LOST,,2026-01-03
LD008136,CMP0027,2025-12-11,Qualified,,
LD008137,CMP0027,2025-12-13,new,,
LD008138,CMP0027,2025-12-14,qualified,,
LD008139,CMP0027,2025-12-14,new,,
LD008140,CMP0027,2025-12-16,Qualified,,
LD008141,CMP0027,2025-12-16,lost,,2025-12-29
LD008142,CMP0027,2025-12-19,new,,
LD008143,CMP0027,2025-12-20,LOST,,2026-01-03
LD008144,CMP0027,2025-12-20,Lost,,2026-01-22
LD008145,CMP0027,2025-12-21,lost,,2026-01-18
LD008146,CMP0027,2025-12-22,lost,,2026-01-31
LD008147,CMP0027,2025-12-23,LOST,,2026-01-15
LD008148,CMP0027,2025-12-23,NEW ,,
LD008149,CMP0027,2025-12-24,new,,
LD008150,CMP0027,2025-12-27,qualified,,
LD008151,CMP0027,2025-12-29,qualified,,
LD008152,CMP0027,2025-12-29,Lost,,2026-01-10
LD008153,CMP0027,2025-12-29,lost,,2026-01-11
LD008154,CMP0027,2025-12-31,Qualified,,
LD008155,CMP0027,2025-12-31,LOST,,2026-01-19
LD008156,CMP0027,2026-01-01,new,,
LD008157,CMP0027,2026-01-06,qualified,,
LD008158,CMP0027,2026-01-06,Lost,,2026-01-23
LD008159,CMP0027,2026-01-06,new,,
LD008160,CMP0027,2026-01-08,NEW ,,
LD008161,CMP0027,2026-01-09,NEW ,,
LD008162,CMP0027,2026-01-09,New,,
LD008163,CMP0027,2026-01-10,New,,
LD008164,CMP0027,2026-01-13,qualified,,
LD008165,CMP0027,2026-01-14,NEW ,,
LD008166,CMP0027,2026-01-17,new,,
LD008167,CMP0027,2026-01-18,WON,30300.0,2026-03-11
LD008168,CMP0027,2026-01-19,qualified,,
LD008169,CMP0027,2026-01-20,NEW ,,
LD008170,CMP0027,2026-01-21,won,70000.0,2026-02-23
LD008171,CMP0027,2026-01-21,NEW ,,
LD008172,CMP0027,2026-01-25,Lost,,2026-03-05
LD008173,CMP0027,2026-01-25,NEW ,,
LD008174,CMP0027,2026-01-28,qualified,,
LD008175,CMP0027,2026-01-29,new,,
LD008176,CMP0027,2026-01-29,Qualified,,
LD008177,CMP0027,2026-01-29,new,,
LD008178,CMP0027,2026-01-31,Qualified,,
LD008179,CMP0027,2026-02-04,qualified,,
LD008180,CMP0027,2026-02-04,LOST,,2026-03-01
LD008181,CMP0027,2026-02-04,qualified,,
LD008182,CMP0027,2026-02-06,Won,40900.0,2026-03-07
LD008183,CMP0027,2026-02-07,NEW ,,
LD008184,CMP0027,2026-02-12,Won,48400.0,2026-04-11
LD008185,CMP0027,2026-02-13,lost,,2026-03-02
LD008186,CMP0027,2026-02-16,Lost,,2026-03-15
LD008187,CMP0027,2026-02-17,New,,
LD008188,CMP0027,2026-02-17,Lost,,2026-03-07
LD008189,CMP0027,2026-02-18,new,,
LD008190,CMP0027,2026-02-20,Qualified,,
LD008191,CMP0027,2026-02-20,Lost,,2026-03-29
LD008192,CMP0027,2026-02-20,lost,,2026-03-10
LD008193,CMP0027,2026-02-21,lost,,2026-03-15
LD008194,CMP0027,2026-02-26,New,,
LD008195,CMP0027,2026-02-27,lost,,2026-03-25
LD008196,CMP0027,2026-02-28,lost,,2026-04-06
LD008197,CMP0027,2026-03-01,Lost,,2026-04-14
LD008198,CMP0027,2026-03-03,Lost,,2026-04-09
LD008199,CMP0027,2026-03-03,LOST,,2026-04-11
LD008200,CMP0027,2026-03-04,qualified,,
LD008201,CMP0027,2026-03-04,Lost,,2026-04-09
LD008202,CMP0027,2026-03-05,New,,
LD008203,CMP0027,2026-03-06,LOST,,2026-03-16
LD008204,CMP0027,2026-03-09,lost,,2026-04-19
LD008205,CMP0027,2026-03-10,lost,,2026-03-31
LD008206,CMP0027,2026-03-11,New,,
LD008207,CMP0027,2026-03-14,new,,
LD008208,CMP0027,2026-03-14,WON,37900.0,2026-04-23
LD008209,CMP0027,2026-03-15,Lost,,2026-03-31
LD008210,CMP0027,2026-03-16,LOST,,2026-04-19
LD008211,CMP0027,2026-03-16,lost,,2026-04-29
LD008212,CMP0027,2026-03-17,NEW ,,
LD008213,CMP0027,2026-03-17,Qualified,,
LD008214,CMP0027,2026-03-17,New,,
LD008215,CMP0027,2026-03-18,qualified,,
LD008216,CMP0027,2026-03-20,LOST,,2026-04-13
LD008217,CMP0027,2026-03-20,lost,,2026-04-24
LD008218,CMP0027,2026-03-20,Lost,,2026-04-07
LD008219,CMP0027,2026-03-21,Qualified,,
LD008220,CMP0027,2026-03-24,New,,
LD008221,CMP0027,2026-03-25,New,,
LD008222,CMP0027,2026-03-25,New,,
LD008223,CMP0027,2026-03-29,Lost,,2026-04-29
LD008224,CMP0027,2026-03-29,qualified,,
LD008225,CMP0027,2026-03-30,Qualified,,
LD008226,CMP0027,2026-03-30,New,,
LD008227,CMP0027,2026-03-31,Lost,,2026-04-30
LD008228,CMP0027,2026-04-01,new,,
LD008229,CMP0027,2026-04-01,NEW ,,
LD008230,CMP0027,2026-04-01,New,,
LD008231,CMP0027,2026-04-03,Lost,,2026-04-19
LD008232,CMP0027,2026-04-04,NEW ,,
LD008233,CMP0027,2026-04-04,qualified,,
LD008234,CMP0027,2026-04-05,lost,,2026-04-29
LD008235,CMP0027,2026-04-06,new,,
LD008236,CMP0027,2026-04-07,proposal ,,
LD008237,CMP0027,2026-04-08,proposal ,,
LD008238,CMP0027,2026-04-09,NEW ,,
LD008239,CMP0027,2026-04-09,WON,48700.0,2026-05-21
LD008240,CMP0027,2026-04-10,qualified,,
LD008241,CMP0027,2026-04-12,Qualified,,
LD008242,CMP0027,2026-04-15,new,,
LD008243,CMP0027,2026-04-18,LOST,,2026-05-31
LD008244,CMP0027,2026-04-18,NEW ,,
LD008245,CMP0027,2026-04-19,New,,
LD008246,CMP0027,2026-04-19,LOST,,2026-05-01
LD008247,CMP0027,2026-04-21,lost,,2026-05-08
LD008248,CMP0027,2026-04-22,LOST,,2026-05-06
LD008249,CMP0027,2026-04-22,NEW ,,
LD008250,CMP0027,2026-04-23,qualified,,
LD008251,CMP0027,2026-04-24,Lost,,2026-05-19
LD008252,CMP0027,2026-04-24,Won ,43500.0,2026-05-10
LD008253,CMP0027,2026-04-26,New,,
LD008254,CMP0027,2026-04-27,Qualified,,
LD008255,CMP0027,2026-04-28,new,,
LD008256,CMP0027,2026-04-29,Lost,,2026-05-11
LD008257,CMP0027,2026-05-03,LOST,,2026-05-23
LD008258,CMP0027,2026-05-04,Lost,,2026-05-20
LD008259,CMP0027,2026-05-04,Lost,,2026-06-15
LD008260,CMP0027,2026-05-05,Won ,22400.0,2026-06-27
LD008261,CMP0027,2026-05-07,New,,
LD008262,CMP0027,2026-05-07,proposal ,,
LD008263,CMP0027,2026-05-07,new,,
LD008264,CMP0027,2026-05-08,won,63900.0,2026-06-19
LD008265,CMP0027,2026-05-10,NEW ,,
LD008266,CMP0027,2026-05-12,qualified,,
LD008267,CMP0027,2026-05-13,Qualified,,
LD008268,CMP0027,2026-05-15,Lost,,2026-05-27
LD008269,CMP0027,2026-05-16,LOST,,2026-06-21
LD008270,CMP0027,2026-05-16,Qualified,,
LD008271,CMP0027,2026-05-16,LOST,,2026-06-29
LD008272,CMP0027,2026-05-18,proposal ,,
LD008273,CMP0027,2026-05-18,Qualified,,
LD008274,CMP0027,2026-05-19,new,,
LD008275,CMP0027,2026-05-20,qualified,,
LD008276,CMP0027,2026-05-21,lost,,2026-06-27
LD008277,CMP0027,2026-05-23,NEW ,,
LD008278,CMP0027,2026-05-25,Proposal,,
LD008279,CMP0027,2026-05-27,Won,54400.0,2026-07-24
LD008280,CMP0028,2025-12-23,NEW ,,
LD008281,CMP0028,2025-12-23,WON,54100.0,2026-02-15
LD008282,CMP0028,2025-12-23,lost,,2026-01-13
LD008283,CMP0028,2025-12-24,Qualified,,
LD008284,CMP0028,2025-12-24,NEW ,,
LD008285,CMP0028,2025-12-24,Lost,,2026-01-05
LD008286,CMP0028,2025-12-24,New,,
LD008287,CMP0028,2025-12-25,Qualified,,
LD008288,CMP0028,2025-12-25,lost,,2026-02-06
LD008289,CMP0028,2025-12-25,NEW ,,
LD008290,CMP0028,2025-12-25,qualified,,
LD008291,CMP0028,2025-12-25,Lost,,2026-01-30
LD008292,CMP0028,2025-12-25,Qualified,,
LD008293,CMP0028,2025-12-26,qualified,,
LD008294,CMP0028,2025-12-26,Qualified,,
LD008295,CMP0028,2025-12-27,lost,,2026-02-07
LD008296,CMP0028,2025-12-27,qualified,,
LD008297,CMP0028,2025-12-27,New,,
LD008298,CMP0028,2025-12-28,lost,,2026-01-04
LD008299,CMP0028,2025-12-29,NEW ,,
LD008300,CMP0028,2025-12-30,New,,
LD008301,CMP0028,2025-12-31,Qualified,,
LD008302,CMP0028,2025-12-31,new,,
LD008303,CMP0028,2025-12-31,new,,
LD008304,CMP0028,2025-12-31,Qualified,,
LD008305,CMP0028,2025-12-31,qualified,,
LD008306,CMP0028,2025-12-31,Won,24500.0,2026-01-23
LD008307,CMP0028,2026-01-02,qualified,,
LD008308,CMP0028,2026-01-02,qualified,,
LD008309,CMP0028,2026-01-02,new,,
LD008310,CMP0028,2026-01-02,lost,,2026-02-10
LD008311,CMP0028,2026-01-02,NEW ,,
LD008312,CMP0028,2026-01-03,qualified,,
LD008313,CMP0028,2026-01-04,New,,
LD008314,CMP0028,2026-01-04,proposal ,,
LD008315,CMP0028,2026-01-04,qualified,,
LD008316,CMP0028,2026-01-05,Proposal,,
LD008317,CMP0028,2026-01-05,LOST,,2026-02-07
LD008318,CMP0028,2026-01-05,Qualified,,
LD008319,CMP0028,2026-01-06,LOST,,2026-01-13
LD008320,CMP0028,2026-01-06,New,,
LD008321,CMP0028,2026-01-07,qualified,,
LD008322,CMP0028,2026-01-07,LOST,,2026-01-19
LD008323,CMP0028,2026-01-07,Qualified,,
LD008324,CMP0028,2026-01-07,qualified,,
LD008325,CMP0028,2026-01-08,New,,
LD008326,CMP0028,2026-01-08,LOST,,2026-02-10
LD008327,CMP0028,2026-01-09,NEW ,,
LD008328,CMP0028,2026-01-09,LOST,,2026-02-21
LD008329,CMP0028,2026-01-09,NEW ,,
LD008330,CMP0028,2026-01-10,LOST,,2026-01-20
LD008331,CMP0028,2026-01-11,New,,
LD008332,CMP0028,2026-01-11,new,,
LD008333,CMP0028,2026-01-12,NEW ,,
LD008334,CMP0028,2026-01-12,Qualified,,
LD008335,CMP0028,2026-01-13,LOST,,2026-01-26
LD008336,CMP0028,2026-01-13,Lost,,2026-01-31
LD008337,CMP0028,2026-01-13,WON,50000.0,2026-02-12
LD008338,CMP0028,2026-01-13,lost,,2026-02-23
LD008339,CMP0028,2026-01-13,New,,
LD008340,CMP0028,2026-01-14,New,,
LD008341,CMP0028,2026-01-14,new,,
LD008342,CMP0028,2026-01-15,Proposal,,
LD008343,CMP0028,2026-01-15,lost,,2026-01-28
LD008344,CMP0028,2026-01-15,new,,
LD008345,CMP0028,2026-01-15,New,,
LD008346,CMP0028,2026-01-15,new,,
LD008347,CMP0028,2026-01-16,Qualified,,
LD008348,CMP0028,2026-01-16,NEW ,,
LD008349,CMP0028,2026-01-16,won,56900.0,2026-03-12
LD008350,CMP0028,2026-01-16,new,,
LD008351,CMP0028,2026-01-17,qualified,,
LD008352,CMP0028,2026-01-17,Qualified,,
LD008353,CMP0028,2026-01-17,new,,
LD008354,CMP0028,2026-01-17,lost,,2026-02-13
LD008355,CMP0028,2026-01-19,LOST,,2026-03-02
LD008356,CMP0028,2026-01-19,qualified,,
LD008357,CMP0028,2026-01-20,proposal ,,
LD008358,CMP0028,2026-01-20,LOST,,2026-02-22
LD008359,CMP0028,2026-01-21,NEW ,,
LD008360,CMP0028,2026-01-21,Qualified,,
LD008361,CMP0028,2026-01-21,Proposal,,
LD008362,CMP0028,2026-01-21,new,,
LD008363,CMP0028,2026-01-21,Qualified,,
LD008364,CMP0028,2026-01-21,NEW ,,
LD008365,CMP0028,2026-01-22,Won,60500.0,2026-03-07
LD008366,CMP0028,2026-01-22,Qualified,,
LD008367,CMP0028,2026-01-22,new,,
LD008368,CMP0028,2026-01-24,qualified,,
LD008369,CMP0028,2026-01-24,New,,
LD008370,CMP0028,2026-01-24,new,,
LD008371,CMP0028,2026-01-24,Lost,,2026-03-03
LD008372,CMP0028,2026-01-24,qualified,,
LD008373,CMP0028,2026-01-24,qualified,,
LD008374,CMP0028,2026-01-25,Won ,47600.0,2026-03-13
LD008375,CMP0028,2026-01-25,LOST,,2026-02-03
LD008376,CMP0028,2026-01-26,Lost,,2026-02-02
LD008377,CMP0028,2026-01-27,Qualified,,
LD008378,CMP0028,2026-01-27,New,,
LD008379,CMP0028,2026-01-27,qualified,,
LD008380,CMP0028,2026-01-27,Lost,,2026-03-03
LD008381,CMP0028,2026-01-28,Lost,,2026-03-07
LD008382,CMP0028,2026-01-28,NEW ,,
LD008383,CMP0028,2026-01-28,new,,
LD008384,CMP0028,2026-01-29,lost,,2026-02-23
LD008385,CMP0028,2026-01-29,New,,
LD008386,CMP0028,2026-01-29,Lost,,2026-02-23
LD008387,CMP0028,2026-01-29,new,,
LD008388,CMP0028,2026-01-30,new,,
LD008389,CMP0028,2026-01-30,New,,
LD008390,CMP0028,2026-01-31,new,,
LD008391,CMP0028,2026-01-31,qualified,,
LD008392,CMP0028,2026-01-31,qualified,,
LD008393,CMP0028,2026-01-31,qualified,,
LD008394,CMP0028,2026-02-01,NEW ,,
LD008395,CMP0028,2026-02-02,LOST,,2026-02-10
LD008396,CMP0028,2026-02-02,NEW ,,
LD008397,CMP0028,2026-02-02,lost,,2026-03-06
LD008398,CMP0028,2026-02-03,New,,
LD008399,CMP0028,2026-02-03,Proposal,,
LD008400,CMP0028,2026-02-03,Qualified,,
LD008401,CMP0028,2026-02-03,NEW ,,
LD008402,CMP0028,2026-02-04,lost,,2026-03-02
LD008403,CMP0028,2026-02-05,Lost,,2026-02-21
LD008404,CMP0028,2026-02-05,LOST,,2026-02-22
LD008405,CMP0028,2026-02-05,Qualified,,
LD008406,CMP0028,2026-02-05,lost,,2026-02-20
LD008407,CMP0028,2026-02-06,new,,
LD008408,CMP0028,2026-02-06,qualified,,
LD008409,CMP0028,2026-02-07,lost,,2026-03-03
LD008410,CMP0028,2026-02-07,lost,,2026-03-16
LD008411,CMP0028,2026-02-08,New,,
LD008412,CMP0028,2026-02-09,LOST,,2026-03-22
LD008413,CMP0028,2026-02-09,NEW ,,
LD008414,CMP0028,2026-02-09,new,,
LD008415,CMP0028,2026-02-10,new,,
LD008416,CMP0028,2026-02-10,LOST,,2026-02-21
LD008417,CMP0028,2026-02-10,LOST,,2026-03-21
LD008418,CMP0028,2026-02-10,lost,,2026-03-03
LD008419,CMP0028,2026-02-10,New,,
LD008420,CMP0028,2026-02-11,Qualified,,
LD008421,CMP0028,2026-02-11,Qualified,,
LD008422,CMP0028,2026-02-11,qualified,,
LD008423,CMP0028,2026-02-11,Won ,47700.0,2026-02-28
LD008424,CMP0028,2026-02-11,qualified,,
LD008425,CMP0028,2026-02-12,Lost,,2026-03-27
LD008426,CMP0028,2026-02-12,LOST,,2026-02-23
LD008427,CMP0028,2026-02-12,Lost,,2026-03-01
LD008428,CMP0028,2026-02-13,NEW ,,
LD008429,CMP0028,2026-02-13,qualified,,
LD008430,CMP0028,2026-02-13,Qualified,,
LD008431,CMP0028,2026-02-14,qualified,,
LD008432,CMP0028,2026-02-14,Qualified,,
LD008433,CMP0028,2026-02-14,qualified,,
LD008434,CMP0028,2026-02-14,qualified,,
LD008435,CMP0028,2026-02-15,LOST,,2026-03-03
LD008436,CMP0028,2026-02-15,qualified,,
LD008437,CMP0028,2026-02-15,qualified,,
LD008438,CMP0028,2026-02-16,New,,
LD008439,CMP0028,2026-02-16,lost,,2026-03-12
LD008440,CMP0028,2026-02-17,LOST,,2026-04-02
LD008441,CMP0028,2026-02-18,Lost,,2026-03-03
LD008442,CMP0028,2026-02-19,LOST,,2026-03-12
LD008443,CMP0028,2026-02-19,New,,
LD008444,CMP0028,2026-02-19,Qualified,,
LD008445,CMP0028,2026-02-20,new,,
LD008446,CMP0028,2026-02-20,Qualified,,
LD008447,CMP0028,2026-02-20,new,,
LD008448,CMP0028,2026-02-21,proposal ,,
LD008449,CMP0028,2026-02-22,LOST,,2026-03-03
LD008450,CMP0028,2026-02-22,proposal ,,
LD008451,CMP0028,2026-02-23,Won,47000.0,2026-03-14
LD008452,CMP0028,2026-02-23,lost,,2026-04-04
LD008453,CMP0028,2026-02-23,LOST,,2026-03-13
LD008454,CMP0028,2026-02-23,New,,
LD008455,CMP0028,2026-02-23,Qualified,,
LD008456,CMP0028,2026-02-23,qualified,,
LD008457,CMP0028,2026-02-23,new,,
LD008458,CMP0028,2026-02-24,New,,
LD008459,CMP0028,2026-02-25,lost,,2026-03-24
LD008460,CMP0028,2026-02-25,Qualified,,
LD008461,CMP0028,2026-02-26,qualified,,
LD008462,CMP0028,2026-02-26,lost,,2026-03-20
LD008463,CMP0028,2026-02-26,Lost,,2026-03-25
LD008464,CMP0028,2026-02-27,NEW ,,
LD008465,CMP0028,2026-02-28,new,,
LD008466,CMP0028,2026-02-28,lost,,2026-03-31
LD008467,CMP0028,2026-02-28,LOST,,2026-03-19
LD008468,CMP0028,2026-03-01,Lost,,2026-03-14
LD008469,CMP0028,2026-03-01,lost,,2026-03-18
LD008470,CMP0028,2026-03-02,lost,,2026-03-13
LD008471,CMP0028,2026-03-03,LOST,,2026-04-09
LD008472,CMP0028,2026-03-03,Qualified,,
LD008473,CMP0028,2026-03-03,NEW ,,
LD008474,CMP0028,2026-03-04,LOST,,2026-04-08
LD008475,CMP0028,2026-03-05,NEW ,,
LD008476,CMP0028,2026-03-06,lost,,2026-04-12
LD008477,CMP0028,2026-03-06,new,,
LD008478,CMP0028,2026-03-07,new,,
LD008479,CMP0028,2026-03-07,LOST,,2026-04-09
LD008480,CMP0028,2026-03-08,qualified,,
LD008481,CMP0028,2026-03-08,Qualified,,
LD008482,CMP0028,2026-03-08,NEW ,,
LD008483,CMP0028,2026-03-08,lost,,2026-03-17
LD008484,CMP0028,2026-03-09,new,,
LD008485,CMP0028,2026-03-09,Proposal,,
LD008486,CMP0028,2026-03-09,NEW ,,
LD008487,CMP0028,2026-03-10,Qualified,,
LD008488,CMP0028,2026-03-10,Lost,,2026-04-13
LD008489,CMP0028,2026-03-11,NEW ,,
LD008490,CMP0028,2026-03-11,NEW ,,
LD008491,CMP0028,2026-03-11,new,,
LD008492,CMP0028,2026-03-12,Won,39100.0,2026-03-27
LD008493,CMP0028,2026-03-12,Lost,,2026-04-22
LD008494,CMP0028,2026-03-13,Lost,,2026-03-23
LD008495,CMP0028,2026-03-13,New,,
LD008496,CMP0028,2026-03-13,qualified,,
LD008497,CMP0028,2026-03-13,NEW ,,
LD008498,CMP0028,2026-03-13,proposal ,,
LD008499,CMP0028,2026-03-14,New,,
LD008500,CMP0028,2026-03-16,lost,,2026-04-19
LD008501,CMP0028,2026-03-17,Qualified,,
LD008502,CMP0028,2026-03-17,NEW ,,
LD008503,CMP0028,2026-03-17,lost,,2026-04-28
LD008504,CMP0028,2026-03-18,qualified,,
LD008505,CMP0028,2026-03-18,lost,,2026-04-09
LD008506,CMP0028,2026-03-19,proposal ,,
LD008507,CMP0028,2026-03-19,LOST,,2026-04-24
LD008508,CMP0028,2026-03-20,proposal ,,
LD008509,CMP0028,2026-03-21,New,,
LD008510,CMP0028,2026-03-22,lost,,2026-03-29
LD008511,CMP0028,2026-03-22,LOST,,2026-04-16
LD008512,CMP0028,2026-03-22,New,,
LD008513,CMP0028,2026-03-23,lost,,2026-04-01
LD008514,CMP0028,2026-03-23,LOST,,2026-04-04
LD008515,CMP0028,2026-03-23,Qualified,,
LD008516,CMP0028,2026-03-24,new,,
LD008517,CMP0028,2026-03-25,NEW ,,
LD008518,CMP0028,2026-03-26,won,39900.0,2026-05-17
LD008519,CMP0028,2026-03-26,qualified,,
LD008520,CMP0028,2026-03-27,Qualified,,
LD008521,CMP0028,2026-03-27,lost,,2026-05-02
LD008522,CMP0028,2026-03-27,LOST,,2026-04-09
LD008523,CMP0028,2026-03-28,LOST,,2026-04-08
LD008524,CMP0028,2026-03-28,Qualified,,
LD008525,CMP0028,2026-03-29,new,,
LD008526,CMP0028,2026-03-29,LOST,,2026-04-13
LD008527,CMP0028,2026-03-30,lost,,2026-04-29
LD008528,CMP0028,2026-03-30,new,,
LD008529,CMP0028,2026-03-31,New,,
LD008530,CMP0028,2026-03-31,LOST,,2026-05-01
LD008531,CMP0028,2026-03-31,new,,
LD008532,CMP0028,2026-03-31,LOST,,2026-04-24
LD008533,CMP0028,2026-03-31,new,,
LD008534,CMP0028,2026-04-01,New,,
LD008535,CMP0028,2026-04-02,WON,36800.0,2026-05-30
LD008536,CMP0028,2026-04-02,NEW ,,
LD008537,CMP0028,2026-04-02,LOST,,2026-04-13
LD008538,CMP0028,2026-04-03,proposal ,,
LD008539,CMP0028,2026-04-03,qualified,,
LD008540,CMP0028,2026-04-03,LOST,,2026-04-16
LD008541,CMP0028,2026-04-05,lost,,2026-04-25
LD008542,CMP0028,2026-04-05,NEW ,,
LD008543,CMP0028,2026-04-05,lost,,2026-05-06
LD008544,CMP0028,2026-04-06,Lost,,2026-04-22
LD008545,CMP0028,2026-04-06,Lost,,2026-04-16
LD008546,CMP0028,2026-04-06,Qualified,,
LD008547,CMP0028,2026-04-08,New,,
LD008548,CMP0028,2026-04-08,Qualified,,
LD008549,CMP0028,2026-04-08,new,,
LD008550,CMP0028,2026-04-09,NEW ,,
LD008551,CMP0028,2026-04-09,LOST,,2026-05-21
LD008552,CMP0028,2026-04-09,Qualified,,
LD008553,CMP0028,2026-04-09,Qualified,,
LD008554,CMP0028,2026-04-09,NEW ,,
LD008555,CMP0028,2026-04-09,NEW ,,
LD008556,CMP0028,2026-04-10,lost,,2026-04-28
LD008557,CMP0028,2026-04-10,Won ,38100.0,2026-06-01
LD008558,CMP0028,2026-04-10,New,,
LD008559,CMP0028,2026-04-10,Lost,,2026-05-04
LD008560,CMP0028,2026-04-11,Lost,,2026-05-13
LD008561,CMP0028,2026-04-11,lost,,2026-05-12
LD008562,CMP0028,2026-04-11,lost,,2026-04-20
LD008563,CMP0028,2026-04-11,lost,,2026-04-23
LD008564,CMP0028,2026-04-12,Qualified,,
LD008565,CMP0028,2026-04-13,won,45100.0,2026-05-29
LD008566,CMP0028,2026-04-14,Proposal,,
LD008567,CMP0028,2026-04-15,New,,
LD008568,CMP0028,2026-04-15,lost,,2026-05-23
LD008569,CMP0028,2026-04-15,Qualified,,
LD008570,CMP0028,2026-04-16,NEW ,,
LD008571,CMP0028,2026-04-16,New,,
LD008572,CMP0028,2026-04-16,Lost,,2026-05-11
LD008573,CMP0028,2026-04-17,proposal ,,
LD008574,CMP0028,2026-04-18,Lost,,2026-05-04
LD008575,CMP0028,2026-04-18,Lost,,2026-05-28
LD008576,CMP0028,2026-04-18,proposal ,,
LD008577,CMP0028,2026-04-18,New,,
LD008578,CMP0028,2026-04-19,Proposal,,
LD008579,CMP0028,2026-04-20,Lost,,2026-05-09
LD008580,CMP0028,2026-04-20,new,,
LD008581,CMP0028,2026-04-20,proposal ,,
LD008582,CMP0028,2026-04-20,new,,
LD008583,CMP0028,2026-04-21,Won,43400.0,2026-05-10
LD008584,CMP0028,2026-04-21,qualified,,
LD008585,CMP0028,2026-04-21,Won,26400.0,2026-06-11
LD008586,CMP0028,2026-04-21,NEW ,,
LD008587,CMP0028,2026-04-23,qualified,,
LD008588,CMP0028,2026-04-23,lost,,2026-05-04
LD008589,CMP0028,2026-04-23,Lost,,2026-05-15
LD008590,CMP0028,2026-04-25,NEW ,,
LD008591,CMP0028,2026-04-26,lost,,2026-05-31
LD008592,CMP0028,2026-04-26,NEW ,,
LD008593,CMP0028,2026-04-27,qualified,,
LD008594,CMP0028,2026-04-27,Qualified,,
LD008595,CMP0028,2026-04-27,NEW ,,
LD008596,CMP0028,2026-04-27,Qualified,,
LD008597,CMP0028,2026-04-27,new,,
LD008598,CMP0028,2026-04-27,NEW ,,
LD008599,CMP0028,2026-04-27,NEW ,,
LD008600,CMP0028,2026-04-27,LOST,,2026-05-27
LD008601,CMP0028,2026-04-28,NEW ,,
LD008602,CMP0028,2026-04-28,new,,
LD008603,CMP0028,2026-04-28,LOST,,2026-06-08
LD008604,CMP0028,2026-04-28,lost,,2026-05-21
LD008605,CMP0028,2026-04-28,NEW ,,
LD008606,CMP0028,2026-04-29,New,,
LD008607,CMP0028,2026-04-29,LOST,,2026-06-06
LD008608,CMP0028,2026-04-29,qualified,,
LD008609,CMP0028,2026-04-29,new,,
LD008610,CMP0028,2026-04-29,WON,18300.0,2026-05-18
LD008611,CMP0028,2026-04-29,Qualified,,
LD008612,CMP0028,2026-04-30,lost,,2026-05-26
LD008613,CMP0028,2026-04-30,lost,,2026-05-22
LD008614,CMP0028,2026-04-30,Lost,,2026-05-18
LD008615,CMP0028,2026-05-01,qualified,,
LD008616,CMP0028,2026-05-02,NEW ,,
LD008617,CMP0028,2026-05-03,New,,
LD008618,CMP0028,2026-05-03,lost,,2026-06-10
LD008619,CMP0028,2026-05-03,New,,
LD008620,CMP0028,2026-05-04,LOST,,2026-05-30
LD008621,CMP0028,2026-05-04,NEW ,,
LD008622,CMP0028,2026-05-04,LOST,,2026-06-10
LD008623,CMP0028,2026-05-05,new,,
LD008624,CMP0028,2026-05-05,NEW ,,
LD008625,CMP0028,2026-05-05,New,,
LD008626,CMP0028,2026-05-06,LOST,,2026-06-06
LD008627,CMP0028,2026-05-06,Lost,,2026-06-13
LD008628,CMP0028,2026-05-06,New,,
LD008629,CMP0028,2026-05-07,WON,67200.0,2026-06-27
LD008630,CMP0028,2026-05-07,qualified,,
LD008631,CMP0028,2026-05-07,LOST,,2026-05-27
LD008632,CMP0028,2026-05-07,lost,,2026-06-10
LD008633,CMP0028,2026-05-07,lost,,2026-06-20
LD008634,CMP0028,2026-05-07,New,,
LD008635,CMP0028,2026-05-07,Qualified,,
LD008636,CMP0028,2026-05-07,Won,32200.0,2026-06-02
LD008637,CMP0028,2026-05-08,new,,
LD008638,CMP0028,2026-05-08,Lost,,2026-05-16
LD008639,CMP0028,2026-05-08,Lost,,2026-06-07
LD008640,CMP0028,2026-05-08,NEW ,,
LD008641,CMP0028,2026-05-08,New,,
LD008642,CMP0028,2026-05-09,lost,,2026-05-20
LD008643,CMP0028,2026-05-09,new,,
LD008644,CMP0028,2026-05-09,Lost,,2026-05-20
LD008645,CMP0028,2026-05-10,LOST,,2026-06-03
LD008646,CMP0028,2026-05-10,New,,
LD008647,CMP0028,2026-05-11,LOST,,2026-06-07
LD008648,CMP0028,2026-05-11,lost,,2026-05-23
LD008649,CMP0028,2026-05-11,NEW ,,
LD008650,CMP0028,2026-05-11,Qualified,,
LD008651,CMP0028,2026-05-11,lost,,2026-06-19
LD008652,CMP0028,2026-05-11,New,,
LD008653,CMP0028,2026-05-12,qualified,,
LD008654,CMP0028,2026-05-14,Qualified,,
LD008655,CMP0028,2026-05-14,lost,,2026-05-25
LD008656,CMP0028,2026-05-14,Qualified,,
LD008657,CMP0028,2026-05-14,new,,
LD008658,CMP0028,2026-05-15,LOST,,2026-06-27
LD008659,CMP0028,2026-05-15,lost,,2026-06-01
LD008660,CMP0028,2026-05-15,won,24500.0,2026-06-14
LD008661,CMP0028,2026-05-16,Qualified,,
LD008662,CMP0028,2026-05-16,Qualified,,
LD008663,CMP0028,2026-05-16,New,,
LD008664,CMP0028,2026-05-17,Lost,,2026-06-20
LD008665,CMP0028,2026-05-18,Qualified,,
LD008666,CMP0028,2026-05-18,new,,
LD008667,CMP0028,2026-05-18,Lost,,2026-05-28
LD008668,CMP0028,2026-05-18,LOST,,2026-06-24
LD008669,CMP0028,2026-05-19,new,,
LD008670,CMP0028,2026-05-19,proposal ,,
LD008671,CMP0028,2026-05-19,qualified,,
LD008672,CMP0028,2026-05-19,Lost,,2026-06-13
LD008673,CMP0028,2026-05-19,LOST,,2026-05-29
LD008674,CMP0028,2026-05-20,qualified,,
LD008675,CMP0028,2026-05-20,NEW ,,
LD008676,CMP0028,2026-05-20,won,62100.0,2026-07-12
LD008677,CMP0028,2026-05-22,qualified,,
LD008678,CMP0028,2026-05-23,New,,
LD008679,CMP0028,2026-05-23,new,,
LD008680,CMP0028,2026-05-23,Lost,,2026-07-02
LD008681,CMP0028,2026-05-23,Qualified,,
LD008682,CMP0028,2026-05-24,Proposal,,
LD008683,CMP0028,2026-05-24,Lost,,2026-06-25
LD008684,CMP0028,2026-05-25,qualified,,
LD008685,CMP0028,2026-05-26,NEW ,,
LD008686,CMP0028,2026-05-26,New,,
LD008687,CMP0028,2026-05-27,LOST,,2026-06-09
LD008688,CMP0028,2026-05-27,LOST,,2026-07-02
LD008689,CMP0028,2026-05-27,lost,,2026-06-30
LD008690,CMP0028,2026-05-28,NEW ,,
LD008691,CMP0028,2026-05-28,qualified,,
LD008692,CMP0028,2026-05-29,new,,
LD008693,CMP0028,2026-05-29,WON,36500.0,2026-07-24
LD008694,CMP0028,2026-05-30,proposal ,,
LD008695,CMP0028,2026-05-30,NEW ,,
LD008696,CMP0028,2026-05-30,lost,,2026-06-11
LD008697,CMP0028,2026-05-30,Lost,,2026-06-30
LD008698,CMP0028,2026-05-31,lost,,2026-06-26
LD008699,CMP0028,2026-05-31,qualified,,
LD008700,CMP0028,2026-06-01,qualified,,
LD008701,CMP0028,2026-06-01,Qualified,,
LD008702,CMP0028,2026-06-02,LOST,,2026-06-11
LD008703,CMP0028,2026-06-02,lost,,2026-06-12
LD008704,CMP0028,2026-06-04,Lost,,2026-06-20
LD008705,CMP0028,2026-06-04,Lost,,2026-07-08
LD008706,CMP0028,2026-06-05,lost,,2026-07-15
LD008707,CMP0028,2026-06-05,Proposal,,
LD008708,CMP0028,2026-06-05,NEW ,,
LD008709,CMP0028,2026-06-05,Lost,,2026-07-11
LD008710,CMP0028,2026-06-06,NEW ,,
LD008711,CMP0028,2026-06-06,qualified,,
LD008712,CMP0028,2026-06-06,qualified,,
LD008713,CMP0028,2026-06-06,lost,,2026-07-01
LD008714,CMP0028,2026-06-06,lost,,2026-06-20
LD008715,CMP0028,2026-06-07,new,,
LD008716,CMP0028,2026-06-09,lost,,2026-07-10
LD008717,CMP0028,2026-06-09,new,,
LD008718,CMP0028,2026-06-10,LOST,,2026-06-23
LD008719,CMP0028,2026-06-10,Qualified,,
LD008720,CMP0028,2026-06-10,qualified,,
LD008721,CMP0028,2026-06-11,NEW ,,
LD008722,CMP0028,2026-06-11,Lost,,2026-07-06
LD008723,CMP0028,2026-06-11,qualified,,
LD008724,CMP0028,2026-06-11,LOST,,2026-07-17
LD008725,CMP0028,2026-06-12,Lost,,2026-07-05
LD008726,CMP0028,2026-06-12,new,,
LD008727,CMP0028,2026-06-12,NEW ,,
LD008728,CMP0028,2026-06-13,NEW ,,
LD008729,CMP0028,2026-06-13,NEW ,,
LD008730,CMP0028,2026-06-13,Qualified,,
LD008731,CMP0028,2026-06-14,Won ,31800.0,2026-08-08
LD008732,CMP0028,2026-06-14,new,,
LD008733,CMP0028,2026-06-14,qualified,,
LD008734,CMP0028,2026-06-15,new,,
LD008735,CMP0028,2026-06-15,qualified,,
LD008736,CMP0028,2026-06-15,Lost,,2026-07-20
LD008737,CMP0028,2026-06-15,lost,,2026-07-10
LD008738,CMP0028,2026-06-15,LOST,,2026-07-08
LD008739,CMP0028,2026-06-15,NEW ,,
LD008740,CMP0028,2026-06-15,lost,,2026-07-07
LD008741,CMP0028,2026-06-15,NEW ,,
LD008742,CMP0028,2026-06-15,lost,,2026-07-04
LD008743,CMP0028,2026-06-16,Lost,,2026-07-19
LD008744,CMP0028,2026-06-16,Lost,,2026-07-04
LD008745,CMP0028,2026-06-17,lost,,2026-07-16
LD008746,CMP0028,2026-06-17,LOST,,2026-07-16
LD008747,CMP0028,2026-06-17,LOST,,2026-07-21
LD008748,CMP0028,2026-06-17,Qualified,,
LD008749,CMP0028,2026-06-17,Qualified,,
LD008750,CMP0028,2026-06-18,lost,,2026-07-11
LD008751,CMP0028,2026-06-18,LOST,,2026-07-17
LD008752,CMP0028,2026-06-18,qualified,,
LD008753,CMP0028,2026-06-18,New,,
LD008754,CMP0028,2026-06-20,New,,
LD008755,CMP0028,2026-06-20,qualified,,
LD008756,CMP0028,2026-06-21,new,,
LD008757,CMP0028,2026-06-21,proposal ,,
LD008758,CMP0028,2026-06-22,NEW ,,
LD008759,CMP0028,2026-06-22,new,,
LD008760,CMP0028,2026-06-22,New,,
LD008761,CMP0028,2026-06-23,qualified,,
LD008762,CMP0028,2026-06-23,qualified,,
LD008763,CMP0028,2026-06-23,lost,,2026-06-30
LD008764,CMP0028,2026-06-23,New,,
LD008765,CMP0028,2026-06-23,qualified,,
LD008766,CMP0028,2026-06-24,proposal ,,
LD008767,CMP0028,2026-06-25,New,,
LD008768,CMP0028,2026-06-25,NEW ,,
LD008769,CMP0028,2026-06-25,NEW ,,
LD008770,CMP0028,2026-06-26,qualified,,
LD008771,CMP0028,2026-06-26,NEW ,,
LD008772,CMP0028,2026-06-26,NEW ,,
LD008773,CMP0028,2026-06-27,qualified,,
LD008774,CMP0028,2026-06-28,NEW ,,
LD008775,CMP0028,2026-06-29,LOST,,2026-08-01
LD008776,CMP0028,2026-06-29,NEW ,,
LD008777,CMP0028,2026-06-29,lost,,2026-07-10
LD008778,CMP0028,2026-06-30,qualified,,
LD008779,CMP0028,2026-06-30,Lost,,2026-07-14
LD008780,CMP0028,2026-07-01,LOST,,2026-07-10
LD008781,CMP0028,2026-07-01,NEW ,,
LD008782,CMP0028,2026-07-01,won,40600.0,2026-08-23
LD008783,CMP0028,2026-07-02,LOST,,2026-07-13
LD008784,CMP0028,2026-07-02,LOST,,2026-08-06
LD008785,CMP0028,2026-07-02,qualified,,
LD008786,CMP0028,2026-07-02,qualified,,
LD008787,CMP0028,2026-07-04,proposal ,,
LD008788,CMP0028,2026-07-05,qualified,,
LD008789,CMP0028,2026-07-05,New,,
LD008790,CMP0028,2026-07-06,NEW ,,
LD008791,CMP0028,2026-07-06,NEW ,,
LD008792,CMP0028,2026-07-07,Qualified,,
LD008793,CMP0028,2026-07-07,Qualified,,
LD008794,CMP0028,2026-07-07,Qualified,,
LD008795,CMP0028,2026-07-07,Qualified,,
LD008796,CMP0028,2026-07-07,qualified,,
LD008797,CMP0028,2026-07-07,Qualified,,
LD008798,CMP0028,2026-07-08,NEW ,,
LD008799,CMP0028,2026-07-08,new,,
LD008800,CMP0028,2026-07-09,NEW ,,
LD008801,CMP0028,2026-07-10,Qualified,,
LD008802,CMP0028,2026-07-10,qualified,,
LD008803,CMP0028,2026-07-10,proposal ,,
LD008804,CMP0028,2026-07-11,New,,
LD008805,CMP0028,2026-07-11,Qualified,,
LD008806,CMP0028,2026-07-11,NEW ,,
LD008807,CMP0028,2026-07-12,proposal ,,
LD008808,CMP0028,2026-07-12,new,,
LD008809,CMP0028,2026-07-13,NEW ,,
LD008810,CMP0028,2026-07-13,Proposal,,
LD008811,CMP0028,2026-07-13,qualified,,
LD008812,CMP0028,2026-07-13,Qualified,,
LD008813,CMP0028,2026-07-13,New,,
LD008814,CMP0028,2026-07-14,Proposal,,
LD008815,CMP0028,2026-07-14,qualified,,
LD008816,CMP0028,2026-07-14,qualified,,
LD008817,CMP0028,2026-07-14,NEW ,,
LD008818,CMP0028,2026-07-14,new,,
LD008819,CMP0028,2026-07-14,qualified,,
LD008820,CMP0028,2026-07-15,qualified,,
LD008821,CMP0028,2026-07-15,NEW ,,
LD008822,CMP0028,2026-07-15,qualified,,
LD008823,CMP0028,2026-07-16,Proposal,,
LD008824,CMP0028,2026-07-16,Qualified,,
LD008825,CMP0028,2026-07-17,Qualified,,
LD008826,CMP0028,2026-07-17,proposal ,,
LD008827,CMP0028,2026-07-17,qualified,,
LD008828,CMP0028,2026-07-17,Qualified,,
LD008829,CMP0028,2026-07-17,Qualified,,
LD008830,CMP0028,2026-07-18,New,,
LD008831,CMP0028,2026-07-18,Qualified,,
LD008832,CMP0028,2026-07-18,proposal ,,
LD008833,CMP0028,2026-07-19,NEW ,,
LD008834,CMP0028,2026-07-20,qualified,,
LD008835,CMP0028,2026-07-20,qualified,,
LD008836,CMP0028,2026-07-20,new,,
LD008837,CMP0028,2026-07-20,NEW ,,
LD008838,CMP0028,2026-07-21,qualified,,
LD008839,CMP0028,2026-07-21,qualified,,
LD008840,CMP0028,2026-07-21,qualified,,
LD008841,CMP0028,2026-07-21,New,,
LD008842,CMP0028,2026-07-21,Qualified,,
LD008843,CMP0028,2026-07-22,new,,
LD008844,CMP0028,2026-07-22,qualified,,
LD008845,CMP0028,2026-07-22,New,,
LD008846,CMP0028,2026-07-23,Qualified,,
LD008847,CMP0028,2026-07-24,New,,
LD008848,CMP0028,2026-07-24,new,,
LD008849,CMP0028,2026-07-25,Qualified,,
LD008850,CMP0028,2026-07-25,qualified,,
LD008851,CMP0028,2026-07-25,qualified,,
LD008852,CMP0029,2025-12-26,qualified,,
LD008853,CMP0029,2025-12-26,won,31300.0,2026-01-31
LD008854,CMP0029,2025-12-26,New,,
LD008855,CMP0029,2025-12-26,New,,
LD008856,CMP0029,2025-12-27,Lost,,2026-02-02
LD008857,CMP0029,2025-12-27,Won ,37900.0,2026-01-12
LD008858,CMP0029,2025-12-28,Proposal,,
LD008859,CMP0029,2025-12-29,NEW ,,
LD008860,CMP0029,2025-12-30,Qualified,,
LD008861,CMP0029,2025-12-31,Qualified,,
LD008862,CMP0029,2026-01-01,New,,
LD008863,CMP0029,2026-01-02,qualified,,
LD008864,CMP0029,2026-01-03,New,,
LD008865,CMP0029,2026-01-04,qualified,,
LD008866,CMP0029,2026-01-04,new,,
LD008867,CMP0029,2026-01-05,Lost,,2026-02-10
LD008868,CMP0029,2026-01-05,Lost,,2026-02-04
LD008869,CMP0029,2026-01-05,New,,
LD008870,CMP0029,2026-01-06,lost,,2026-02-03
LD008871,CMP0029,2026-01-06,NEW ,,
LD008872,CMP0029,2026-01-07,WON,44700.0,2026-03-03
LD008873,CMP0029,2026-01-07,proposal ,,
LD008874,CMP0029,2026-01-07,lost,,2026-02-08
LD008875,CMP0029,2026-01-09,qualified,,
LD008876,CMP0029,2026-01-10,NEW ,,
LD008877,CMP0029,2026-01-10,lost,,2026-01-24
LD008878,CMP0029,2026-01-11,LOST,,2026-02-13
LD008879,CMP0029,2026-01-12,lost,,2026-01-27
LD008880,CMP0029,2026-01-13,LOST,,2026-01-29
LD008881,CMP0029,2026-01-13,Qualified,,
LD008882,CMP0029,2026-01-13,NEW ,,
LD008883,CMP0029,2026-01-13,Qualified,,
LD008884,CMP0029,2026-01-14,Qualified,,
LD008885,CMP0029,2026-01-14,qualified,,
LD008886,CMP0029,2026-01-15,Lost,,2026-01-23
LD008887,CMP0029,2026-01-16,Qualified,,
LD008888,CMP0029,2026-01-16,Lost,,2026-01-29
LD008889,CMP0029,2026-01-17,New,,
LD008890,CMP0029,2026-01-18,LOST,,2026-01-29
LD008891,CMP0029,2026-01-18,new,,
LD008892,CMP0029,2026-01-19,qualified,,
LD008893,CMP0029,2026-01-19,NEW ,,
LD008894,CMP0029,2026-01-19,qualified,,
LD008895,CMP0029,2026-01-20,New,,
LD008896,CMP0029,2026-01-20,New,,
LD008897,CMP0029,2026-01-21,Qualified,,
LD008898,CMP0029,2026-01-21,NEW ,,
LD008899,CMP0029,2026-01-21,NEW ,,
LD008900,CMP0029,2026-01-22,Lost,,2026-02-24
LD008901,CMP0029,2026-01-22,Qualified,,
LD008902,CMP0029,2026-01-22,qualified,,
LD008903,CMP0029,2026-01-23,NEW ,,
LD008904,CMP0029,2026-01-24,Won ,22800.0,2026-02-12
LD008905,CMP0029,2026-01-26,Lost,,2026-03-01
LD008906,CMP0029,2026-01-27,Qualified,,
LD008907,CMP0029,2026-01-28,qualified,,
LD008908,CMP0029,2026-01-28,NEW ,,
LD008909,CMP0029,2026-01-29,new,,
LD008910,CMP0029,2026-01-29,lost,,2026-02-12
LD008911,CMP0029,2026-01-30,Qualified,,
LD008912,CMP0029,2026-01-30,qualified,,
LD008913,CMP0029,2026-01-30,NEW ,,
LD008914,CMP0029,2026-01-30,NEW ,,
LD008915,CMP0029,2026-01-30,Qualified,,
LD008916,CMP0029,2026-01-30,new,,
LD008917,CMP0029,2026-01-31,New,,
LD008918,CMP0029,2026-01-31,New,,
LD008919,CMP0029,2026-02-01,qualified,,
LD008920,CMP0029,2026-02-04,LOST,,2026-02-14
LD008921,CMP0029,2026-02-05,lost,,2026-03-08
LD008922,CMP0029,2026-02-05,lost,,2026-02-21
LD008923,CMP0029,2026-02-05,Proposal,,
LD008924,CMP0029,2026-02-06,lost,,2026-03-14
LD008925,CMP0029,2026-02-08,New,,
LD008926,CMP0029,2026-02-08,New,,
LD008927,CMP0029,2026-02-08,new,,
LD008928,CMP0029,2026-02-09,proposal ,,
LD008929,CMP0029,2026-02-09,New,,
LD008930,CMP0029,2026-02-09,NEW ,,
LD008931,CMP0029,2026-02-10,Lost,,2026-03-11
LD008932,CMP0029,2026-02-11,Qualified,,
LD008933,CMP0029,2026-02-11,NEW ,,
LD008934,CMP0029,2026-02-11,New,,
LD008935,CMP0029,2026-02-11,NEW ,,
LD008936,CMP0029,2026-02-12,New,,
LD008937,CMP0029,2026-02-13,NEW ,,
LD008938,CMP0029,2026-02-15,qualified,,
LD008939,CMP0029,2026-02-15,lost,,2026-03-01
LD008940,CMP0029,2026-02-16,proposal ,,
LD008941,CMP0029,2026-02-16,Qualified,,
LD008942,CMP0029,2026-02-17,Lost,,2026-03-07
LD008943,CMP0029,2026-02-17,New,,
LD008944,CMP0029,2026-02-17,Qualified,,
LD008945,CMP0029,2026-02-19,New,,
LD008946,CMP0029,2026-02-20,Lost,,2026-04-01
LD008947,CMP0029,2026-02-20,Qualified,,
LD008948,CMP0029,2026-02-20,NEW ,,
LD008949,CMP0029,2026-02-22,NEW ,,
LD008950,CMP0029,2026-02-23,New,,
LD008951,CMP0029,2026-02-24,Lost,,2026-03-20
LD008952,CMP0029,2026-02-24,New,,
LD008953,CMP0029,2026-02-24,New,,
LD008954,CMP0029,2026-02-25,new,,
LD008955,CMP0029,2026-03-01,Qualified,,
LD008956,CMP0029,2026-03-03,qualified,,
LD008957,CMP0029,2026-03-04,qualified,,
LD008958,CMP0029,2026-03-04,qualified,,
LD008959,CMP0029,2026-03-05,Qualified,,
LD008960,CMP0029,2026-03-06,Lost,,2026-04-03
LD008961,CMP0029,2026-03-06,new,,
LD008962,CMP0029,2026-03-06,NEW ,,
LD008963,CMP0029,2026-03-07,lost,,2026-03-16
LD008964,CMP0029,2026-03-08,qualified,,
LD008965,CMP0029,2026-03-08,Lost,,2026-03-20
LD008966,CMP0029,2026-03-09,New,,
LD008967,CMP0029,2026-03-09,lost,,2026-03-22
LD008968,CMP0029,2026-03-09,Proposal,,
LD008969,CMP0029,2026-03-10,new,,
LD008970,CMP0029,2026-03-10,LOST,,2026-03-20
LD008971,CMP0029,2026-03-11,Proposal,,
LD008972,CMP0029,2026-03-13,LOST,,2026-04-11
LD008973,CMP0029,2026-03-13,Lost,,2026-03-29
LD008974,CMP0029,2026-03-14,LOST,,2026-04-19
LD008975,CMP0029,2026-03-15,lost,,2026-04-25
LD008976,CMP0029,2026-03-15,NEW ,,
LD008977,CMP0029,2026-03-15,new,,
LD008978,CMP0029,2026-03-16,NEW ,,
LD008979,CMP0029,2026-03-16,proposal ,,
LD008980,CMP0029,2026-03-17,qualified,,
LD008981,CMP0029,2026-03-17,qualified,,
LD008982,CMP0029,2026-03-18,Lost,,2026-05-01
LD008983,CMP0029,2026-03-18,new,,
LD008984,CMP0029,2026-03-18,Qualified,,
LD008985,CMP0029,2026-03-18,lost,,2026-04-13
LD008986,CMP0029,2026-03-18,lost,,2026-04-01
LD008987,CMP0029,2026-03-19,new,,
LD008988,CMP0029,2026-03-19,Lost,,2026-03-30
LD008989,CMP0029,2026-03-19,LOST,,2026-04-11
LD008990,CMP0029,2026-03-19,lost,,2026-04-27
LD008991,CMP0029,2026-03-21,lost,,2026-04-30
LD008992,CMP0029,2026-03-22,LOST,,2026-04-06
LD008993,CMP0029,2026-03-22,new,,
LD008994,CMP0029,2026-03-23,lost,,2026-04-15
LD008995,CMP0029,2026-03-23,New,,
LD008996,CMP0029,2026-03-25,lost,,2026-04-01
LD008997,CMP0029,2026-03-25,Lost,,2026-04-25
LD008998,CMP0029,2026-03-26,qualified,,
LD008999,CMP0029,2026-03-28,LOST,,2026-04-05
LD009000,CMP0029,2026-03-28,new,,
LD009001,CMP0029,2026-03-28,Lost,,2026-04-15
LD009002,CMP0029,2026-03-28,NEW ,,
LD009003,CMP0029,2026-03-29,new,,
LD009004,CMP0029,2026-03-29,NEW ,,
LD009005,CMP0029,2026-03-29,new,,
LD009006,CMP0029,2026-03-30,new,,
LD009007,CMP0029,2026-03-30,Proposal,,
LD009008,CMP0029,2026-03-30,New,,
LD009009,CMP0029,2026-03-30,LOST,,2026-04-19
LD009010,CMP0029,2026-03-30,lost,,2026-05-05
LD009011,CMP0029,2026-03-31,NEW ,,
LD009012,CMP0029,2026-04-01,Lost,,2026-04-25
LD009013,CMP0029,2026-04-03,Qualified,,
LD009014,CMP0029,2026-04-05,lost,,2026-05-06
LD009015,CMP0029,2026-04-05,NEW ,,
LD009016,CMP0029,2026-04-06,qualified,,
LD009017,CMP0029,2026-04-07,New,,
LD009018,CMP0029,2026-04-07,qualified,,
LD009019,CMP0029,2026-04-10,NEW ,,
LD009020,CMP0029,2026-04-10,LOST,,2026-04-23
LD009021,CMP0029,2026-04-10,qualified,,
LD009022,CMP0029,2026-04-10,lost,,2026-05-15
LD009023,CMP0029,2026-04-10,lost,,2026-04-24
LD009024,CMP0029,2026-04-12,NEW ,,
LD009025,CMP0029,2026-04-12,Qualified,,
LD009026,CMP0029,2026-04-13,New,,
LD009027,CMP0029,2026-04-16,Qualified,,
LD009028,CMP0029,2026-04-16,LOST,,2026-05-28
LD009029,CMP0029,2026-04-16,Lost,,2026-04-30
LD009030,CMP0029,2026-04-16,qualified,,
LD009031,CMP0029,2026-04-17,New,,
LD009032,CMP0029,2026-04-17,new,,
LD009033,CMP0029,2026-04-17,LOST,,2026-05-09
LD009034,CMP0029,2026-04-17,New,,
LD009035,CMP0029,2026-04-20,lost,,2026-05-14
LD009036,CMP0029,2026-04-22,New,,
LD009037,CMP0029,2026-04-23,LOST,,2026-05-28
LD009038,CMP0029,2026-04-23,NEW ,,
LD009039,CMP0029,2026-04-24,qualified,,
LD009040,CMP0029,2026-04-24,Proposal,,
LD009041,CMP0029,2026-04-26,new,,
LD009042,CMP0029,2026-04-26,NEW ,,
LD009043,CMP0029,2026-04-27,new,,
LD009044,CMP0029,2026-04-30,Lost,,2026-05-25
LD009045,CMP0029,2026-04-30,new,,
LD009046,CMP0029,2026-05-01,won,45300.0,2026-06-12
LD009047,CMP0029,2026-05-01,Qualified,,
LD009048,CMP0029,2026-05-01,Lost,,2026-06-08
LD009049,CMP0029,2026-05-02,New,,
LD009050,CMP0029,2026-05-02,Lost,,2026-05-17
LD009051,CMP0029,2026-05-02,LOST,,2026-05-22
LD009052,CMP0029,2026-05-04,new,,
LD009053,CMP0029,2026-05-04,Lost,,2026-05-17
LD009054,CMP0029,2026-05-05,lost,,2026-06-07
LD009055,CMP0029,2026-05-07,LOST,,2026-05-25
LD009056,CMP0029,2026-05-07,Qualified,,
LD009057,CMP0029,2026-05-07,LOST,,2026-05-22
LD009058,CMP0029,2026-05-07,NEW ,,
LD009059,CMP0029,2026-05-07,NEW ,,
LD009060,CMP0029,2026-05-08,new,,
LD009061,CMP0029,2026-05-09,new,,
LD009062,CMP0029,2026-05-11,NEW ,,
LD009063,CMP0029,2026-05-12,qualified,,
LD009064,CMP0029,2026-05-13,NEW ,,
LD009065,CMP0029,2026-05-13,Qualified,,
LD009066,CMP0029,2026-05-13,lost,,2026-06-17
LD009067,CMP0029,2026-05-13,New,,
LD009068,CMP0029,2026-05-13,Qualified,,
LD009069,CMP0029,2026-05-13,lost,,2026-05-22
LD009070,CMP0029,2026-05-13,new,,
LD009071,CMP0029,2026-05-14,LOST,,2026-06-02
LD009072,CMP0029,2026-05-14,New,,
LD009073,CMP0029,2026-05-15,new,,
LD009074,CMP0029,2026-05-15,NEW ,,
LD009075,CMP0029,2026-05-16,NEW ,,
LD009076,CMP0029,2026-05-16,LOST,,2026-06-12
LD009077,CMP0029,2026-05-17,qualified,,
LD009078,CMP0029,2026-05-17,LOST,,2026-05-28
LD009079,CMP0029,2026-05-18,NEW ,,
LD009080,CMP0029,2026-05-19,Qualified,,
LD009081,CMP0029,2026-05-20,qualified,,
LD009082,CMP0029,2026-05-20,Qualified,,
LD009083,CMP0029,2026-05-20,Qualified,,
LD009084,CMP0029,2026-05-20,LOST,,2026-06-15
LD009085,CMP0029,2026-05-21,proposal ,,
LD009086,CMP0029,2026-05-21,Won ,64400.0,2026-07-05
LD009087,CMP0029,2026-05-22,Lost,,2026-07-05
LD009088,CMP0029,2026-05-22,new,,
LD009089,CMP0029,2026-05-22,Lost,,2026-06-12
LD009090,CMP0029,2026-05-22,new,,
LD009091,CMP0029,2026-05-24,NEW ,,
LD009092,CMP0029,2026-05-25,qualified,,
LD009093,CMP0029,2026-05-25,Lost,,2026-06-27
LD009094,CMP0029,2026-05-25,NEW ,,
LD009095,CMP0029,2026-05-26,LOST,,2026-06-20
LD009096,CMP0029,2026-05-26,lost,,2026-07-03
LD009097,CMP0029,2026-05-26,lost,,2026-06-02
LD009098,CMP0029,2026-05-26,Lost,,2026-06-18
LD009099,CMP0029,2026-05-26,Proposal,,
LD009100,CMP0029,2026-05-28,Qualified,,
LD009101,CMP0029,2026-05-28,LOST,,2026-06-20
LD009102,CMP0029,2026-05-29,Won,43900.0,2026-07-06
LD009103,CMP0029,2026-05-31,new,,
LD009104,CMP0029,2026-06-02,new,,
LD009105,CMP0029,2026-06-02,won,44300.0,2026-07-12
LD009106,CMP0029,2026-06-02,NEW ,,
LD009107,CMP0029,2026-06-03,lost,,2026-07-07
LD009108,CMP0029,2026-06-05,Lost,,2026-07-19
LD009109,CMP0029,2026-06-05,NEW ,,
LD009110,CMP0029,2026-06-05,New,,
LD009111,CMP0029,2026-06-05,Lost,,2026-07-09
LD009112,CMP0029,2026-06-06,new,,
LD009113,CMP0029,2026-06-08,New,,
LD009114,CMP0029,2026-06-09,proposal ,,
LD009115,CMP0029,2026-06-09,qualified,,
LD009116,CMP0029,2026-06-10,lost,,2026-07-20
LD009117,CMP0029,2026-06-11,Qualified,,
LD009118,CMP0029,2026-06-12,new,,
LD009119,CMP0029,2026-06-12,NEW ,,
LD009120,CMP0029,2026-06-13,LOST,,2026-07-18
LD009121,CMP0029,2026-06-13,Qualified,,
LD009122,CMP0029,2026-06-14,Qualified,,
LD009123,CMP0029,2026-06-15,LOST,,2026-06-24
LD009124,CMP0029,2026-06-16,Proposal,,
LD009125,CMP0029,2026-06-17,Qualified,,
LD009126,CMP0029,2026-06-17,qualified,,
LD009127,CMP0029,2026-06-17,LOST,,2026-06-29
LD009128,CMP0029,2026-06-17,lost,,2026-07-14
LD009129,CMP0029,2026-06-17,Lost,,2026-07-02
LD009130,CMP0029,2026-06-18,Proposal,,
LD009131,CMP0029,2026-06-18,qualified,,
LD009132,CMP0029,2026-06-18,lost,,2026-07-28
LD009133,CMP0029,2026-06-19,LOST,,2026-07-09
LD009134,CMP0029,2026-06-19,New,,
LD009135,CMP0029,2026-06-19,LOST,,2026-06-30
LD009136,CMP0029,2026-06-19,lost,,2026-07-12
LD009137,CMP0029,2026-06-19,LOST,,2026-07-03
LD009138,CMP0029,2026-06-19,new,,
LD009139,CMP0029,2026-06-20,lost,,2026-07-28
LD009140,CMP0029,2026-06-20,Lost,,2026-07-25
LD009141,CMP0029,2026-06-20,new,,
LD009142,CMP0029,2026-06-22,new,,
LD009143,CMP0029,2026-06-23,lost,,2026-07-08
LD009144,CMP0029,2026-06-23,qualified,,
LD009145,CMP0029,2026-06-23,qualified,,
LD009146,CMP0029,2026-06-23,lost,,2026-07-24
LD009147,CMP0029,2026-06-23,Won,51300.0,2026-08-07
LD009148,CMP0029,2026-06-24,New,,
LD009149,CMP0029,2026-06-24,lost,,2026-07-24
LD009150,CMP0029,2026-06-25,Lost,,2026-07-08
LD009151,CMP0029,2026-06-25,NEW ,,
LD009152,CMP0029,2026-06-26,New,,
LD009153,CMP0029,2026-06-27,qualified,,
LD009154,CMP0029,2026-06-27,Qualified,,
LD009155,CMP0029,2026-06-28,lost,,2026-07-22
LD009156,CMP0029,2026-07-01,qualified,,
LD009157,CMP0029,2026-07-01,New,,
LD009158,CMP0029,2026-07-01,LOST,,2026-07-20
LD009159,CMP0029,2026-07-02,new,,
LD009160,CMP0029,2026-07-02,LOST,,2026-08-01
LD009161,CMP0029,2026-07-03,New,,
LD009162,CMP0029,2026-07-06,Qualified,,
LD009163,CMP0029,2026-07-07,Qualified,,
LD009164,CMP0029,2026-07-07,New,,
LD009165,CMP0029,2026-07-08,qualified,,
LD009166,CMP0029,2026-07-09,qualified,,
LD009167,CMP0029,2026-07-11,new,,
LD009168,CMP0029,2026-07-12,Qualified,,
LD009169,CMP0029,2026-07-13,New,,
LD009170,CMP0029,2026-07-13,qualified,,
LD009171,CMP0030,2025-12-08,qualified,,
LD009172,CMP0030,2025-12-09,NEW ,,
LD009173,CMP0030,2025-12-09,qualified,,
LD009174,CMP0030,2025-12-10,LOST,,2025-12-19
LD009175,CMP0030,2025-12-10,New,,
LD009176,CMP0030,2025-12-10,qualified,,
LD009177,CMP0030,2025-12-11,proposal ,,
LD009178,CMP0030,2025-12-11,NEW ,,
LD009179,CMP0030,2025-12-11,Lost,,2026-01-05
LD009180,CMP0030,2025-12-11,Lost,,2026-01-23
LD009181,CMP0030,2025-12-12,LOST,,2025-12-27
LD009182,CMP0030,2025-12-12,qualified,,
LD009183,CMP0030,2025-12-12,LOST,,2025-12-19
LD009184,CMP0030,2025-12-12,new,,
LD009185,CMP0030,2025-12-14,Won ,37700.0,2026-02-03
LD009186,CMP0030,2025-12-14,LOST,,2026-01-19
LD009187,CMP0030,2025-12-14,Lost,,2026-01-08
LD009188,CMP0030,2025-12-14,LOST,,2026-01-13
LD009189,CMP0030,2025-12-14,lost,,2025-12-22
LD009190,CMP0030,2025-12-15,LOST,,2026-01-28
LD009191,CMP0030,2025-12-15,NEW ,,
LD009192,CMP0030,2025-12-16,Won,36500.0,2026-01-14
LD009193,CMP0030,2025-12-16,Qualified,,
LD009194,CMP0030,2025-12-16,LOST,,2026-01-14
LD009195,CMP0030,2025-12-18,Qualified,,
LD009196,CMP0030,2025-12-18,New,,
LD009197,CMP0030,2025-12-18,Qualified,,
LD009198,CMP0030,2025-12-19,New,,
LD009199,CMP0030,2025-12-19,lost,,2026-01-26
LD009200,CMP0030,2025-12-19,Qualified,,
LD009201,CMP0030,2025-12-19,Lost,,2026-01-29
LD009202,CMP0030,2025-12-20,LOST,,2026-01-15
LD009203,CMP0030,2025-12-20,LOST,,2026-01-10
LD009204,CMP0030,2025-12-20,Proposal,,
LD009205,CMP0030,2025-12-21,LOST,,2026-01-12
LD009206,CMP0030,2025-12-22,LOST,,2026-01-30
LD009207,CMP0030,2025-12-23,new,,
LD009208,CMP0030,2025-12-23,Qualified,,
LD009209,CMP0030,2025-12-23,LOST,,2026-01-10
LD009210,CMP0030,2025-12-23,Qualified,,
LD009211,CMP0030,2025-12-23,LOST,,2026-01-21
LD009212,CMP0030,2025-12-23,lost,,2026-01-22
LD009213,CMP0030,2025-12-24,Qualified,,
LD009214,CMP0030,2025-12-24,New,,
LD009215,CMP0030,2025-12-24,lost,,2026-01-10
LD009216,CMP0030,2025-12-24,New,,
LD009217,CMP0030,2025-12-25,Lost,,2026-01-21
LD009218,CMP0030,2025-12-25,NEW ,,
LD009219,CMP0030,2025-12-25,Lost,,2026-01-12
LD009220,CMP0030,2025-12-26,new,,
LD009221,CMP0030,2025-12-28,lost,,2026-01-28
LD009222,CMP0030,2025-12-28,NEW ,,
LD009223,CMP0030,2025-12-29,Lost,,2026-02-11
LD009224,CMP0030,2025-12-29,proposal ,,
LD009225,CMP0030,2025-12-29,lost,,2026-02-01
LD009226,CMP0030,2025-12-30,NEW ,,
LD009227,CMP0030,2025-12-31,LOST,,2026-01-21
LD009228,CMP0030,2025-12-31,Qualified,,
LD009229,CMP0030,2025-12-31,lost,,2026-01-14
LD009230,CMP0030,2026-01-01,LOST,,2026-02-14
LD009231,CMP0030,2026-01-01,proposal ,,
LD009232,CMP0030,2026-01-02,New,,
LD009233,CMP0030,2026-01-02,new,,
LD009234,CMP0030,2026-01-02,proposal ,,
LD009235,CMP0030,2026-01-03,qualified,,
LD009236,CMP0030,2026-01-03,new,,
LD009237,CMP0030,2026-01-04,Won ,35200.0,2026-02-22
LD009238,CMP0030,2026-01-05,Proposal,,
LD009239,CMP0030,2026-01-05,New,,
LD009240,CMP0030,2026-01-05,Lost,,2026-01-31
LD009241,CMP0030,2026-01-05,NEW ,,
LD009242,CMP0030,2026-01-06,won,60500.0,2026-02-21
LD009243,CMP0030,2026-01-06,qualified,,
LD009244,CMP0030,2026-01-07,LOST,,2026-02-06
LD009245,CMP0030,2026-01-07,new,,
LD009246,CMP0030,2026-01-07,Proposal,,
LD009247,CMP0030,2026-01-07,qualified,,
LD009248,CMP0030,2026-01-08,qualified,,
LD009249,CMP0030,2026-01-08,proposal ,,
LD009250,CMP0030,2026-01-10,proposal ,,
LD009251,CMP0030,2026-01-10,qualified,,
LD009252,CMP0030,2026-01-10,new,,
LD009253,CMP0030,2026-01-10,qualified,,
LD009254,CMP0030,2026-01-11,Lost,,2026-02-07
LD009255,CMP0030,2026-01-12,qualified,,
LD009256,CMP0030,2026-01-12,qualified,,
LD009257,CMP0030,2026-01-13,new,,
LD009258,CMP0030,2026-01-14,Lost,,2026-01-21
LD009259,CMP0030,2026-01-14,WON,16000.0,2026-03-10
LD009260,CMP0030,2026-01-14,lost,,2026-01-23
LD009261,CMP0030,2026-01-15,LOST,,2026-02-21
LD009262,CMP0030,2026-01-15,proposal ,,
LD009263,CMP0030,2026-01-15,Proposal,,
LD009264,CMP0030,2026-01-15,NEW ,,
LD009265,CMP0030,2026-01-16,NEW ,,
LD009266,CMP0030,2026-01-16,Qualified,,
LD009267,CMP0030,2026-01-16,Qualified,,
LD009268,CMP0030,2026-01-16,lost,,2026-02-10
LD009269,CMP0030,2026-01-16,qualified,,
LD009270,CMP0030,2026-01-17,lost,,2026-01-31
LD009271,CMP0030,2026-01-17,New,,
LD009272,CMP0030,2026-01-17,lost,,2026-02-17
LD009273,CMP0030,2026-01-18,lost,,2026-01-27
LD009274,CMP0030,2026-01-18,LOST,,2026-02-13
LD009275,CMP0030,2026-01-19,LOST,,2026-02-12
LD009276,CMP0030,2026-01-19,lost,,2026-02-02
LD009277,CMP0030,2026-01-20,lost,,2026-02-07
LD009278,CMP0030,2026-01-20,LOST,,2026-03-04
LD009279,CMP0030,2026-01-20,New,,
LD009280,CMP0030,2026-01-20,qualified,,
LD009281,CMP0030,2026-01-21,NEW ,,
LD009282,CMP0030,2026-01-21,lost,,2026-02-21
LD009283,CMP0030,2026-01-21,New,,
LD009284,CMP0030,2026-01-21,New,,
LD009285,CMP0030,2026-01-22,new,,
LD009286,CMP0030,2026-01-23,New,,
LD009287,CMP0030,2026-01-23,New,,
LD009288,CMP0030,2026-01-23,Qualified,,
LD009289,CMP0030,2026-01-23,LOST,,2026-02-21
LD009290,CMP0030,2026-01-24,Qualified,,
LD009291,CMP0030,2026-01-26,qualified,,
LD009292,CMP0030,2026-01-27,Lost,,2026-03-06
LD009293,CMP0030,2026-01-27,qualified,,
LD009294,CMP0030,2026-01-27,won,59500.0,2026-02-16
LD009295,CMP0030,2026-01-28,New,,
LD009296,CMP0030,2026-01-29,proposal ,,
LD009297,CMP0030,2026-01-29,qualified,,
LD009298,CMP0030,2026-01-30,Qualified,,
LD009299,CMP0030,2026-01-30,lost,,2026-02-24
LD009300,CMP0030,2026-01-30,LOST,,2026-03-09
LD009301,CMP0030,2026-01-30,new,,
LD009302,CMP0030,2026-01-30,lost,,2026-02-12
LD009303,CMP0030,2026-01-31,Lost,,2026-03-11
LD009304,CMP0030,2026-01-31,Qualified,,
LD009305,CMP0030,2026-01-31,proposal ,,
LD009306,CMP0030,2026-01-31,won,32100.0,2026-03-26
LD009307,CMP0030,2026-01-31,lost,,2026-03-08
LD009308,CMP0030,2026-01-31,qualified,,
LD009309,CMP0030,2026-01-31,proposal ,,
LD009310,CMP0030,2026-01-31,Qualified,,
LD009311,CMP0030,2026-02-01,New,,
LD009312,CMP0030,2026-02-01,Lost,,2026-03-17
LD009313,CMP0030,2026-02-02,New,,
LD009314,CMP0030,2026-02-02,qualified,,
LD009315,CMP0030,2026-02-03,lost,,2026-02-11
LD009316,CMP0030,2026-02-03,NEW ,,
LD009317,CMP0030,2026-02-03,lost,,2026-02-13
LD009318,CMP0030,2026-02-03,Qualified,,
LD009319,CMP0030,2026-02-03,Lost,,2026-02-23
LD009320,CMP0030,2026-02-03,qualified,,
LD009321,CMP0030,2026-02-04,new,,
LD009322,CMP0030,2026-02-04,qualified,,
LD009323,CMP0030,2026-02-06,Lost,,2026-03-20
LD009324,CMP0030,2026-02-06,Lost,,2026-03-15
LD009325,CMP0030,2026-02-06,LOST,,2026-03-16
LD009326,CMP0030,2026-02-06,Qualified,,
LD009327,CMP0030,2026-02-07,Qualified,,
LD009328,CMP0030,2026-02-07,New,,
LD009329,CMP0030,2026-02-08,NEW ,,
LD009330,CMP0030,2026-02-09,Proposal,,
LD009331,CMP0030,2026-02-09,Lost,,2026-03-08
LD009332,CMP0030,2026-02-10,LOST,,2026-02-26
LD009333,CMP0030,2026-02-11,New,,
LD009334,CMP0030,2026-02-11,lost,,2026-03-13
LD009335,CMP0030,2026-02-12,Proposal,,
LD009336,CMP0030,2026-02-12,lost,,2026-03-15
LD009337,CMP0030,2026-02-12,Lost,,2026-03-01
LD009338,CMP0030,2026-02-13,qualified,,
LD009339,CMP0030,2026-02-13,New,,
LD009340,CMP0030,2026-02-14,lost,,2026-02-22
LD009341,CMP0030,2026-02-14,new,,
LD009342,CMP0030,2026-02-14,new,,
LD009343,CMP0030,2026-02-14,proposal ,,
LD009344,CMP0030,2026-02-15,LOST,,2026-03-24
LD009345,CMP0030,2026-02-16,LOST,,2026-02-24
LD009346,CMP0030,2026-02-16,qualified,,
LD009347,CMP0030,2026-02-17,won,55100.0,2026-03-18
LD009348,CMP0030,2026-02-17,lost,,2026-03-14
LD009349,CMP0030,2026-02-18,qualified,,
LD009350,CMP0030,2026-02-18,Qualified,,
LD009351,CMP0030,2026-02-19,Proposal,,
LD009352,CMP0030,2026-02-19,Lost,,2026-03-18
LD009353,CMP0030,2026-02-20,qualified,,
LD009354,CMP0030,2026-02-20,New,,
LD009355,CMP0030,2026-02-20,lost,,2026-03-25
LD009356,CMP0030,2026-02-21,won,56300.0,2026-04-02
LD009357,CMP0030,2026-02-22,Lost,,2026-03-13
LD009358,CMP0030,2026-02-22,new,,
LD009359,CMP0030,2026-02-22,New,,
LD009360,CMP0030,2026-02-22,LOST,,2026-03-15
LD009361,CMP0030,2026-02-23,LOST,,2026-03-27
LD009362,CMP0030,2026-02-23,qualified,,
LD009363,CMP0030,2026-02-23,New,,
LD009364,CMP0030,2026-02-24,qualified,,
LD009365,CMP0030,2026-02-24,qualified,,
LD009366,CMP0030,2026-02-24,Won,37400.0,2026-04-04
LD009367,CMP0030,2026-02-25,LOST,,2026-03-27
LD009368,CMP0030,2026-02-25,New,,
LD009369,CMP0030,2026-02-25,LOST,,2026-03-11
LD009370,CMP0030,2026-02-25,qualified,,
LD009371,CMP0030,2026-02-26,new,,
LD009372,CMP0030,2026-02-27,Lost,,2026-03-27
LD009373,CMP0030,2026-02-27,lost,,2026-03-31
LD009374,CMP0030,2026-02-27,Lost,,2026-04-11
LD009375,CMP0030,2026-02-28,Lost,,2026-03-16
LD009376,CMP0030,2026-02-28,new,,
LD009377,CMP0030,2026-02-28,qualified,,
LD009378,CMP0030,2026-03-01,new,,
LD009379,CMP0030,2026-03-01,Qualified,,
LD009380,CMP0030,2026-03-02,New,,
LD009381,CMP0030,2026-03-02,Lost,,2026-03-31
LD009382,CMP0030,2026-03-02,Qualified,,
LD009383,CMP0030,2026-03-02,lost,,2026-03-22
LD009384,CMP0030,2026-03-02,Qualified,,
LD009385,CMP0030,2026-03-03,lost,,2026-04-16
LD009386,CMP0030,2026-03-03,NEW ,,
LD009387,CMP0030,2026-03-03,New,,
LD009388,CMP0030,2026-03-03,new,,
LD009389,CMP0030,2026-03-04,NEW ,,
LD009390,CMP0030,2026-03-04,New,,
LD009391,CMP0030,2026-03-05,proposal ,,
LD009392,CMP0030,2026-03-06,new,,
LD009393,CMP0030,2026-03-06,New,,
LD009394,CMP0030,2026-03-06,New,,
LD009395,CMP0030,2026-03-06,New,,
LD009396,CMP0030,2026-03-06,lost,,2026-04-05
LD009397,CMP0030,2026-03-07,Lost,,2026-04-15
LD009398,CMP0030,2026-03-07,new,,
LD009399,CMP0030,2026-03-08,qualified,,
LD009400,CMP0030,2026-03-09,lost,,2026-04-14
LD009401,CMP0030,2026-03-09,qualified,,
LD009402,CMP0030,2026-03-09,Qualified,,
LD009403,CMP0030,2026-03-10,lost,,2026-04-05
LD009404,CMP0030,2026-03-10,New,,
LD009405,CMP0030,2026-03-10,qualified,,
LD009406,CMP0030,2026-03-10,proposal ,,
LD009407,CMP0030,2026-03-10,LOST,,2026-03-26
LD009408,CMP0030,2026-03-10,lost,,2026-04-10
LD009409,CMP0030,2026-03-11,new,,
LD009410,CMP0030,2026-03-11,NEW ,,
LD009411,CMP0030,2026-03-11,new,,
LD009412,CMP0030,2026-03-11,New,,
LD009413,CMP0030,2026-03-11,NEW ,,
LD009414,CMP0030,2026-03-13,lost,,2026-04-21
LD009415,CMP0030,2026-03-13,lost,,2026-03-20
LD009416,CMP0030,2026-03-13,Qualified,,
LD009417,CMP0030,2026-03-14,lost,,2026-03-24
LD009418,CMP0030,2026-03-14,New,,
LD009419,CMP0030,2026-03-15,New,,
LD009420,CMP0030,2026-03-15,New,,
LD009421,CMP0030,2026-03-15,New,,
LD009422,CMP0030,2026-03-15,Proposal,,
LD009423,CMP0030,2026-03-16,Won ,54200.0,2026-05-05
LD009424,CMP0030,2026-03-16,lost,,2026-03-27
LD009425,CMP0030,2026-03-17,Lost,,2026-04-16
LD009426,CMP0030,2026-03-17,qualified,,
LD009427,CMP0030,2026-03-17,Lost,,2026-04-04
LD009428,CMP0030,2026-03-18,LOST,,2026-04-18
LD009429,CMP0030,2026-03-19,Lost,,2026-04-12
LD009430,CMP0030,2026-03-20,new,,
LD009431,CMP0030,2026-03-21,qualified,,
LD009432,CMP0030,2026-03-21,Qualified,,
LD009433,CMP0030,2026-03-21,Qualified,,
LD009434,CMP0030,2026-03-22,Proposal,,
LD009435,CMP0030,2026-03-23,qualified,,
LD009436,CMP0030,2026-03-23,New,,
LD009437,CMP0030,2026-03-23,qualified,,
LD009438,CMP0030,2026-03-23,Proposal,,
LD009439,CMP0030,2026-03-24,New,,
LD009440,CMP0030,2026-03-24,lost,,2026-04-02
LD009441,CMP0030,2026-03-24,qualified,,
LD009442,CMP0030,2026-03-24,new,,
LD009443,CMP0030,2026-03-24,new,,
LD009444,CMP0030,2026-03-24,new,,
LD009445,CMP0030,2026-03-25,qualified,,
LD009446,CMP0030,2026-03-25,New,,
LD009447,CMP0030,2026-03-25,Lost,,2026-04-22
LD009448,CMP0030,2026-03-26,Qualified,,
LD009449,CMP0030,2026-03-26,NEW ,,
LD009450,CMP0030,2026-03-26,New,,
LD009451,CMP0030,2026-03-27,Lost,,2026-04-20
LD009452,CMP0030,2026-03-27,qualified,,
LD009453,CMP0030,2026-03-27,NEW ,,
LD009454,CMP0030,2026-03-28,Proposal,,
LD009455,CMP0030,2026-03-28,Qualified,,
LD009456,CMP0030,2026-03-29,new,,
LD009457,CMP0030,2026-03-29,NEW ,,
LD009458,CMP0030,2026-03-29,NEW ,,
LD009459,CMP0030,2026-03-30,Qualified,,
LD009460,CMP0030,2026-03-30,LOST,,2026-05-08
LD009461,CMP0030,2026-03-30,qualified,,
LD009462,CMP0030,2026-03-31,qualified,,
LD009463,CMP0030,2026-03-31,New,,
LD009464,CMP0030,2026-03-31,NEW ,,
LD009465,CMP0030,2026-04-01,New,,
LD009466,CMP0030,2026-04-01,Qualified,,
LD009467,CMP0030,2026-04-01,qualified,,
LD009468,CMP0030,2026-04-01,Qualified,,
LD009469,CMP0030,2026-04-02,Lost,,2026-04-30
LD009470,CMP0030,2026-04-02,Lost,,2026-05-14
LD009471,CMP0030,2026-04-02,LOST,,2026-05-11
LD009472,CMP0030,2026-04-03,Qualified,,
LD009473,CMP0030,2026-04-04,lost,,2026-04-14
LD009474,CMP0030,2026-04-05,LOST,,2026-04-22
LD009475,CMP0030,2026-04-05,Won,28300.0,2026-05-22
LD009476,CMP0030,2026-04-05,qualified,,
LD009477,CMP0030,2026-04-06,new,,
LD009478,CMP0030,2026-04-06,Qualified,,
LD009479,CMP0030,2026-04-06,New,,
LD009480,CMP0030,2026-04-06,LOST,,2026-05-09
LD009481,CMP0030,2026-04-06,lost,,2026-04-20
LD009482,CMP0030,2026-04-06,Qualified,,
LD009483,CMP0030,2026-04-06,NEW ,,
LD009484,CMP0030,2026-04-07,New,,
LD009485,CMP0030,2026-04-07,Qualified,,
LD009486,CMP0030,2026-04-08,Qualified,,
LD009487,CMP0030,2026-04-08,NEW ,,
LD009488,CMP0030,2026-04-09,Proposal,,
LD009489,CMP0030,2026-04-09,New,,
LD009490,CMP0030,2026-04-09,Qualified,,
LD009491,CMP0030,2026-04-09,Lost,,2026-05-20
LD009492,CMP0030,2026-04-10,Qualified,,
LD009493,CMP0030,2026-04-10,qualified,,
LD009494,CMP0030,2026-04-10,lost,,2026-04-22
LD009495,CMP0030,2026-04-11,qualified,,
LD009496,CMP0030,2026-04-12,New,,
LD009497,CMP0030,2026-04-12,NEW ,,
LD009498,CMP0030,2026-04-12,new,,
LD009499,CMP0030,2026-04-12,NEW ,,
LD009500,CMP0030,2026-04-12,lost,,2026-04-28
LD009501,CMP0030,2026-04-13,LOST,,2026-05-03
LD009502,CMP0030,2026-04-13,New,,
LD009503,CMP0030,2026-04-13,qualified,,
LD009504,CMP0030,2026-04-13,Lost,,2026-05-08
LD009505,CMP0030,2026-04-13,NEW ,,
LD009506,CMP0030,2026-04-13,Proposal,,
LD009507,CMP0030,2026-04-13,New,,
LD009508,CMP0030,2026-04-13,NEW ,,
LD009509,CMP0030,2026-04-14,lost,,2026-04-23
LD009510,CMP0030,2026-04-14,LOST,,2026-04-28
LD009511,CMP0030,2026-04-14,Qualified,,
LD009512,CMP0030,2026-04-15,LOST,,2026-05-15
LD009513,CMP0030,2026-04-15,LOST,,2026-05-10
LD009514,CMP0030,2026-04-16,New,,
LD009515,CMP0030,2026-04-16,Lost,,2026-05-11
LD009516,CMP0030,2026-04-16,qualified,,
LD009517,CMP0030,2026-04-16,new,,
LD009518,CMP0030,2026-04-16,Proposal,,
LD009519,CMP0030,2026-04-16,new,,
LD009520,CMP0030,2026-04-16,lost,,2026-05-11
LD009521,CMP0030,2026-04-17,Qualified,,
LD009522,CMP0030,2026-04-18,New,,
LD009523,CMP0030,2026-04-18,Lost,,2026-04-28
LD009524,CMP0030,2026-04-18,LOST,,2026-05-13
LD009525,CMP0030,2026-04-18,new,,
LD009526,CMP0030,2026-04-19,New,,
LD009527,CMP0030,2026-04-19,qualified,,
LD009528,CMP0030,2026-04-19,Won,35200.0,2026-05-29
LD009529,CMP0030,2026-04-20,lost,,2026-05-07
LD009530,CMP0030,2026-04-21,Lost,,2026-05-04
LD009531,CMP0030,2026-04-21,LOST,,2026-05-11
LD009532,CMP0030,2026-04-21,lost,,2026-05-13
LD009533,CMP0030,2026-04-21,new,,
LD009534,CMP0030,2026-04-21,qualified,,
LD009535,CMP0030,2026-04-22,lost,,2026-05-09
LD009536,CMP0030,2026-04-22,Won ,41400.0,2026-05-27
LD009537,CMP0030,2026-04-22,Lost,,2026-06-05
LD009538,CMP0030,2026-04-22,NEW ,,
LD009539,CMP0030,2026-04-23,won,56200.0,2026-05-20
LD009540,CMP0030,2026-04-23,qualified,,
LD009541,CMP0030,2026-04-23,Qualified,,
LD009542,CMP0030,2026-04-24,lost,,2026-05-29
LD009543,CMP0030,2026-04-24,proposal ,,
LD009544,CMP0030,2026-04-24,qualified,,
LD009545,CMP0030,2026-04-24,NEW ,,
LD009546,CMP0030,2026-04-24,lost,,2026-05-10
LD009547,CMP0030,2026-04-25,NEW ,,
LD009548,CMP0030,2026-04-26,Qualified,,
LD009549,CMP0030,2026-04-26,Lost,,2026-05-21
LD009550,CMP0030,2026-04-27,NEW ,,
LD009551,CMP0030,2026-04-27,new,,
LD009552,CMP0030,2026-04-27,Qualified,,
LD009553,CMP0030,2026-04-27,Lost,,2026-05-20
LD009554,CMP0030,2026-04-27,NEW ,,
LD009555,CMP0030,2026-04-28,new,,
LD009556,CMP0030,2026-04-28,new,,
LD009557,CMP0030,2026-04-28,LOST,,2026-05-10
LD009558,CMP0030,2026-04-29,lost,,2026-05-09
LD009559,CMP0030,2026-04-29,Qualified,,
LD009560,CMP0030,2026-04-29,NEW ,,
LD009561,CMP0030,2026-05-01,lost,,2026-05-28
LD009562,CMP0030,2026-05-02,LOST,,2026-06-04
LD009563,CMP0030,2026-05-02,qualified,,
LD009564,CMP0030,2026-05-02,Lost,,2026-06-13
LD009565,CMP0030,2026-05-03,Lost,,2026-05-31
LD009566,CMP0030,2026-05-03,LOST,,2026-05-13
LD009567,CMP0030,2026-05-03,New,,
LD009568,CMP0030,2026-05-03,New,,
LD009569,CMP0030,2026-05-04,Qualified,,
LD009570,CMP0030,2026-05-04,Lost,,2026-05-12
LD009571,CMP0030,2026-05-04,Qualified,,
LD009572,CMP0030,2026-05-05,New,,
LD009573,CMP0030,2026-05-05,new,,
LD009574,CMP0030,2026-05-05,qualified,,
LD009575,CMP0030,2026-05-05,WON,37400.0,2026-06-17
LD009576,CMP0030,2026-05-06,lost,,2026-05-15
LD009577,CMP0030,2026-05-06,Qualified,,
LD009578,CMP0030,2026-05-06,Lost,,2026-06-10
LD009579,CMP0030,2026-05-07,New,,
LD009580,CMP0030,2026-05-07,lost,,2026-06-01
LD009581,CMP0030,2026-05-07,Lost,,2026-06-01
LD009582,CMP0030,2026-05-08,NEW ,,
LD009583,CMP0030,2026-05-09,Qualified,,
LD009584,CMP0030,2026-05-09,New,,
LD009585,CMP0030,2026-05-09,LOST,,2026-06-14
LD009586,CMP0030,2026-05-10,qualified,,
LD009587,CMP0030,2026-05-11,lost,,2026-06-10
LD009588,CMP0030,2026-05-11,proposal ,,
LD009589,CMP0030,2026-05-11,Qualified,,
LD009590,CMP0030,2026-05-13,Lost,,2026-06-22
LD009591,CMP0030,2026-05-13,Proposal,,
LD009592,CMP0030,2026-05-14,Qualified,,
LD009593,CMP0030,2026-05-15,LOST,,2026-05-24
LD009594,CMP0030,2026-05-15,Won ,34500.0,2026-06-27
LD009595,CMP0030,2026-05-15,LOST,,2026-05-25
LD009596,CMP0030,2026-05-16,New,,
LD009597,CMP0030,2026-05-16,NEW ,,
LD009598,CMP0030,2026-05-16,Lost,,2026-06-27
LD009599,CMP0030,2026-05-16,Qualified,,
LD009600,CMP0030,2026-05-16,New,,
LD009601,CMP0030,2026-05-16,Lost,,2026-06-21
LD009602,CMP0030,2026-05-17,proposal ,,
LD009603,CMP0030,2026-05-17,NEW ,,
LD009604,CMP0030,2026-05-17,qualified,,
LD009605,CMP0030,2026-05-18,Qualified,,
LD009606,CMP0030,2026-05-18,WON,25700.0,2026-07-08
LD009607,CMP0030,2026-05-18,qualified,,
LD009608,CMP0030,2026-05-19,NEW ,,
LD009609,CMP0030,2026-05-19,LOST,,2026-06-16
LD009610,CMP0030,2026-05-20,NEW ,,
LD009611,CMP0030,2026-05-20,NEW ,,
LD009612,CMP0030,2026-05-21,qualified,,
LD009613,CMP0030,2026-05-21,Qualified,,
LD009614,CMP0030,2026-05-22,proposal ,,
LD009615,CMP0030,2026-05-22,Qualified,,
LD009616,CMP0030,2026-05-23,LOST,,2026-06-15
LD009617,CMP0030,2026-05-24,lost,,2026-06-27
LD009618,CMP0030,2026-05-25,Won,37500.0,2026-06-20
LD009619,CMP0030,2026-05-25,qualified,,
LD009620,CMP0030,2026-05-25,Qualified,,
LD009621,CMP0030,2026-05-25,New,,
LD009622,CMP0030,2026-05-25,LOST,,2026-06-04
LD009623,CMP0030,2026-05-26,new,,
LD009624,CMP0030,2026-05-26,New,,
LD009625,CMP0030,2026-05-26,Proposal,,
LD009626,CMP0030,2026-05-26,won,33700.0,2026-07-03
LD009627,CMP0030,2026-05-27,New,,
LD009628,CMP0030,2026-05-27,LOST,,2026-07-03
LD009629,CMP0030,2026-05-27,new,,
LD009630,CMP0030,2026-05-28,lost,,2026-06-06
LD009631,CMP0030,2026-05-28,new,,
LD009632,CMP0030,2026-05-28,new,,
LD009633,CMP0030,2026-05-28,new,,
LD009634,CMP0030,2026-05-29,Qualified,,
LD009635,CMP0030,2026-05-29,LOST,,2026-06-06
LD009636,CMP0030,2026-05-31,Won,63900.0,2026-07-14
LD009637,CMP0030,2026-05-31,LOST,,2026-06-29
LD009638,CMP0030,2026-05-31,LOST,,2026-07-13
LD009639,CMP0030,2026-06-01,NEW ,,
LD009640,CMP0030,2026-06-01,new,,
LD009641,CMP0030,2026-06-01,lost,,2026-07-08
LD009642,CMP0030,2026-06-01,NEW ,,
LD009643,CMP0030,2026-06-01,Qualified,,
LD009644,CMP0030,2026-06-01,qualified,,
LD009645,CMP0030,2026-06-02,qualified,,
LD009646,CMP0030,2026-06-02,New,,
LD009647,CMP0030,2026-06-03,new,,
LD009648,CMP0030,2026-06-03,New,,
LD009649,CMP0030,2026-06-04,LOST,,2026-06-28
LD009650,CMP0030,2026-06-04,Qualified,,
LD009651,CMP0030,2026-06-04,Lost,,2026-07-15
LD009652,CMP0030,2026-06-04,NEW ,,
LD009653,CMP0030,2026-06-04,NEW ,,
LD009654,CMP0030,2026-06-05,Qualified,,
LD009655,CMP0030,2026-06-05,qualified,,
LD009656,CMP0030,2026-06-06,NEW ,,
LD009657,CMP0030,2026-06-06,NEW ,,
LD009658,CMP0030,2026-06-06,Qualified,,
LD009659,CMP0030,2026-06-06,lost,,2026-07-01
LD009660,CMP0030,2026-06-07,Qualified,,
LD009661,CMP0030,2026-06-07,Qualified,,
LD009662,CMP0030,2026-06-07,NEW ,,
LD009663,CMP0030,2026-06-08,Proposal,,
LD009664,CMP0030,2026-06-08,NEW ,,
LD009665,CMP0030,2026-06-08,Qualified,,
LD009666,CMP0030,2026-06-08,Lost,,2026-07-09
LD009667,CMP0030,2026-06-09,proposal ,,
LD009668,CMP0030,2026-06-10,Qualified,,
LD009669,CMP0030,2026-06-11,LOST,,2026-07-24
LD009670,CMP0030,2026-06-12,Qualified,,
LD009671,CMP0030,2026-06-12,Qualified,,
LD009672,CMP0030,2026-06-12,New,,
LD009673,CMP0030,2026-06-12,qualified,,
LD009674,CMP0030,2026-06-12,NEW ,,
LD009675,CMP0030,2026-06-13,NEW ,,
LD009676,CMP0030,2026-06-13,qualified,,
LD009677,CMP0030,2026-06-14,New,,
LD009678,CMP0030,2026-06-14,qualified,,
LD009679,CMP0030,2026-06-14,Proposal,,
LD009680,CMP0030,2026-06-15,lost,,2026-06-24
LD009681,CMP0030,2026-06-15,Qualified,,
LD009682,CMP0030,2026-06-16,new,,
LD009683,CMP0030,2026-06-17,WON,46500.0,2026-07-12
LD009684,CMP0030,2026-06-17,LOST,,2026-07-20
LD009685,CMP0030,2026-06-17,new,,
LD009686,CMP0030,2026-06-18,Lost,,2026-07-21
LD009687,CMP0030,2026-06-18,proposal ,,
LD009688,CMP0030,2026-06-19,won,28100.0,2026-07-10
LD009689,CMP0030,2026-06-19,lost,,2026-07-23
LD009690,CMP0030,2026-06-19,lost,,2026-07-26
LD009691,CMP0030,2026-06-20,qualified,,
LD009692,CMP0030,2026-06-20,LOST,,2026-07-02
LD009693,CMP0030,2026-06-20,Qualified,,
LD009694,CMP0030,2026-06-21,won,38800.0,2026-08-19
LD009695,CMP0030,2026-06-22,LOST,,2026-07-10
LD009696,CMP0030,2026-06-22,Qualified,,
LD009697,CMP0030,2026-06-23,Proposal,,
LD009698,CMP0030,2026-06-23,New,,
LD009699,CMP0030,2026-06-23,LOST,,2026-08-06
LD009700,CMP0030,2026-06-23,lost,,2026-07-23
LD009701,CMP0030,2026-06-23,NEW ,,
LD009702,CMP0030,2026-06-23,LOST,,2026-06-30
LD009703,CMP0030,2026-06-23,LOST,,2026-07-04
LD009704,CMP0030,2026-06-24,Lost,,2026-07-21
LD009705,CMP0031,2026-03-07,Qualified,,
LD009706,CMP0031,2026-03-07,Lost,,2026-04-18
LD009707,CMP0031,2026-03-08,Qualified,,
LD009708,CMP0031,2026-03-08,lost,,2026-04-01
LD009709,CMP0031,2026-03-08,new,,
LD009710,CMP0031,2026-03-09,lost,,2026-04-07
LD009711,CMP0031,2026-03-09,Lost,,2026-03-27
LD009712,CMP0031,2026-03-09,New,,
LD009713,CMP0031,2026-03-09,Qualified,,
LD009714,CMP0031,2026-03-10,Qualified,,
LD009715,CMP0031,2026-03-10,qualified,,
LD009716,CMP0031,2026-03-10,Proposal,,
LD009717,CMP0031,2026-03-10,Qualified,,
LD009718,CMP0031,2026-03-10,Lost,,2026-04-02
LD009719,CMP0031,2026-03-10,LOST,,2026-04-14
LD009720,CMP0031,2026-03-10,qualified,,
LD009721,CMP0031,2026-03-11,New,,
LD009722,CMP0031,2026-03-11,lost,,2026-04-12
LD009723,CMP0031,2026-03-11,NEW ,,
LD009724,CMP0031,2026-03-12,Won,35500.0,2026-03-29
LD009725,CMP0031,2026-03-12,Lost,,2026-04-20
LD009726,CMP0031,2026-03-12,LOST,,2026-04-02
LD009727,CMP0031,2026-03-13,LOST,,2026-04-24
LD009728,CMP0031,2026-03-13,qualified,,
LD009729,CMP0031,2026-03-13,LOST,,2026-04-06
LD009730,CMP0031,2026-03-13,LOST,,2026-03-29
LD009731,CMP0031,2026-03-13,NEW ,,
LD009732,CMP0031,2026-03-13,new,,
LD009733,CMP0031,2026-03-13,Proposal,,
LD009734,CMP0031,2026-03-14,new,,
LD009735,CMP0031,2026-03-14,LOST,,2026-03-23
LD009736,CMP0031,2026-03-15,qualified,,
LD009737,CMP0031,2026-03-15,qualified,,
LD009738,CMP0031,2026-03-16,new,,
LD009739,CMP0031,2026-03-16,LOST,,2026-03-26
LD009740,CMP0031,2026-03-16,NEW ,,
LD009741,CMP0031,2026-03-16,Lost,,2026-04-23
LD009742,CMP0031,2026-03-17,NEW ,,
LD009743,CMP0031,2026-03-17,new,,
LD009744,CMP0031,2026-03-17,qualified,,
LD009745,CMP0031,2026-03-17,New,,
LD009746,CMP0031,2026-03-18,Qualified,,
LD009747,CMP0031,2026-03-18,Proposal,,
LD009748,CMP0031,2026-03-18,Lost,,2026-04-23
LD009749,CMP0031,2026-03-19,new,,
LD009750,CMP0031,2026-03-20,Lost,,2026-04-09
LD009751,CMP0031,2026-03-20,Qualified,,
LD009752,CMP0031,2026-03-20,qualified,,
LD009753,CMP0031,2026-03-21,Lost,,2026-04-13
LD009754,CMP0031,2026-03-21,New,,
LD009755,CMP0031,2026-03-22,lost,,2026-04-16
LD009756,CMP0031,2026-03-23,NEW ,,
LD009757,CMP0031,2026-03-23,lost,,2026-04-04
LD009758,CMP0031,2026-03-23,LOST,,2026-04-22
LD009759,CMP0031,2026-03-23,new,,
LD009760,CMP0031,2026-03-24,Qualified,,
LD009761,CMP0031,2026-03-26,lost,,2026-05-03
LD009762,CMP0031,2026-03-26,qualified,,
LD009763,CMP0031,2026-03-26,Won,66500.0,2026-04-16
LD009764,CMP0031,2026-03-26,Qualified,,
LD009765,CMP0031,2026-03-26,Lost,,2026-05-06
LD009766,CMP0031,2026-03-27,new,,
LD009767,CMP0031,2026-03-27,NEW ,,
LD009768,CMP0031,2026-03-27,new,,
LD009769,CMP0031,2026-03-27,qualified,,
LD009770,CMP0031,2026-03-27,Lost,,2026-04-07
LD009771,CMP0031,2026-03-27,qualified,,
LD009772,CMP0031,2026-03-27,New,,
LD009773,CMP0031,2026-03-28,Lost,,2026-04-12
LD009774,CMP0031,2026-03-28,qualified,,
LD009775,CMP0031,2026-03-28,proposal ,,
LD009776,CMP0031,2026-03-29,Qualified,,
LD009777,CMP0031,2026-03-29,Lost,,2026-05-03
LD009778,CMP0031,2026-03-29,lost,,2026-04-29
LD009779,CMP0031,2026-03-30,new,,
LD009780,CMP0031,2026-03-30,NEW ,,
LD009781,CMP0031,2026-03-30,LOST,,2026-05-07
LD009782,CMP0031,2026-03-31,NEW ,,
LD009783,CMP0031,2026-03-31,Qualified,,
LD009784,CMP0031,2026-03-31,Lost,,2026-04-28
LD009785,CMP0031,2026-04-01,Lost,,2026-04-27
LD009786,CMP0031,2026-04-01,LOST,,2026-04-21
LD009787,CMP0031,2026-04-01,New,,
LD009788,CMP0031,2026-04-01,LOST,,2026-04-26
LD009789,CMP0031,2026-04-02,lost,,2026-04-23
LD009790,CMP0031,2026-04-02,new,,
LD009791,CMP0031,2026-04-02,proposal ,,
LD009792,CMP0031,2026-04-02,NEW ,,
LD009793,CMP0031,2026-04-02,New,,
LD009794,CMP0031,2026-04-02,lost,,2026-05-12
LD009795,CMP0031,2026-04-02,new,,
LD009796,CMP0031,2026-04-02,qualified,,
LD009797,CMP0031,2026-04-03,qualified,,
LD009798,CMP0031,2026-04-04,qualified,,
LD009799,CMP0031,2026-04-04,lost,,2026-04-29
LD009800,CMP0031,2026-04-04,qualified,,
LD009801,CMP0031,2026-04-04,lost,,2026-05-03
LD009802,CMP0031,2026-04-04,qualified,,
LD009803,CMP0031,2026-04-05,NEW ,,
LD009804,CMP0031,2026-04-05,NEW ,,
LD009805,CMP0031,2026-04-05,NEW ,,
LD009806,CMP0031,2026-04-05,qualified,,
LD009807,CMP0031,2026-04-05,lost,,2026-04-22
LD009808,CMP0031,2026-04-05,Qualified,,
LD009809,CMP0031,2026-04-06,qualified,,
LD009810,CMP0031,2026-04-06,LOST,,2026-05-16
LD009811,CMP0031,2026-04-06,qualified,,
LD009812,CMP0031,2026-04-06,Lost,,2026-05-16
LD009813,CMP0031,2026-04-06,lost,,2026-04-20
LD009814,CMP0031,2026-04-06,new,,
LD009815,CMP0031,2026-04-06,qualified,,
LD009816,CMP0031,2026-04-07,lost,,2026-05-11
LD009817,CMP0031,2026-04-07,NEW ,,
LD009818,CMP0031,2026-04-08,LOST,,2026-05-01
LD009819,CMP0031,2026-04-08,NEW ,,
LD009820,CMP0031,2026-04-09,qualified,,
LD009821,CMP0031,2026-04-10,LOST,,2026-04-21
LD009822,CMP0031,2026-04-10,lost,,2026-05-16
LD009823,CMP0031,2026-04-10,Proposal,,
LD009824,CMP0031,2026-04-10,Qualified,,
LD009825,CMP0031,2026-04-10,new,,
LD009826,CMP0031,2026-04-10,lost,,2026-04-20
LD009827,CMP0031,2026-04-10,Proposal,,
LD009828,CMP0031,2026-04-10,new,,
LD009829,CMP0031,2026-04-10,New,,
LD009830,CMP0031,2026-04-11,lost,,2026-05-12
LD009831,CMP0031,2026-04-12,Lost,,2026-05-19
LD009832,CMP0031,2026-04-12,lost,,2026-05-16
LD009833,CMP0031,2026-04-12,new,,
LD009834,CMP0031,2026-04-12,New,,
LD009835,CMP0031,2026-04-13,Lost,,2026-05-14
LD009836,CMP0031,2026-04-13,qualified,,
LD009837,CMP0031,2026-04-14,new,,
LD009838,CMP0031,2026-04-14,Lost,,2026-05-20
LD009839,CMP0031,2026-04-14,qualified,,
LD009840,CMP0031,2026-04-15,qualified,,
LD009841,CMP0031,2026-04-15,NEW ,,
LD009842,CMP0031,2026-04-15,lost,,2026-05-14
LD009843,CMP0031,2026-04-16,lost,,2026-04-28
LD009844,CMP0031,2026-04-17,new,,
LD009845,CMP0031,2026-04-17,NEW ,,
LD009846,CMP0031,2026-04-18,qualified,,
LD009847,CMP0031,2026-04-18,lost,,2026-05-08
LD009848,CMP0031,2026-04-18,New,,
LD009849,CMP0031,2026-04-18,qualified,,
LD009850,CMP0031,2026-04-19,lost,,2026-04-28
LD009851,CMP0031,2026-04-19,NEW ,,
LD009852,CMP0031,2026-04-19,Won,31000.0,2026-06-10
LD009853,CMP0031,2026-04-19,lost,,2026-05-09
LD009854,CMP0031,2026-04-20,Lost,,2026-05-06
LD009855,CMP0031,2026-04-20,New,,
LD009856,CMP0031,2026-04-21,lost,,2026-05-25
LD009857,CMP0031,2026-04-21,proposal ,,
LD009858,CMP0031,2026-04-21,new,,
LD009859,CMP0031,2026-04-21,lost,,2026-05-13
LD009860,CMP0031,2026-04-21,Lost,,2026-06-02
LD009861,CMP0031,2026-04-22,Won,32300.0,2026-05-24
LD009862,CMP0031,2026-04-22,Qualified,,
LD009863,CMP0031,2026-04-22,lost,,2026-04-30
LD009864,CMP0031,2026-04-22,LOST,,2026-04-30
LD009865,CMP0031,2026-04-22,Lost,,2026-05-30
LD009866,CMP0031,2026-04-23,WON,39300.0,2026-06-03
LD009867,CMP0031,2026-04-23,lost,,2026-05-20
LD009868,CMP0031,2026-04-23,qualified,,
LD009869,CMP0031,2026-04-23,won,46200.0,2026-06-10
LD009870,CMP0031,2026-04-24,won,32400.0,2026-06-10
LD009871,CMP0031,2026-04-24,lost,,2026-05-26
LD009872,CMP0031,2026-04-25,LOST,,2026-05-18
LD009873,CMP0031,2026-04-25,lost,,2026-05-20
LD009874,CMP0031,2026-04-26,qualified,,
LD009875,CMP0031,2026-04-26,LOST,,2026-05-26
LD009876,CMP0031,2026-04-26,LOST,,2026-06-06
LD009877,CMP0031,2026-04-26,LOST,,2026-06-04
LD009878,CMP0031,2026-04-27,LOST,,2026-05-09
LD009879,CMP0031,2026-04-27,Lost,,2026-06-07
LD009880,CMP0031,2026-04-27,lost,,2026-05-27
LD009881,CMP0031,2026-04-28,Won ,18600.0,2026-06-15
LD009882,CMP0031,2026-04-28,NEW ,,
LD009883,CMP0031,2026-04-28,LOST,,2026-05-13
LD009884,CMP0031,2026-04-28,Qualified,,
LD009885,CMP0031,2026-04-28,New,,
LD009886,CMP0031,2026-04-28,NEW ,,
LD009887,CMP0031,2026-04-28,Qualified,,
LD009888,CMP0031,2026-04-29,qualified,,
LD009889,CMP0031,2026-04-29,LOST,,2026-05-09
LD009890,CMP0031,2026-04-29,New,,
LD009891,CMP0031,2026-04-29,lost,,2026-05-25
LD009892,CMP0031,2026-04-30,Lost,,2026-06-03
LD009893,CMP0031,2026-04-30,Qualified,,
LD009894,CMP0031,2026-04-30,NEW ,,
LD009895,CMP0031,2026-05-01,qualified,,
LD009896,CMP0031,2026-05-01,Qualified,,
LD009897,CMP0031,2026-05-01,new,,
LD009898,CMP0031,2026-05-02,LOST,,2026-05-12
LD009899,CMP0031,2026-05-02,New,,
LD009900,CMP0031,2026-05-02,NEW ,,
LD009901,CMP0031,2026-05-03,Lost,,2026-06-02
LD009902,CMP0031,2026-05-03,qualified,,
LD009903,CMP0031,2026-05-03,LOST,,2026-06-07
LD009904,CMP0031,2026-05-03,lost,,2026-05-25
LD009905,CMP0031,2026-05-03,Lost,,2026-05-11
LD009906,CMP0031,2026-05-04,LOST,,2026-06-03
LD009907,CMP0031,2026-05-04,LOST,,2026-05-13
LD009908,CMP0031,2026-05-04,New,,
LD009909,CMP0031,2026-05-04,qualified,,
LD009910,CMP0031,2026-05-04,Lost,,2026-06-17
LD009911,CMP0031,2026-05-04,Proposal,,
LD009912,CMP0031,2026-05-04,NEW ,,
LD009913,CMP0031,2026-05-05,NEW ,,
LD009914,CMP0031,2026-05-05,NEW ,,
LD009915,CMP0031,2026-05-06,NEW ,,
LD009916,CMP0031,2026-05-07,LOST,,2026-05-29
LD009917,CMP0031,2026-05-07,New,,
LD009918,CMP0031,2026-05-08,lost,,2026-06-09
LD009919,CMP0031,2026-05-08,proposal ,,
LD009920,CMP0031,2026-05-08,Lost,,2026-05-24
LD009921,CMP0031,2026-05-08,Qualified,,
LD009922,CMP0031,2026-05-09,lost,,2026-06-11
LD009923,CMP0031,2026-05-09,proposal ,,
LD009924,CMP0031,2026-05-09,NEW ,,
LD009925,CMP0031,2026-05-09,new,,
LD009926,CMP0031,2026-05-10,qualified,,
LD009927,CMP0031,2026-05-10,New,,
LD009928,CMP0031,2026-05-10,new,,
LD009929,CMP0031,2026-05-10,Lost,,2026-05-26
LD009930,CMP0031,2026-05-10,NEW ,,
LD009931,CMP0031,2026-05-11,Qualified,,
LD009932,CMP0031,2026-05-11,Lost,,2026-05-27
LD009933,CMP0031,2026-05-11,NEW ,,
LD009934,CMP0031,2026-05-11,LOST,,2026-06-13
LD009935,CMP0031,2026-05-11,LOST,,2026-06-01
LD009936,CMP0031,2026-05-11,qualified,,
LD009937,CMP0031,2026-05-11,lost,,2026-05-30
LD009938,CMP0031,2026-05-11,Lost,,2026-06-21
LD009939,CMP0031,2026-05-12,NEW ,,
LD009940,CMP0031,2026-05-12,Qualified,,
LD009941,CMP0031,2026-05-12,Won ,33500.0,2026-06-04
LD009942,CMP0031,2026-05-12,lost,,2026-06-01
LD009943,CMP0031,2026-05-12,NEW ,,
LD009944,CMP0031,2026-05-12,qualified,,
LD009945,CMP0031,2026-05-12,lost,,2026-05-19
LD009946,CMP0031,2026-05-13,New,,
LD009947,CMP0031,2026-05-13,Qualified,,
LD009948,CMP0031,2026-05-14,lost,,2026-06-27
LD009949,CMP0031,2026-05-14,New,,
LD009950,CMP0031,2026-05-14,new,,
LD009951,CMP0031,2026-05-15,new,,
LD009952,CMP0031,2026-05-15,lost,,2026-05-23
LD009953,CMP0031,2026-05-15,NEW ,,
LD009954,CMP0031,2026-05-15,Qualified,,
LD009955,CMP0031,2026-05-15,New,,
LD009956,CMP0031,2026-05-15,Lost,,2026-06-03
LD009957,CMP0031,2026-05-16,lost,,2026-06-29
LD009958,CMP0031,2026-05-16,lost,,2026-06-08
LD009959,CMP0031,2026-05-16,New,,
LD009960,CMP0031,2026-05-17,proposal ,,
LD009961,CMP0031,2026-05-17,qualified,,
LD009962,CMP0031,2026-05-18,new,,
LD009963,CMP0031,2026-05-18,Won,24300.0,2026-06-14
LD009964,CMP0031,2026-05-18,Qualified,,
LD009965,CMP0031,2026-05-19,new,,
LD009966,CMP0031,2026-05-19,new,,
LD009967,CMP0031,2026-05-19,Proposal,,
LD009968,CMP0031,2026-05-19,Lost,,2026-06-20
LD009969,CMP0031,2026-05-19,New,,
LD009970,CMP0031,2026-05-20,Lost,,2026-06-08
LD009971,CMP0031,2026-05-20,New,,
LD009972,CMP0031,2026-05-20,NEW ,,
LD009973,CMP0031,2026-05-20,LOST,,2026-06-14
LD009974,CMP0031,2026-05-20,New,,
LD009975,CMP0031,2026-05-21,LOST,,2026-06-22
LD009976,CMP0031,2026-05-22,new,,
LD009977,CMP0031,2026-05-22,Lost,,2026-07-04
LD009978,CMP0031,2026-05-22,LOST,,2026-06-09
LD009979,CMP0031,2026-05-23,New,,
LD009980,CMP0031,2026-05-24,Qualified,,
LD009981,CMP0031,2026-05-24,lost,,2026-07-03
LD009982,CMP0031,2026-05-24,Proposal,,
LD009983,CMP0031,2026-05-24,LOST,,2026-06-12
LD009984,CMP0031,2026-05-25,NEW ,,
LD009985,CMP0031,2026-05-25,proposal ,,
LD009986,CMP0031,2026-05-26,Won,70100.0,2026-06-25
LD009987,CMP0031,2026-05-26,qualified,,
LD009988,CMP0031,2026-05-26,qualified,,
LD009989,CMP0031,2026-05-27,NEW ,,
LD009990,CMP0031,2026-05-27,NEW ,,
LD009991,CMP0031,2026-05-28,LOST,,2026-06-05
LD009992,CMP0031,2026-05-28,LOST,,2026-06-23
LD009993,CMP0031,2026-05-28,new,,
LD009994,CMP0031,2026-05-29,LOST,,2026-06-26
LD009995,CMP0031,2026-05-29,qualified,,
LD009996,CMP0031,2026-05-29,LOST,,2026-06-16
LD009997,CMP0031,2026-05-29,New,,
LD009998,CMP0031,2026-05-29,Lost,,2026-06-29
LD009999,CMP0031,2026-05-29,Qualified,,
LD010000,CMP0031,2026-05-29,LOST,,2026-07-11
LD010001,CMP0031,2026-05-29,qualified,,
LD010002,CMP0031,2026-05-30,lost,,2026-07-05
LD010003,CMP0031,2026-05-30,LOST,,2026-06-13
LD010004,CMP0031,2026-05-30,lost,,2026-06-18
LD010005,CMP0031,2026-05-30,LOST,,2026-06-17
LD010006,CMP0031,2026-05-30,Qualified,,
LD010007,CMP0031,2026-05-31,LOST,,2026-06-21
LD010008,CMP0031,2026-05-31,New,,
LD010009,CMP0031,2026-05-31,NEW ,,
LD010010,CMP0031,2026-06-01,new,,
LD010011,CMP0031,2026-06-01,qualified,,
LD010012,CMP0031,2026-06-01,lost,,2026-06-09
LD010013,CMP0031,2026-06-02,WON,29400.0,2026-06-22
LD010014,CMP0031,2026-06-02,qualified,,
LD010015,CMP0031,2026-06-02,LOST,,2026-07-02
LD010016,CMP0031,2026-06-03,Qualified,,
LD010017,CMP0031,2026-06-03,Qualified,,
LD010018,CMP0031,2026-06-03,LOST,,2026-07-09
LD010019,CMP0031,2026-06-03,NEW ,,
LD010020,CMP0031,2026-06-03,Qualified,,
LD010021,CMP0031,2026-06-03,Lost,,2026-06-14
LD010022,CMP0031,2026-06-03,New,,
LD010023,CMP0031,2026-06-03,New,,
LD010024,CMP0031,2026-06-03,NEW ,,
LD010025,CMP0031,2026-06-03,LOST,,2026-07-08
LD010026,CMP0031,2026-06-04,Proposal,,
LD010027,CMP0031,2026-06-04,lost,,2026-07-03
LD010028,CMP0031,2026-06-04,new,,
LD010029,CMP0031,2026-06-04,LOST,,2026-07-09
LD010030,CMP0031,2026-06-05,Qualified,,
LD010031,CMP0031,2026-06-05,Proposal,,
LD010032,CMP0031,2026-06-05,new,,
LD010033,CMP0031,2026-06-06,proposal ,,
LD010034,CMP0031,2026-06-07,New,,
LD010035,CMP0031,2026-06-07,NEW ,,
LD010036,CMP0031,2026-06-07,New,,
LD010037,CMP0031,2026-06-07,LOST,,2026-06-17
LD010038,CMP0031,2026-06-07,Qualified,,
LD010039,CMP0031,2026-06-07,Lost,,2026-07-13
LD010040,CMP0031,2026-06-07,qualified,,
LD010041,CMP0031,2026-06-08,lost,,2026-07-01
LD010042,CMP0031,2026-06-08,LOST,,2026-06-25
LD010043,CMP0031,2026-06-08,lost,,2026-07-03
LD010044,CMP0031,2026-06-09,new,,
LD010045,CMP0031,2026-06-09,new,,
LD010046,CMP0031,2026-06-09,lost,,2026-07-06
LD010047,CMP0031,2026-06-09,new,,
LD010048,CMP0031,2026-06-09,qualified,,
LD010049,CMP0031,2026-06-09,new,,
LD010050,CMP0031,2026-06-10,lost,,2026-07-18
LD010051,CMP0031,2026-06-10,Proposal,,
LD010052,CMP0031,2026-06-10,Lost,,2026-06-25
LD010053,CMP0031,2026-06-10,LOST,,2026-07-06
LD010054,CMP0031,2026-06-10,New,,
LD010055,CMP0031,2026-06-11,new,,
LD010056,CMP0031,2026-06-11,NEW ,,
LD010057,CMP0031,2026-06-11,qualified,,
LD010058,CMP0031,2026-06-11,LOST,,2026-07-23
LD010059,CMP0031,2026-06-12,Won,47200.0,2026-07-07
LD010060,CMP0031,2026-06-12,New,,
LD010061,CMP0031,2026-06-12,Qualified,,
LD010062,CMP0031,2026-06-12,Proposal,,
LD010063,CMP0031,2026-06-13,Qualified,,
LD010064,CMP0031,2026-06-13,NEW ,,
LD010065,CMP0031,2026-06-14,NEW ,,
LD010066,CMP0031,2026-06-14,qualified,,
LD010067,CMP0031,2026-06-14,new,,
LD010068,CMP0031,2026-06-15,New,,
LD010069,CMP0031,2026-06-15,NEW ,,
LD010070,CMP0031,2026-06-16,qualified,,
LD010071,CMP0031,2026-06-16,qualified,,
LD010072,CMP0031,2026-06-16,qualified,,
LD010073,CMP0031,2026-06-17,New,,
LD010074,CMP0031,2026-06-17,NEW ,,
LD010075,CMP0031,2026-06-18,Proposal,,
LD010076,CMP0031,2026-06-18,Qualified,,
LD010077,CMP0031,2026-06-18,New,,
LD010078,CMP0031,2026-06-18,LOST,,2026-06-28
LD010079,CMP0031,2026-06-18,Proposal,,
LD010080,CMP0031,2026-06-19,NEW ,,
LD010081,CMP0031,2026-06-19,Lost,,2026-07-15
LD010082,CMP0031,2026-06-19,New,,
LD010083,CMP0031,2026-06-19,Lost,,2026-07-05
LD010084,CMP0031,2026-06-19,Qualified,,
LD010085,CMP0031,2026-06-20,NEW ,,
LD010086,CMP0031,2026-06-20,proposal ,,
LD010087,CMP0031,2026-06-21,Lost,,2026-07-03
LD010088,CMP0031,2026-06-21,NEW ,,
LD010089,CMP0031,2026-06-21,Qualified,,
LD010090,CMP0031,2026-06-21,qualified,,
LD010091,CMP0031,2026-06-22,Won ,41100.0,2026-07-23
LD010092,CMP0031,2026-06-22,Won ,44500.0,2026-07-12
LD010093,CMP0031,2026-06-22,Qualified,,
LD010094,CMP0031,2026-06-22,LOST,,2026-08-03
LD010095,CMP0031,2026-06-22,Qualified,,
LD010096,CMP0031,2026-06-22,qualified,,
LD010097,CMP0031,2026-06-22,new,,
LD010098,CMP0031,2026-06-23,NEW ,,
LD010099,CMP0031,2026-06-23,NEW ,,
LD010100,CMP0031,2026-06-23,New,,
LD010101,CMP0031,2026-06-23,NEW ,,
LD010102,CMP0031,2026-06-23,Lost,,2026-07-01
LD010103,CMP0031,2026-06-24,proposal ,,
LD010104,CMP0031,2026-06-24,qualified,,
LD010105,CMP0031,2026-06-24,qualified,,
LD010106,CMP0031,2026-06-24,NEW ,,
LD010107,CMP0031,2026-06-24,Qualified,,
LD010108,CMP0031,2026-06-25,new,,
LD010109,CMP0031,2026-06-25,Qualified,,
LD010110,CMP0031,2026-06-26,Won ,40900.0,2026-08-01
LD010111,CMP0031,2026-06-26,new,,
LD010112,CMP0031,2026-06-26,Qualified,,
LD010113,CMP0031,2026-06-26,lost,,2026-07-10
LD010114,CMP0031,2026-06-26,Qualified,,
LD010115,CMP0031,2026-06-27,NEW ,,
LD010116,CMP0031,2026-06-27,new,,
LD010117,CMP0031,2026-06-27,Lost,,2026-08-07
LD010118,CMP0031,2026-06-28,Lost,,2026-07-18
LD010119,CMP0031,2026-06-28,New,,
LD010120,CMP0031,2026-06-28,LOST,,2026-07-05
LD010121,CMP0031,2026-06-28,lost,,2026-08-03
LD010122,CMP0031,2026-06-28,Qualified,,
LD010123,CMP0031,2026-06-28,new,,
LD010124,CMP0031,2026-06-29,lost,,2026-07-29
LD010125,CMP0031,2026-06-29,new,,
LD010126,CMP0031,2026-06-29,proposal ,,
LD010127,CMP0031,2026-06-30,Lost,,2026-08-06
LD010128,CMP0031,2026-06-30,LOST,,2026-07-14
LD010129,CMP0031,2026-06-30,qualified,,
LD010130,CMP0031,2026-06-30,Lost,,2026-08-06
LD010131,CMP0031,2026-06-30,Qualified,,
LD010132,CMP0031,2026-06-30,new,,
LD010133,CMP0031,2026-07-01,qualified,,
LD010134,CMP0031,2026-07-01,qualified,,
LD010135,CMP0031,2026-07-01,LOST,,2026-07-12
LD010136,CMP0031,2026-07-02,Lost,,2026-07-14
LD010137,CMP0031,2026-07-02,new,,
LD010138,CMP0031,2026-07-02,lost,,2026-08-08
LD010139,CMP0031,2026-07-02,NEW ,,
LD010140,CMP0031,2026-07-02,proposal ,,
LD010141,CMP0031,2026-07-02,LOST,,2026-07-23
LD010142,CMP0031,2026-07-03,Proposal,,
LD010143,CMP0031,2026-07-03,qualified,,
LD010144,CMP0031,2026-07-03,Qualified,,
LD010145,CMP0031,2026-07-04,qualified,,
LD010146,CMP0031,2026-07-04,Qualified,,
LD010147,CMP0031,2026-07-05,qualified,,
LD010148,CMP0031,2026-07-05,Qualified,,
LD010149,CMP0031,2026-07-05,qualified,,
LD010150,CMP0031,2026-07-05,new,,
LD010151,CMP0031,2026-07-06,Proposal,,
LD010152,CMP0031,2026-07-06,New,,
LD010153,CMP0031,2026-07-06,Qualified,,
LD010154,CMP0031,2026-07-07,NEW ,,
LD010155,CMP0031,2026-07-07,Proposal,,
LD010156,CMP0031,2026-07-07,Qualified,,
LD010157,CMP0031,2026-07-08,Qualified,,
LD010158,CMP0031,2026-07-08,new,,
LD010159,CMP0031,2026-07-08,Qualified,,
LD010160,CMP0031,2026-07-08,New,,
LD010161,CMP0031,2026-07-09,NEW ,,
LD010162,CMP0031,2026-07-09,new,,
LD010163,CMP0031,2026-07-09,qualified,,
LD010164,CMP0031,2026-07-10,qualified,,
LD010165,CMP0031,2026-07-10,qualified,,
LD010166,CMP0031,2026-07-11,New,,
LD010167,CMP0031,2026-07-11,new,,
LD010168,CMP0031,2026-07-12,Qualified,,
LD010169,CMP0031,2026-07-12,Qualified,,
LD010170,CMP0031,2026-07-12,new,,
LD010171,CMP0031,2026-07-12,Qualified,,
LD010172,CMP0031,2026-07-12,NEW ,,
LD010173,CMP0031,2026-07-13,NEW ,,
LD010174,CMP0031,2026-07-13,qualified,,
LD010175,CMP0031,2026-07-13,New,,
LD010176,CMP0031,2026-07-13,new,,
LD010177,CMP0031,2026-07-14,qualified,,
LD010178,CMP0031,2026-07-14,qualified,,
LD010179,CMP0031,2026-07-15,qualified,,
LD010180,CMP0031,2026-07-15,qualified,,
LD010181,CMP0031,2026-07-15,Qualified,,
LD010182,CMP0031,2026-07-15,Qualified,,
LD010183,CMP0031,2026-07-15,Qualified,,
LD010184,CMP0031,2026-07-16,Qualified,,
LD010185,CMP0031,2026-07-16,Qualified,,
LD010186,CMP0031,2026-07-17,new,,
LD010187,CMP0031,2026-07-17,Qualified,,
LD010188,CMP0031,2026-07-17,Qualified,,
LD010189,CMP0031,2026-07-17,qualified,,
LD010190,CMP0031,2026-07-18,NEW ,,
LD010191,CMP0031,2026-07-19,qualified,,
LD010192,CMP0031,2026-07-19,new,,
LD010193,CMP0031,2026-07-19,NEW ,,
LD010194,CMP0031,2026-07-20,qualified,,
LD010195,CMP0031,2026-07-20,qualified,,
LD010196,CMP0031,2026-07-20,qualified,,
LD010197,CMP0031,2026-07-20,Qualified,,
LD010198,CMP0031,2026-07-20,New,,
LD010199,CMP0031,2026-07-21,qualified,,
LD010200,CMP0031,2026-07-21,Qualified,,
LD010201,CMP0031,2026-07-21,NEW ,,
LD010202,CMP0031,2026-07-21,New,,
LD010203,CMP0031,2026-07-22,Qualified,,
LD010204,CMP0031,2026-07-22,Qualified,,
LD010205,CMP0031,2026-07-22,NEW ,,
LD010206,CMP0031,2026-07-22,New,,
LD010207,CMP0031,2026-07-22,Qualified,,
LD010208,CMP0031,2026-07-23,qualified,,
LD010209,CMP0031,2026-07-23,Proposal,,
LD010210,CMP0031,2026-07-23,Qualified,,
LD010211,CMP0031,2026-07-23,new,,
LD010212,CMP0031,2026-07-24,Qualified,,
LD010213,CMP0031,2026-07-24,qualified,,
LD010214,CMP0031,2026-07-24,Qualified,,
LD010215,CMP0031,2026-07-25,Qualified,,
LD010216,CMP0031,2026-07-25,new,,
LD010217,CMP0031,2026-07-25,proposal ,,
LD010218,CMP0031,2026-07-25,qualified,,
LD010219,CMP0031,2026-07-26,proposal ,,
LD010220,CMP0031,2026-07-26,New,,
LD010221,CMP0031,2026-07-27,NEW ,,
LD010222,CMP0031,2026-07-27,new,,
LD010223,CMP0031,2026-07-28,NEW ,,
LD010224,CMP0031,2026-07-28,new,,
LD010225,CMP0031,2026-07-28,Qualified,,
LD010226,CMP0031,2026-07-28,Qualified,,
LD010227,CMP0031,2026-07-29,qualified,,
LD010228,CMP0031,2026-07-29,Qualified,,
LD010229,CMP0031,2026-07-29,Qualified,,
LD010230,CMP0031,2026-07-30,qualified,,
LD010231,CMP0031,2026-07-30,new,,
LD010232,CMP0031,2026-07-30,Qualified,,
LD010233,CMP0031,2026-07-30,NEW ,,
LD010234,CMP0031,2026-07-30,qualified,,
LD010235,CMP0031,2026-07-30,qualified,,
LD010236,CMP0031,2026-07-30,NEW ,,
LD010237,CMP0031,2026-07-31,qualified,,
LD010238,CMP0031,2026-08-02,Qualified,,
LD010239,CMP0031,2026-08-02,qualified,,
LD010240,CMP0031,2026-08-03,New,,
LD010241,CMP0031,2026-08-03,New,,
LD010242,CMP0031,2026-08-03,Qualified,,
LD010243,CMP0031,2026-08-03,Qualified,,
LD010244,CMP0031,2026-08-03,Qualified,,
LD010245,CMP0031,2026-08-03,qualified,,
LD010246,CMP0031,2026-08-04,Qualified,,
LD010247,CMP0031,2026-08-04,qualified,,
LD010248,CMP0031,2026-08-04,NEW ,,
LD010249,CMP0031,2026-08-05,Qualified,,
LD010250,CMP0031,2026-08-05,Qualified,,
LD010251,CMP0031,2026-08-05,Qualified,,
LD010252,CMP0031,2026-08-05,NEW ,,
LD010253,CMP0031,2026-08-05,qualified,,
LD010254,CMP0031,2026-08-06,new,,
LD010255,CMP0031,2026-08-06,Qualified,,
LD010256,CMP0031,2026-08-07,New,,
LD010257,CMP0031,2026-08-07,qualified,,
LD010258,CMP0031,2026-08-07,New,,
LD010259,CMP0031,2026-08-07,qualified,,
LD010260,CMP0031,2026-08-07,NEW ,,
LD010261,CMP0031,2026-08-07,qualified,,
LD010262,CMP0031,2026-08-07,NEW ,,
LD010263,CMP0031,2026-08-07,qualified,,
LD010264,CMP0031,2026-08-08,new,,
LD010265,CMP0031,2026-08-08,Qualified,,
LD010266,CMP0031,2026-08-09,new,,
LD010267,CMP0031,2026-08-09,Qualified,,
LD010268,CMP0031,2026-08-09,qualified,,
LD010269,CMP0031,2026-08-09,Qualified,,
LD010270,CMP0031,2026-08-10,New,,
LD010271,CMP0031,2026-08-10,qualified,,
LD010272,CMP0031,2026-08-10,New,,
LD010273,CMP0031,2026-08-11,NEW ,,
LD010274,CMP0031,2026-08-11,qualified,,
LD010275,CMP0031,2026-08-11,Qualified,,
LD010276,CMP0031,2026-08-11,qualified,,
LD010277,CMP0031,2026-08-12,New,,
LD010278,CMP0031,2026-08-12,new,,
LD010279,CMP0031,2026-08-12,new,,
LD010280,CMP0031,2026-08-12,qualified,,
LD010281,CMP0031,2026-08-12,New,,
LD010282,CMP0031,2026-08-12,qualified,,
LD010283,CMP0031,2026-08-13,qualified,,
LD010284,CMP0031,2026-08-13,New,,
LD010285,CMP0031,2026-08-14,qualified,,
LD010286,CMP0031,2026-08-14,NEW ,,
LD010287,CMP0031,2026-08-14,New,,
LD010288,CMP0031,2026-08-14,New,,
LD010289,CMP0031,2026-08-14,New,,
LD010290,CMP0031,2026-08-14,Qualified,,
LD010291,CMP0031,2026-08-14,new,,
LD010292,CMP0031,2026-08-15,Qualified,,
LD010293,CMP0031,2026-08-15,new,,
LD010294,CMP0031,2026-08-15,qualified,,
LD010295,CMP0031,2026-08-15,qualified,,
LD010296,CMP0031,2026-08-16,qualified,,
LD010297,CMP0031,2026-08-16,NEW ,,
LD010298,CMP0031,2026-08-16,qualified,,
LD010299,CMP0031,2026-08-16,NEW ,,
LD010300,CMP0031,2026-08-17,qualified,,
LD010301,CMP0031,2026-08-17,qualified,,
LD010302,CMP0031,2026-08-17,Qualified,,
LD010303,CMP0031,2026-08-18,Proposal,,
LD010304,CMP0031,2026-08-18,proposal ,,
LD010305,CMP0031,2026-08-18,qualified,,
LD010306,CMP0031,2026-08-18,qualified,,
LD010307,CMP0031,2026-08-18,qualified,,
LD010308,CMP0031,2026-08-19,Qualified,,
LD010309,CMP0031,2026-08-19,Qualified,,
LD010310,CMP0031,2026-08-19,New,,
LD010311,CMP0031,2026-08-19,Qualified,,
LD010312,CMP0031,2026-08-20,proposal ,,
LD010313,CMP0031,2026-08-21,New,,
LD010314,CMP0031,2026-08-21,qualified,,
LD010315,CMP0031,2026-08-21,Qualified,,
LD010316,CMP0031,2026-08-22,new,,
LD010317,CMP0031,2026-08-22,NEW ,,
LD010318,CMP0031,2026-08-22,Qualified,,
LD010319,CMP0031,2026-08-22,Proposal,,
LD010320,CMP0031,2026-08-23,qualified,,
LD010321,CMP0031,2026-08-23,Qualified,,
LD010322,CMP0031,2026-08-24,qualified,,
LD010323,CMP0031,2026-08-24,Qualified,,
LD010324,CMP0031,2026-08-24,New,,
LD010325,CMP0031,2026-08-24,Proposal,,
LD010326,CMP0031,2026-08-24,Qualified,,
LD010327,CMP0031,2026-08-25,NEW ,,
LD010328,CMP0031,2026-08-25,Qualified,,
LD010329,CMP0031,2026-08-25,New,,
LD010330,CMP0031,2026-08-26,Qualified,,
LD010331,CMP0031,2026-08-27,NEW ,,
LD010332,CMP0031,2026-08-27,New,,
LD010333,CMP0031,2026-08-27,qualified,,
LD010334,CMP0031,2026-08-28,qualified,,
LD010335,CMP0031,2026-08-28,proposal ,,
LD010336,CMP0031,2026-08-28,New,,
LD010337,CMP0031,2026-08-29,qualified,,
LD010338,CMP0031,2026-08-29,qualified,,
LD010339,CMP0031,2026-08-29,qualified,,
LD010340,CMP0031,2026-08-29,proposal ,,
LD010341,CMP0031,2026-08-30,proposal ,,
LD010342,CMP0031,2026-08-30,qualified,,
LD010343,CMP0031,2026-08-31,New,,
LD010344,CMP0031,2026-08-31,qualified,,
LD010345,CMP0031,2026-08-31,qualified,,
LD010346,CMP0031,2026-08-31,new,,
LD010347,CMP0031,2026-08-31,Qualified,,
LD010348,CMP0031,2026-08-31,Qualified,,
LD010349,CMP0031,2026-08-31,NEW ,,
LD010350,CMP0032,2025-10-31,won,43600.0,2025-12-19
LD010351,CMP0032,2025-10-31,qualified,,
LD010352,CMP0032,2025-11-01,LOST,,2025-11-10
LD010353,CMP0032,2025-11-01,Lost,,2025-11-12
LD010354,CMP0032,2025-11-02,new,,
LD010355,CMP0032,2025-11-02,New,,
LD010356,CMP0032,2025-11-02,lost,,2025-11-23
LD010357,CMP0032,2025-11-02,New,,
LD010358,CMP0032,2025-11-03,Qualified,,
LD010359,CMP0032,2025-11-03,qualified,,
LD010360,CMP0032,2025-11-04,Lost,,2025-11-23
LD010361,CMP0032,2025-11-04,Qualified,,
LD010362,CMP0032,2025-11-05,New,,
LD010363,CMP0032,2025-11-05,New,,
LD010364,CMP0032,2025-11-06,proposal ,,
LD010365,CMP0032,2025-11-06,New,,
LD010366,CMP0032,2025-11-06,proposal ,,
LD010367,CMP0032,2025-11-07,NEW ,,
LD010368,CMP0032,2025-11-08,New,,
LD010369,CMP0032,2025-11-09,Lost,,2025-12-09
LD010370,CMP0032,2025-11-09,qualified,,
LD010371,CMP0032,2025-11-10,Qualified,,
LD010372,CMP0032,2025-11-12,proposal ,,
LD010373,CMP0032,2025-11-12,Lost,,2025-12-02
LD010374,CMP0032,2025-11-12,New,,
LD010375,CMP0032,2025-11-12,qualified,,
LD010376,CMP0032,2025-11-12,new,,
LD010377,CMP0032,2025-11-12,LOST,,2025-12-16
LD010378,CMP0032,2025-11-12,LOST,,2025-12-04
LD010379,CMP0032,2025-11-13,lost,,2025-11-28
LD010380,CMP0032,2025-11-13,qualified,,
LD010381,CMP0032,2025-11-13,lost,,2025-12-12
LD010382,CMP0032,2025-11-13,NEW ,,
LD010383,CMP0032,2025-11-13,Won,40300.0,2025-12-24
LD010384,CMP0032,2025-11-13,proposal ,,
LD010385,CMP0032,2025-11-14,Qualified,,
LD010386,CMP0032,2025-11-15,WON,36700.0,2026-01-03
LD010387,CMP0032,2025-11-16,Lost,,2025-11-30
LD010388,CMP0032,2025-11-17,lost,,2025-11-30
LD010389,CMP0032,2025-11-17,Lost,,2025-12-20
LD010390,CMP0032,2025-11-17,NEW ,,
LD010391,CMP0032,2025-11-17,New,,
LD010392,CMP0032,2025-11-18,Qualified,,
LD010393,CMP0032,2025-11-18,lost,,2025-12-23
LD010394,CMP0032,2025-11-18,New,,
LD010395,CMP0032,2025-11-19,Proposal,,
LD010396,CMP0032,2025-11-19,qualified,,
LD010397,CMP0032,2025-11-19,Lost,,2025-12-16
LD010398,CMP0032,2025-11-19,new,,
LD010399,CMP0032,2025-11-20,WON,29900.0,2026-01-16
LD010400,CMP0032,2025-11-20,NEW ,,
LD010401,CMP0032,2025-11-21,LOST,,2025-12-23
LD010402,CMP0032,2025-11-21,new,,
LD010403,CMP0032,2025-11-22,qualified,,
LD010404,CMP0032,2025-11-22,LOST,,2025-12-26
LD010405,CMP0032,2025-11-23,qualified,,
LD010406,CMP0032,2025-11-23,new,,
LD010407,CMP0032,2025-11-24,Lost,,2025-12-31
LD010408,CMP0032,2025-11-25,NEW ,,
LD010409,CMP0032,2025-11-25,lost,,2026-01-01
LD010410,CMP0032,2025-11-26,Proposal,,
LD010411,CMP0032,2025-11-26,qualified,,
LD010412,CMP0032,2025-11-26,new,,
LD010413,CMP0032,2025-11-27,NEW ,,
LD010414,CMP0032,2025-11-27,qualified,,
LD010415,CMP0032,2025-11-27,lost,,2025-12-09
LD010416,CMP0032,2025-11-27,NEW ,,
LD010417,CMP0032,2025-11-29,NEW ,,
LD010418,CMP0032,2025-11-30,Qualified,,
LD010419,CMP0032,2025-11-30,proposal ,,
LD010420,CMP0032,2025-12-01,NEW ,,
LD010421,CMP0032,2025-12-01,NEW ,,
LD010422,CMP0032,2025-12-02,New,,
LD010423,CMP0032,2025-12-03,New,,
LD010424,CMP0032,2025-12-03,new,,
LD010425,CMP0032,2025-12-04,Lost,,2025-12-28
LD010426,CMP0032,2025-12-05,LOST,,2025-12-26
LD010427,CMP0032,2025-12-05,NEW ,,
LD010428,CMP0032,2025-12-05,Lost,,2025-12-26
LD010429,CMP0032,2025-12-05,Proposal,,
LD010430,CMP0032,2025-12-06,new,,
LD010431,CMP0032,2025-12-06,lost,,2026-01-01
LD010432,CMP0032,2025-12-07,Lost,,2026-01-10
LD010433,CMP0032,2025-12-07,Lost,,2026-01-04
LD010434,CMP0032,2025-12-07,New,,
LD010435,CMP0032,2025-12-08,qualified,,
LD010436,CMP0032,2025-12-10,Qualified,,
LD010437,CMP0032,2025-12-10,Qualified,,
LD010438,CMP0032,2025-12-10,LOST,,2026-01-02
LD010439,CMP0032,2025-12-10,lost,,2026-01-07
LD010440,CMP0032,2025-12-11,New,,
LD010441,CMP0032,2025-12-11,LOST,,2026-01-06
LD010442,CMP0032,2025-12-12,LOST,,2026-01-13
LD010443,CMP0032,2025-12-13,LOST,,2026-01-04
LD010444,CMP0032,2025-12-14,LOST,,2026-01-01
LD010445,CMP0032,2025-12-14,New,,
LD010446,CMP0032,2025-12-15,new,,
LD010447,CMP0032,2025-12-15,new,,
LD010448,CMP0032,2025-12-15,lost,,2026-01-07
LD010449,CMP0032,2025-12-16,NEW ,,
LD010450,CMP0032,2025-12-16,qualified,,
LD010451,CMP0032,2025-12-16,new,,
LD010452,CMP0032,2025-12-16,NEW ,,
LD010453,CMP0032,2025-12-16,New,,
LD010454,CMP0032,2025-12-17,NEW ,,
LD010455,CMP0032,2025-12-17,New,,
LD010456,CMP0032,2025-12-17,qualified,,
LD010457,CMP0032,2025-12-18,lost,,2026-01-24
LD010458,CMP0032,2025-12-18,Qualified,,
LD010459,CMP0032,2025-12-18,lost,,2026-01-25
LD010460,CMP0032,2025-12-18,New,,
LD010461,CMP0032,2025-12-19,Qualified,,
LD010462,CMP0032,2025-12-20,lost,,2026-02-01
LD010463,CMP0032,2025-12-20,proposal ,,
LD010464,CMP0032,2025-12-20,NEW ,,
LD010465,CMP0032,2025-12-21,Won,33500.0,2026-02-02
LD010466,CMP0032,2025-12-21,lost,,2026-01-28
LD010467,CMP0032,2025-12-21,New,,
LD010468,CMP0032,2025-12-22,NEW ,,
LD010469,CMP0032,2025-12-23,NEW ,,
LD010470,CMP0032,2025-12-23,NEW ,,
LD010471,CMP0032,2025-12-24,Proposal,,
LD010472,CMP0032,2025-12-24,Lost,,2026-01-16
LD010473,CMP0032,2025-12-24,Lost,,2026-01-17
LD010474,CMP0032,2025-12-24,qualified,,
LD010475,CMP0032,2025-12-25,Qualified,,
LD010476,CMP0032,2025-12-25,New,,
LD010477,CMP0032,2025-12-26,new,,
LD010478,CMP0032,2025-12-26,Lost,,2026-01-06
LD010479,CMP0032,2025-12-27,NEW ,,
LD010480,CMP0032,2025-12-27,LOST,,2026-01-16
LD010481,CMP0032,2025-12-27,new,,
LD010482,CMP0032,2025-12-29,NEW ,,
LD010483,CMP0032,2025-12-29,NEW ,,
LD010484,CMP0032,2025-12-30,lost,,2026-01-10
LD010485,CMP0032,2025-12-30,lost,,2026-01-16
LD010486,CMP0032,2025-12-31,lost,,2026-01-20
LD010487,CMP0032,2025-12-31,LOST,,2026-01-26
LD010488,CMP0032,2026-01-01,qualified,,
LD010489,CMP0032,2026-01-02,qualified,,
LD010490,CMP0032,2026-01-02,Lost,,2026-02-15
LD010491,CMP0032,2026-01-03,qualified,,
LD010492,CMP0032,2026-01-03,Lost,,2026-01-22
LD010493,CMP0032,2026-01-04,qualified,,
LD010494,CMP0032,2026-01-05,new,,
LD010495,CMP0032,2026-01-05,LOST,,2026-01-21
LD010496,CMP0032,2026-01-05,Qualified,,
LD010497,CMP0032,2026-01-05,qualified,,
LD010498,CMP0032,2026-01-05,qualified,,
LD010499,CMP0032,2026-01-05,NEW ,,
LD010500,CMP0032,2026-01-06,Lost,,2026-01-16
LD010501,CMP0032,2026-01-06,qualified,,
LD010502,CMP0032,2026-01-07,Won,23800.0,2026-02-21
LD010503,CMP0032,2026-01-07,Qualified,,
LD010504,CMP0032,2026-01-07,proposal ,,
LD010505,CMP0032,2026-01-07,proposal ,,
LD010506,CMP0032,2026-01-07,Qualified,,
LD010507,CMP0032,2026-01-08,Proposal,,
LD010508,CMP0032,2026-01-09,new,,
LD010509,CMP0032,2026-01-09,new,,
LD010510,CMP0032,2026-01-10,lost,,2026-02-19
LD010511,CMP0032,2026-01-10,qualified,,
LD010512,CMP0032,2026-01-12,qualified,,
LD010513,CMP0032,2026-01-12,New,,
LD010514,CMP0032,2026-01-13,New,,
LD010515,CMP0032,2026-01-13,LOST,,2026-01-29
LD010516,CMP0032,2026-01-14,NEW ,,
LD010517,CMP0032,2026-01-14,new,,
LD010518,CMP0032,2026-01-14,LOST,,2026-01-31
LD010519,CMP0032,2026-01-15,Qualified,,
LD010520,CMP0032,2026-01-15,lost,,2026-01-31
LD010521,CMP0032,2026-01-15,NEW ,,
LD010522,CMP0032,2026-01-15,New,,
LD010523,CMP0032,2026-01-15,New,,
LD010524,CMP0032,2026-01-16,NEW ,,
LD010525,CMP0032,2026-01-16,NEW ,,
LD010526,CMP0032,2026-01-16,qualified,,
LD010527,CMP0032,2026-01-16,Qualified,,
LD010528,CMP0032,2026-01-17,Qualified,,
LD010529,CMP0032,2026-01-17,LOST,,2026-02-01
LD010530,CMP0032,2026-01-17,NEW ,,
LD010531,CMP0032,2026-01-18,New,,
LD010532,CMP0032,2026-01-19,new,,
LD010533,CMP0032,2026-01-20,Qualified,,
LD010534,CMP0032,2026-01-20,new,,
LD010535,CMP0032,2026-01-21,Lost,,2026-01-30
LD010536,CMP0032,2026-01-21,new,,
LD010537,CMP0032,2026-01-21,Qualified,,
LD010538,CMP0032,2026-01-22,Qualified,,
LD010539,CMP0032,2026-01-22,new,,
LD010540,CMP0032,2026-01-23,Lost,,2026-02-15
LD010541,CMP0032,2026-01-23,New,,
LD010542,CMP0032,2026-01-23,new,,
LD010543,CMP0032,2026-01-23,qualified,,
LD010544,CMP0032,2026-01-23,LOST,,2026-02-27
LD010545,CMP0032,2026-01-23,New,,
LD010546,CMP0032,2026-01-24,Lost,,2026-02-11
LD010547,CMP0032,2026-01-24,NEW ,,
LD010548,CMP0032,2026-01-25,lost,,2026-02-27
LD010549,CMP0032,2026-01-25,New,,
LD010550,CMP0032,2026-01-26,new,,
LD010551,CMP0032,2026-01-26,New,,
LD010552,CMP0032,2026-01-26,new,,
LD010553,CMP0032,2026-01-27,LOST,,2026-02-21
LD010554,CMP0032,2026-01-29,NEW ,,
LD010555,CMP0032,2026-01-29,Lost,,2026-02-07
LD010556,CMP0032,2026-01-29,lost,,2026-02-27
LD010557,CMP0032,2026-01-29,qualified,,
LD010558,CMP0032,2026-01-30,NEW ,,
LD010559,CMP0032,2026-01-30,WON,27700.0,2026-03-16
LD010560,CMP0032,2026-01-31,qualified,,
LD010561,CMP0032,2026-01-31,NEW ,,
LD010562,CMP0032,2026-02-03,Proposal,,
LD010563,CMP0032,2026-02-03,Qualified,,
LD010564,CMP0032,2026-02-03,lost,,2026-02-20
LD010565,CMP0032,2026-02-04,Qualified,,
LD010566,CMP0032,2026-02-05,LOST,,2026-02-26
LD010567,CMP0032,2026-02-05,NEW ,,
LD010568,CMP0032,2026-02-05,lost,,2026-02-26
LD010569,CMP0032,2026-02-05,new,,
LD010570,CMP0032,2026-02-06,LOST,,2026-03-13
LD010571,CMP0032,2026-02-06,Lost,,2026-02-23
LD010572,CMP0032,2026-02-06,new,,
LD010573,CMP0032,2026-02-06,new,,
LD010574,CMP0032,2026-02-07,lost,,2026-03-02
LD010575,CMP0032,2026-02-07,LOST,,2026-02-24
LD010576,CMP0032,2026-02-07,NEW ,,
LD010577,CMP0032,2026-02-09,qualified,,
LD010578,CMP0032,2026-02-09,qualified,,
LD010579,CMP0032,2026-02-09,Qualified,,
LD010580,CMP0032,2026-02-09,NEW ,,
LD010581,CMP0032,2026-02-10,LOST,,2026-03-21
LD010582,CMP0032,2026-02-10,new,,
LD010583,CMP0032,2026-02-10,Lost,,2026-03-23
LD010584,CMP0032,2026-02-10,new,,
LD010585,CMP0032,2026-02-11,Proposal,,
LD010586,CMP0032,2026-02-11,new,,
LD010587,CMP0032,2026-02-11,NEW ,,
LD010588,CMP0032,2026-02-12,Qualified,,
LD010589,CMP0032,2026-02-12,lost,,2026-02-19
LD010590,CMP0032,2026-02-12,LOST,,2026-03-03
LD010591,CMP0032,2026-02-13,qualified,,
LD010592,CMP0032,2026-02-13,LOST,,2026-03-10
LD010593,CMP0032,2026-02-13,Qualified,,
LD010594,CMP0032,2026-02-13,New,,
LD010595,CMP0032,2026-02-14,Lost,,2026-03-28
LD010596,CMP0032,2026-02-14,Lost,,2026-03-20
LD010597,CMP0032,2026-02-15,WON,36300.0,2026-04-11
LD010598,CMP0032,2026-02-16,Qualified,,
LD010599,CMP0032,2026-02-16,lost,,2026-03-11
LD010600,CMP0032,2026-02-16,Won,36900.0,2026-03-31
LD010601,CMP0032,2026-02-16,Lost,,2026-03-30
LD010602,CMP0032,2026-02-16,New,,
LD010603,CMP0032,2026-02-16,NEW ,,
LD010604,CMP0032,2026-02-17,New,,
LD010605,CMP0032,2026-02-17,qualified,,
LD010606,CMP0032,2026-02-17,Qualified,,
LD010607,CMP0032,2026-02-18,Lost,,2026-03-06
LD010608,CMP0032,2026-02-19,Qualified,,
LD010609,CMP0032,2026-02-19,qualified,,
LD010610,CMP0032,2026-02-19,NEW ,,
LD010611,CMP0032,2026-02-20,proposal ,,
LD010612,CMP0032,2026-02-20,proposal ,,
LD010613,CMP0032,2026-02-20,New,,
LD010614,CMP0032,2026-02-20,qualified,,
LD010615,CMP0032,2026-02-20,qualified,,
LD010616,CMP0032,2026-02-21,Proposal,,
LD010617,CMP0032,2026-02-21,Lost,,2026-04-06
LD010618,CMP0032,2026-02-21,NEW ,,
LD010619,CMP0032,2026-02-21,NEW ,,
LD010620,CMP0032,2026-02-21,NEW ,,
LD010621,CMP0032,2026-02-22,LOST,,2026-03-25
LD010622,CMP0032,2026-02-22,lost,,2026-03-10
LD010623,CMP0032,2026-02-22,new,,
LD010624,CMP0032,2026-02-22,new,,
LD010625,CMP0032,2026-02-22,lost,,2026-03-05
LD010626,CMP0032,2026-02-22,lost,,2026-03-22
LD010627,CMP0032,2026-02-24,Qualified,,
LD010628,CMP0032,2026-02-24,lost,,2026-03-13
LD010629,CMP0032,2026-02-25,NEW ,,
LD010630,CMP0032,2026-02-25,NEW ,,
LD010631,CMP0032,2026-02-26,qualified,,
LD010632,CMP0032,2026-02-26,NEW ,,
LD010633,CMP0032,2026-02-27,new,,
LD010634,CMP0032,2026-02-27,lost,,2026-04-01
LD010635,CMP0032,2026-02-28,new,,
LD010636,CMP0032,2026-02-28,Lost,,2026-03-28
LD010637,CMP0032,2026-03-02,Qualified,,
LD010638,CMP0032,2026-03-02,New,,
LD010639,CMP0032,2026-03-02,qualified,,
LD010640,CMP0032,2026-03-02,LOST,,2026-03-16
LD010641,CMP0032,2026-03-03,Qualified,,
LD010642,CMP0032,2026-03-03,NEW ,,
LD010643,CMP0032,2026-03-03,qualified,,
LD010644,CMP0032,2026-03-04,NEW ,,
LD010645,CMP0032,2026-03-04,Lost,,2026-04-09
LD010646,CMP0032,2026-03-04,Qualified,,
LD010647,CMP0032,2026-03-05,NEW ,,
LD010648,CMP0032,2026-03-06,New,,
LD010649,CMP0032,2026-03-06,Lost,,2026-03-31
LD010650,CMP0032,2026-03-07,Qualified,,
LD010651,CMP0032,2026-03-07,Lost,,2026-04-17
LD010652,CMP0032,2026-03-07,Qualified,,
LD010653,CMP0032,2026-03-08,NEW ,,
LD010654,CMP0032,2026-03-09,lost,,2026-03-27
LD010655,CMP0032,2026-03-10,new,,
LD010656,CMP0032,2026-03-10,Lost,,2026-03-27
LD010657,CMP0032,2026-03-11,Qualified,,
LD010658,CMP0032,2026-03-11,NEW ,,
LD010659,CMP0032,2026-03-11,lost,,2026-04-14
LD010660,CMP0032,2026-03-11,qualified,,
LD010661,CMP0032,2026-03-13,Qualified,,
LD010662,CMP0032,2026-03-14,Proposal,,
LD010663,CMP0032,2026-03-14,LOST,,2026-03-22
LD010664,CMP0032,2026-03-16,Lost,,2026-04-25
LD010665,CMP0032,2026-03-16,New,,
LD010666,CMP0032,2026-03-16,Qualified,,
LD010667,CMP0032,2026-03-17,qualified,,
LD010668,CMP0032,2026-03-17,Won,33500.0,2026-04-14
LD010669,CMP0032,2026-03-17,won,47600.0,2026-05-06
LD010670,CMP0032,2026-03-18,proposal ,,
LD010671,CMP0032,2026-03-19,qualified,,
LD010672,CMP0032,2026-03-19,NEW ,,
LD010673,CMP0032,2026-03-19,LOST,,2026-03-31
LD010674,CMP0032,2026-03-20,new,,
LD010675,CMP0032,2026-03-20,Proposal,,
LD010676,CMP0032,2026-03-20,Lost,,2026-05-03
LD010677,CMP0032,2026-03-21,lost,,2026-05-01
LD010678,CMP0032,2026-03-23,Lost,,2026-05-04
LD010679,CMP0032,2026-03-23,lost,,2026-04-30
LD010680,CMP0032,2026-03-23,NEW ,,
LD010681,CMP0032,2026-03-23,NEW ,,
LD010682,CMP0032,2026-03-23,New,,
LD010683,CMP0032,2026-03-24,NEW ,,
LD010684,CMP0032,2026-03-24,Won ,73400.0,2026-04-20
LD010685,CMP0032,2026-03-24,Lost,,2026-04-05
LD010686,CMP0032,2026-03-24,Proposal,,
LD010687,CMP0032,2026-03-25,Lost,,2026-05-07
LD010688,CMP0032,2026-03-26,NEW ,,
LD010689,CMP0032,2026-03-27,Qualified,,
LD010690,CMP0032,2026-03-27,new,,
LD010691,CMP0032,2026-03-28,Lost,,2026-04-04
LD010692,CMP0032,2026-03-29,new,,
LD010693,CMP0032,2026-03-30,proposal ,,
LD010694,CMP0032,2026-03-30,NEW ,,
LD010695,CMP0032,2026-03-31,qualified,,
LD010696,CMP0032,2026-03-31,qualified,,
LD010697,CMP0032,2026-04-01,NEW ,,
LD010698,CMP0032,2026-04-01,new,,
LD010699,CMP0033,2026-03-20,Qualified,,
LD010700,CMP0033,2026-03-20,NEW ,,
LD010701,CMP0033,2026-03-20,LOST,,2026-05-03
LD010702,CMP0033,2026-03-20,New,,
LD010703,CMP0033,2026-03-22,New,,
LD010704,CMP0033,2026-03-22,Lost,,2026-04-14
LD010705,CMP0033,2026-03-22,new,,
LD010706,CMP0033,2026-03-22,Lost,,2026-04-06
LD010707,CMP0033,2026-03-23,Proposal,,
LD010708,CMP0033,2026-03-23,New,,
LD010709,CMP0033,2026-03-23,New,,
LD010710,CMP0033,2026-03-23,WON,47900.0,2026-05-15
LD010711,CMP0033,2026-03-23,Proposal,,
LD010712,CMP0033,2026-03-24,New,,
LD010713,CMP0033,2026-03-26,new,,
LD010714,CMP0033,2026-03-26,Proposal,,
LD010715,CMP0033,2026-03-26,qualified,,
LD010716,CMP0033,2026-03-26,lost,,2026-04-07
LD010717,CMP0033,2026-03-27,Lost,,2026-05-07
LD010718,CMP0033,2026-03-28,Qualified,,
LD010719,CMP0033,2026-03-28,Won,37800.0,2026-04-20
LD010720,CMP0033,2026-03-28,qualified,,
LD010721,CMP0033,2026-03-28,qualified,,
LD010722,CMP0033,2026-03-28,lost,,2026-04-09
LD010723,CMP0033,2026-03-28,NEW ,,
LD010724,CMP0033,2026-03-29,NEW ,,
LD010725,CMP0033,2026-03-29,lost,,2026-05-10
LD010726,CMP0033,2026-03-30,Proposal,,
LD010727,CMP0033,2026-03-30,new,,
LD010728,CMP0033,2026-03-30,new,,
LD010729,CMP0033,2026-03-30,LOST,,2026-04-27
LD010730,CMP0033,2026-03-31,NEW ,,
LD010731,CMP0033,2026-03-31,new,,
LD010732,CMP0033,2026-03-31,qualified,,
LD010733,CMP0033,2026-03-31,Qualified,,
LD010734,CMP0033,2026-04-01,Qualified,,
LD010735,CMP0033,2026-04-01,LOST,,2026-04-16
LD010736,CMP0033,2026-04-01,lost,,2026-04-12
LD010737,CMP0033,2026-04-02,NEW ,,
LD010738,CMP0033,2026-04-02,LOST,,2026-04-10
LD010739,CMP0033,2026-04-02,Qualified,,
LD010740,CMP0033,2026-04-02,new,,
LD010741,CMP0033,2026-04-02,qualified,,
LD010742,CMP0033,2026-04-02,NEW ,,
LD010743,CMP0033,2026-04-02,proposal ,,
LD010744,CMP0033,2026-04-02,Proposal,,
LD010745,CMP0033,2026-04-03,qualified,,
LD010746,CMP0033,2026-04-03,qualified,,
LD010747,CMP0033,2026-04-04,qualified,,
LD010748,CMP0033,2026-04-04,lost,,2026-04-11
LD010749,CMP0033,2026-04-04,lost,,2026-04-12
LD010750,CMP0033,2026-04-05,qualified,,
LD010751,CMP0033,2026-04-05,NEW ,,
LD010752,CMP0033,2026-04-06,new,,
LD010753,CMP0033,2026-04-07,NEW ,,
LD010754,CMP0033,2026-04-07,Qualified,,
LD010755,CMP0033,2026-04-07,Qualified,,
LD010756,CMP0033,2026-04-08,Qualified,,
LD010757,CMP0033,2026-04-09,Qualified,,
LD010758,CMP0033,2026-04-09,NEW ,,
LD010759,CMP0033,2026-04-09,NEW ,,
LD010760,CMP0033,2026-04-09,lost,,2026-04-27
LD010761,CMP0033,2026-04-09,New,,
LD010762,CMP0033,2026-04-10,Qualified,,
LD010763,CMP0033,2026-04-10,New,,
LD010764,CMP0033,2026-04-10,New,,
LD010765,CMP0033,2026-04-12,New,,
LD010766,CMP0033,2026-04-13,lost,,2026-05-09
LD010767,CMP0033,2026-04-13,lost,,2026-05-25
LD010768,CMP0033,2026-04-13,New,,
LD010769,CMP0033,2026-04-14,qualified,,
LD010770,CMP0033,2026-04-14,NEW ,,
LD010771,CMP0033,2026-04-15,Lost,,2026-05-17
LD010772,CMP0033,2026-04-16,Qualified,,
LD010773,CMP0033,2026-04-16,lost,,2026-05-07
LD010774,CMP0033,2026-04-16,Lost,,2026-05-17
LD010775,CMP0033,2026-04-17,new,,
LD010776,CMP0033,2026-04-17,Lost,,2026-05-06
LD010777,CMP0033,2026-04-18,NEW ,,
LD010778,CMP0033,2026-04-18,New,,
LD010779,CMP0033,2026-04-19,New,,
LD010780,CMP0033,2026-04-19,qualified,,
LD010781,CMP0033,2026-04-19,Lost,,2026-05-20
LD010782,CMP0033,2026-04-19,Lost,,2026-05-05
LD010783,CMP0033,2026-04-20,New,,
LD010784,CMP0033,2026-04-20,Won ,52400.0,2026-06-16
LD010785,CMP0033,2026-04-20,New,,
LD010786,CMP0033,2026-04-20,NEW ,,
LD010787,CMP0033,2026-04-21,qualified,,
LD010788,CMP0033,2026-04-21,NEW ,,
LD010789,CMP0033,2026-04-21,qualified,,
LD010790,CMP0033,2026-04-21,LOST,,2026-06-01
LD010791,CMP0033,2026-04-21,New,,
LD010792,CMP0033,2026-04-22,Qualified,,
LD010793,CMP0033,2026-04-23,Lost,,2026-05-12
LD010794,CMP0033,2026-04-23,Lost,,2026-05-06
LD010795,CMP0033,2026-04-24,Lost,,2026-05-17
LD010796,CMP0033,2026-04-25,Lost,,2026-05-02
LD010797,CMP0033,2026-04-25,qualified,,
LD010798,CMP0033,2026-04-25,lost,,2026-05-17
LD010799,CMP0033,2026-04-25,WON,40600.0,2026-06-14
LD010800,CMP0033,2026-04-25,LOST,,2026-05-27
LD010801,CMP0033,2026-04-26,LOST,,2026-05-23
LD010802,CMP0033,2026-04-26,New,,
LD010803,CMP0033,2026-04-27,lost,,2026-05-17
LD010804,CMP0033,2026-04-27,lost,,2026-05-11
LD010805,CMP0033,2026-04-27,proposal ,,
LD010806,CMP0033,2026-04-28,New,,
LD010807,CMP0033,2026-04-28,New,,
LD010808,CMP0033,2026-04-28,new,,
LD010809,CMP0033,2026-04-28,Qualified,,
LD010810,CMP0033,2026-04-28,Qualified,,
LD010811,CMP0033,2026-04-29,New,,
LD010812,CMP0033,2026-04-29,lost,,2026-06-02
LD010813,CMP0033,2026-04-29,Lost,,2026-05-11
LD010814,CMP0033,2026-04-29,NEW ,,
LD010815,CMP0033,2026-04-29,New,,
LD010816,CMP0033,2026-04-29,Lost,,2026-06-04
LD010817,CMP0033,2026-04-30,NEW ,,
LD010818,CMP0033,2026-04-30,new,,
LD010819,CMP0033,2026-05-01,won,18700.0,2026-05-25
LD010820,CMP0033,2026-05-01,Proposal,,
LD010821,CMP0033,2026-05-01,lost,,2026-05-16
LD010822,CMP0033,2026-05-01,Lost,,2026-06-01
LD010823,CMP0033,2026-05-01,NEW ,,
LD010824,CMP0033,2026-05-01,new,,
LD010825,CMP0033,2026-05-01,NEW ,,
LD010826,CMP0033,2026-05-01,qualified,,
LD010827,CMP0033,2026-05-01,new,,
LD010828,CMP0033,2026-05-02,lost,,2026-05-26
LD010829,CMP0033,2026-05-02,NEW ,,
LD010830,CMP0033,2026-05-02,LOST,,2026-06-11
LD010831,CMP0033,2026-05-03,NEW ,,
LD010832,CMP0033,2026-05-04,Lost,,2026-06-07
LD010833,CMP0033,2026-05-04,qualified,,
LD010834,CMP0033,2026-05-05,Won,36600.0,2026-05-19
LD010835,CMP0033,2026-05-05,new,,
LD010836,CMP0033,2026-05-05,LOST,,2026-05-20
LD010837,CMP0033,2026-05-05,lost,,2026-06-05
LD010838,CMP0033,2026-05-05,new,,
LD010839,CMP0033,2026-05-05,lost,,2026-06-01
LD010840,CMP0033,2026-05-05,Lost,,2026-06-10
LD010841,CMP0033,2026-05-06,qualified,,
LD010842,CMP0033,2026-05-06,lost,,2026-05-18
LD010843,CMP0033,2026-05-06,Lost,,2026-06-08
LD010844,CMP0033,2026-05-07,Proposal,,
LD010845,CMP0033,2026-05-07,new,,
LD010846,CMP0033,2026-05-08,lost,,2026-06-16
LD010847,CMP0033,2026-05-08,Lost,,2026-05-24
LD010848,CMP0033,2026-05-08,Qualified,,
LD010849,CMP0033,2026-05-09,Qualified,,
LD010850,CMP0033,2026-05-09,Qualified,,
LD010851,CMP0033,2026-05-09,qualified,,
LD010852,CMP0033,2026-05-10,lost,,2026-06-17
LD010853,CMP0033,2026-05-10,Qualified,,
LD010854,CMP0033,2026-05-11,new,,
LD010855,CMP0033,2026-05-11,LOST,,2026-05-19
LD010856,CMP0033,2026-05-11,Lost,,2026-06-20
LD010857,CMP0033,2026-05-12,Proposal,,
LD010858,CMP0033,2026-05-12,Proposal,,
LD010859,CMP0033,2026-05-12,lost,,2026-05-26
LD010860,CMP0033,2026-05-12,LOST,,2026-06-05
LD010861,CMP0033,2026-05-12,lost,,2026-06-23
LD010862,CMP0033,2026-05-12,Lost,,2026-06-16
LD010863,CMP0033,2026-05-12,Qualified,,
LD010864,CMP0033,2026-05-13,lost,,2026-06-14
LD010865,CMP0033,2026-05-13,lost,,2026-06-19
LD010866,CMP0033,2026-05-14,Lost,,2026-05-28
LD010867,CMP0033,2026-05-14,New,,
LD010868,CMP0033,2026-05-14,NEW ,,
LD010869,CMP0033,2026-05-14,New,,
LD010870,CMP0033,2026-05-14,lost,,2026-06-14
LD010871,CMP0033,2026-05-14,New,,
LD010872,CMP0033,2026-05-14,NEW ,,
LD010873,CMP0033,2026-05-15,lost,,2026-05-25
LD010874,CMP0033,2026-05-15,Lost,,2026-06-07
LD010875,CMP0033,2026-05-16,lost,,2026-06-04
LD010876,CMP0033,2026-05-16,NEW ,,
LD010877,CMP0033,2026-05-17,new,,
LD010878,CMP0033,2026-05-17,proposal ,,
LD010879,CMP0033,2026-05-17,Proposal,,
LD010880,CMP0033,2026-05-17,qualified,,
LD010881,CMP0033,2026-05-17,LOST,,2026-05-25
LD010882,CMP0033,2026-05-18,Qualified,,
LD010883,CMP0033,2026-05-18,qualified,,
LD010884,CMP0033,2026-05-18,proposal ,,
LD010885,CMP0033,2026-05-19,new,,
LD010886,CMP0033,2026-05-19,qualified,,
LD010887,CMP0033,2026-05-20,NEW ,,
LD010888,CMP0033,2026-05-20,Lost,,2026-06-19
LD010889,CMP0033,2026-05-20,New,,
LD010890,CMP0033,2026-05-21,new,,
LD010891,CMP0033,2026-05-21,New,,
LD010892,CMP0033,2026-05-21,qualified,,
LD010893,CMP0033,2026-05-22,Proposal,,
LD010894,CMP0033,2026-05-22,lost,,2026-06-11
LD010895,CMP0033,2026-05-26,new,,
LD010896,CMP0033,2026-05-26,qualified,,
LD010897,CMP0033,2026-05-26,NEW ,,
LD010898,CMP0033,2026-05-27,Qualified,,
LD010899,CMP0033,2026-05-27,New,,
LD010900,CMP0033,2026-05-27,NEW ,,
LD010901,CMP0033,2026-05-27,New,,
LD010902,CMP0033,2026-05-28,Won ,36300.0,2026-07-10
LD010903,CMP0033,2026-05-28,Qualified,,
LD010904,CMP0033,2026-05-28,Qualified,,
LD010905,CMP0033,2026-05-28,won,43000.0,2026-06-21
LD010906,CMP0033,2026-05-29,Lost,,2026-06-15
LD010907,CMP0033,2026-05-30,qualified,,
LD010908,CMP0033,2026-05-31,new,,
LD010909,CMP0033,2026-05-31,NEW ,,
LD010910,CMP0033,2026-06-01,Proposal,,
LD010911,CMP0033,2026-06-01,lost,,2026-06-15
LD010912,CMP0033,2026-06-01,LOST,,2026-06-17
LD010913,CMP0033,2026-06-02,New,,
LD010914,CMP0033,2026-06-02,Lost,,2026-06-19
LD010915,CMP0033,2026-06-03,qualified,,
LD010916,CMP0033,2026-06-03,NEW ,,
LD010917,CMP0033,2026-06-04,Qualified,,
LD010918,CMP0033,2026-06-04,New,,
LD010919,CMP0033,2026-06-04,Lost,,2026-06-14
LD010920,CMP0033,2026-06-04,qualified,,
LD010921,CMP0033,2026-06-05,LOST,,2026-07-03
LD010922,CMP0033,2026-06-05,Lost,,2026-06-19
LD010923,CMP0033,2026-06-05,LOST,,2026-06-27
LD010924,CMP0033,2026-06-05,qualified,,
LD010925,CMP0033,2026-06-06,Qualified,,
LD010926,CMP0033,2026-06-07,New,,
LD010927,CMP0033,2026-06-07,Lost,,2026-06-18
LD010928,CMP0033,2026-06-07,Lost,,2026-07-21
LD010929,CMP0033,2026-06-07,LOST,,2026-07-01
LD010930,CMP0033,2026-06-07,Proposal,,
LD010931,CMP0033,2026-06-08,New,,
LD010932,CMP0033,2026-06-08,qualified,,
LD010933,CMP0033,2026-06-08,New,,
LD010934,CMP0033,2026-06-08,Qualified,,
LD010935,CMP0033,2026-06-09,Lost,,2026-07-22
LD010936,CMP0033,2026-06-09,Lost,,2026-06-22
LD010937,CMP0033,2026-06-09,Lost,,2026-07-17
LD010938,CMP0033,2026-06-09,qualified,,
LD010939,CMP0033,2026-06-09,qualified,,
LD010940,CMP0033,2026-06-09,Lost,,2026-07-13
LD010941,CMP0033,2026-06-09,lost,,2026-06-18
LD010942,CMP0033,2026-06-09,New,,
LD010943,CMP0033,2026-06-09,Lost,,2026-07-07
LD010944,CMP0033,2026-06-10,new,,
LD010945,CMP0033,2026-06-11,lost,,2026-06-23
LD010946,CMP0033,2026-06-11,Proposal,,
LD010947,CMP0033,2026-06-11,lost,,2026-07-16
LD010948,CMP0033,2026-06-11,lost,,2026-07-12
LD010949,CMP0033,2026-06-11,qualified,,
LD010950,CMP0033,2026-06-12,LOST,,2026-07-18
LD010951,CMP0033,2026-06-12,Qualified,,
LD010952,CMP0033,2026-06-13,LOST,,2026-07-25
LD010953,CMP0033,2026-06-13,LOST,,2026-07-18
LD010954,CMP0033,2026-06-13,lost,,2026-07-14
LD010955,CMP0033,2026-06-13,Qualified,,
LD010956,CMP0033,2026-06-14,won,20700.0,2026-08-12
LD010957,CMP0033,2026-06-14,won,29100.0,2026-07-20
LD010958,CMP0033,2026-06-14,qualified,,
LD010959,CMP0033,2026-06-14,NEW ,,
LD010960,CMP0033,2026-06-15,new,,
LD010961,CMP0033,2026-06-15,Proposal,,
LD010962,CMP0033,2026-06-16,NEW ,,
LD010963,CMP0033,2026-06-16,Qualified,,
LD010964,CMP0033,2026-06-16,Lost,,2026-07-05
LD010965,CMP0033,2026-06-17,Qualified,,
LD010966,CMP0033,2026-06-17,New,,
LD010967,CMP0033,2026-06-17,qualified,,
LD010968,CMP0033,2026-06-18,lost,,2026-07-23
LD010969,CMP0033,2026-06-18,proposal ,,
LD010970,CMP0033,2026-06-18,proposal ,,
LD010971,CMP0033,2026-06-18,LOST,,2026-07-13
LD010972,CMP0033,2026-06-19,qualified,,
LD010973,CMP0033,2026-06-20,Lost,,2026-07-30
LD010974,CMP0033,2026-06-20,NEW ,,
LD010975,CMP0033,2026-06-21,Lost,,2026-06-29
LD010976,CMP0033,2026-06-21,lost,,2026-07-13
LD010977,CMP0033,2026-06-21,Won,30400.0,2026-08-12
LD010978,CMP0033,2026-06-21,NEW ,,
LD010979,CMP0033,2026-06-22,LOST,,2026-07-01
LD010980,CMP0033,2026-06-22,Lost,,2026-07-23
LD010981,CMP0033,2026-06-22,Qualified,,
LD010982,CMP0033,2026-06-23,NEW ,,
LD010983,CMP0033,2026-06-23,Lost,,2026-08-02
LD010984,CMP0033,2026-06-24,new,,
LD010985,CMP0033,2026-06-24,NEW ,,
LD010986,CMP0033,2026-06-25,Lost,,2026-08-04
LD010987,CMP0033,2026-06-25,New,,
LD010988,CMP0033,2026-06-25,new,,
LD010989,CMP0033,2026-06-25,Proposal,,
LD010990,CMP0033,2026-06-25,New,,
LD010991,CMP0033,2026-06-26,Qualified,,
LD010992,CMP0033,2026-06-26,New,,
LD010993,CMP0033,2026-06-26,new,,
LD010994,CMP0033,2026-06-26,Lost,,2026-07-24
LD010995,CMP0033,2026-06-27,Qualified,,
LD010996,CMP0033,2026-06-27,LOST,,2026-07-21
LD010997,CMP0033,2026-06-27,LOST,,2026-07-27
LD010998,CMP0033,2026-06-27,Qualified,,
LD010999,CMP0033,2026-06-28,WON,41400.0,2026-07-23
LD011000,CMP0033,2026-06-28,New,,
LD011001,CMP0033,2026-06-29,Lost,,2026-07-11
LD011002,CMP0033,2026-06-30,new,,
LD011003,CMP0033,2026-06-30,qualified,,
LD011004,CMP0033,2026-07-01,LOST,,2026-07-29
LD011005,CMP0033,2026-07-01,LOST,,2026-07-26
LD011006,CMP0033,2026-07-01,Lost,,2026-08-11
LD011007,CMP0033,2026-07-01,WON,32700.0,2026-08-19
LD011008,CMP0033,2026-07-01,LOST,,2026-07-28
LD011009,CMP0033,2026-07-01,LOST,,2026-07-22
LD011010,CMP0033,2026-07-01,won,33500.0,2026-08-10
LD011011,CMP0033,2026-07-02,Won,20000.0,2026-08-03
LD011012,CMP0033,2026-07-02,NEW ,,
LD011013,CMP0033,2026-07-02,LOST,,2026-08-09
LD011014,CMP0033,2026-07-02,Qualified,,
LD011015,CMP0033,2026-07-02,LOST,,2026-08-02
LD011016,CMP0033,2026-07-02,lost,,2026-07-12
LD011017,CMP0033,2026-07-03,qualified,,
LD011018,CMP0033,2026-07-03,new,,
LD011019,CMP0033,2026-07-03,qualified,,
LD011020,CMP0033,2026-07-03,qualified,,
LD011021,CMP0033,2026-07-03,qualified,,
LD011022,CMP0033,2026-07-03,Qualified,,
LD011023,CMP0033,2026-07-03,Proposal,,
LD011024,CMP0033,2026-07-03,qualified,,
LD011025,CMP0033,2026-07-03,new,,
LD011026,CMP0033,2026-07-03,Qualified,,
LD011027,CMP0033,2026-07-03,qualified,,
LD011028,CMP0033,2026-07-04,Qualified,,
LD011029,CMP0033,2026-07-04,Qualified,,
LD011030,CMP0033,2026-07-04,Qualified,,
LD011031,CMP0033,2026-07-05,NEW ,,
LD011032,CMP0033,2026-07-05,Qualified,,
LD011033,CMP0033,2026-07-06,New,,
LD011034,CMP0033,2026-07-06,qualified,,
LD011035,CMP0033,2026-07-06,qualified,,
LD011036,CMP0033,2026-07-06,Qualified,,
LD011037,CMP0033,2026-07-06,New,,
LD011038,CMP0033,2026-07-06,qualified,,
LD011039,CMP0033,2026-07-07,NEW ,,
LD011040,CMP0033,2026-07-07,qualified,,
LD011041,CMP0033,2026-07-07,Qualified,,
LD011042,CMP0033,2026-07-08,NEW ,,
LD011043,CMP0033,2026-07-08,qualified,,
LD011044,CMP0033,2026-07-08,new,,
LD011045,CMP0033,2026-07-09,Qualified,,
LD011046,CMP0033,2026-07-09,New,,
LD011047,CMP0033,2026-07-09,qualified,,
LD011048,CMP0033,2026-07-09,qualified,,
LD011049,CMP0033,2026-07-09,New,,
LD011050,CMP0033,2026-07-10,qualified,,
LD011051,CMP0033,2026-07-10,qualified,,
LD011052,CMP0033,2026-07-10,NEW ,,
LD011053,CMP0033,2026-07-10,NEW ,,
LD011054,CMP0033,2026-07-11,new,,
LD011055,CMP0033,2026-07-13,proposal ,,
LD011056,CMP0033,2026-07-13,NEW ,,
LD011057,CMP0033,2026-07-13,new,,
LD011058,CMP0033,2026-07-13,New,,
LD011059,CMP0033,2026-07-13,New,,
LD011060,CMP0033,2026-07-13,Qualified,,
LD011061,CMP0033,2026-07-13,Qualified,,
LD011062,CMP0033,2026-07-14,qualified,,
LD011063,CMP0033,2026-07-14,qualified,,
LD011064,CMP0033,2026-07-15,NEW ,,
LD011065,CMP0033,2026-07-15,Qualified,,
LD011066,CMP0033,2026-07-16,qualified,,
LD011067,CMP0033,2026-07-16,qualified,,
LD011068,CMP0033,2026-07-16,qualified,,
LD011069,CMP0033,2026-07-16,qualified,,
LD011070,CMP0033,2026-07-16,New,,
LD011071,CMP0033,2026-07-16,qualified,,
LD011072,CMP0033,2026-07-17,qualified,,
LD011073,CMP0033,2026-07-18,New,,
LD011074,CMP0033,2026-07-18,NEW ,,
LD011075,CMP0033,2026-07-18,qualified,,
LD011076,CMP0033,2026-07-19,new,,
LD011077,CMP0033,2026-07-19,Qualified,,
LD011078,CMP0033,2026-07-19,Qualified,,
LD011079,CMP0033,2026-07-19,New,,
LD011080,CMP0033,2026-07-19,new,,
LD011081,CMP0033,2026-07-19,qualified,,
LD011082,CMP0033,2026-07-19,Qualified,,
LD011083,CMP0033,2026-07-19,Qualified,,
LD011084,CMP0033,2026-07-20,new,,
LD011085,CMP0033,2026-07-20,NEW ,,
LD011086,CMP0033,2026-07-20,qualified,,
LD011087,CMP0033,2026-07-21,Qualified,,
LD011088,CMP0033,2026-07-21,New,,
LD011089,CMP0033,2026-07-21,qualified,,
LD011090,CMP0033,2026-07-21,Qualified,,
LD011091,CMP0033,2026-07-21,Qualified,,
LD011092,CMP0033,2026-07-22,Qualified,,
LD011093,CMP0033,2026-07-22,New,,
LD011094,CMP0033,2026-07-22,Proposal,,
LD011095,CMP0033,2026-07-23,Qualified,,
LD011096,CMP0033,2026-07-24,Proposal,,
LD011097,CMP0033,2026-07-24,new,,
LD011098,CMP0033,2026-07-24,Qualified,,
LD011099,CMP0033,2026-07-24,Proposal,,
